2026-09-12T23:50:41 START    governor pid 36196 ceiling=93.0% hard=95.0%/15s low=88.0%/60s sample=5s max_amber=2
2026-09-12T23:50:41 SAMPLE   ram=67.4% (11.29GB used, 5.46GB free) cpu=0.0% jobs=0 amber=0 queued=0 lanes=0
2026-09-12T23:50:41 WARN     0 lanes recorded in lanes.json; the campaign requires 4-8
2026-09-12T23:51:41 SAMPLE   ram=67.2% (11.26GB used, 5.49GB free) cpu=9.0% jobs=0 amber=0 queued=0 lanes=0
2026-09-12T23:52:41 SAMPLE   ram=67.0% (11.22GB used, 5.53GB free) cpu=9.8% jobs=0 amber=0 queued=0 lanes=0
2026-09-12T23:53:41 SAMPLE   ram=67.2% (11.26GB used, 5.49GB free) cpu=7.2% jobs=0 amber=0 queued=0 lanes=0
2026-09-12T23:54:41 SAMPLE   ram=66.8% (11.19GB used, 5.55GB free) cpu=6.9% jobs=0 amber=0 queued=0 lanes=0
2026-09-12T23:55:41 SAMPLE   ram=66.7% (11.18GB used, 5.57GB free) cpu=7.4% jobs=0 amber=0 queued=0 lanes=0
2026-09-12T23:56:41 SAMPLE   ram=66.9% (11.21GB used, 5.54GB free) cpu=7.5% jobs=0 amber=0 queued=0 lanes=0
2026-09-12T23:57:41 SAMPLE   ram=66.7% (11.18GB used, 5.57GB free) cpu=8.0% jobs=0 amber=0 queued=0 lanes=0
2026-09-12T23:58:41 SAMPLE   ram=66.6% (11.15GB used, 5.60GB free) cpu=6.8% jobs=0 amber=0 queued=0 lanes=0
2026-09-12T23:59:41 SAMPLE   ram=67.1% (11.24GB used, 5.51GB free) cpu=8.4% jobs=0 amber=0 queued=0 lanes=0
2026-09-13T00:00:41 SAMPLE   ram=66.2% (11.08GB used, 5.67GB free) cpu=8.4% jobs=0 amber=0 queued=0 lanes=0
2026-09-13T00:00:41 WARN     0 lanes recorded in lanes.json; the campaign requires 4-8
2026-09-13T00:01:41 SAMPLE   ram=66.5% (11.14GB used, 5.61GB free) cpu=8.7% jobs=0 amber=0 queued=0 lanes=0
2026-09-13T00:02:41 SAMPLE   ram=66.4% (11.13GB used, 5.62GB free) cpu=4.9% jobs=0 amber=0 queued=0 lanes=0
2026-09-13T00:03:41 SAMPLE   ram=66.2% (11.08GB used, 5.67GB free) cpu=6.9% jobs=0 amber=0 queued=0 lanes=4
2026-09-13T00:04:41 SAMPLE   ram=66.3% (11.11GB used, 5.64GB free) cpu=8.0% jobs=0 amber=0 queued=0 lanes=4
2026-09-13T00:05:41 SAMPLE   ram=66.1% (11.07GB used, 5.68GB free) cpu=10.9% jobs=0 amber=0 queued=0 lanes=4
2026-09-13T00:06:41 SAMPLE   ram=66.4% (11.12GB used, 5.63GB free) cpu=10.0% jobs=0 amber=0 queued=0 lanes=4
2026-09-13T00:07:41 SAMPLE   ram=68.3% (11.44GB used, 5.31GB free) cpu=12.1% jobs=0 amber=0 queued=0 lanes=4
2026-09-13T00:08:41 SAMPLE   ram=68.3% (11.45GB used, 5.30GB free) cpu=9.2% jobs=0 amber=0 queued=0 lanes=4
2026-09-13T00:09:41 SAMPLE   ram=68.9% (11.55GB used, 5.20GB free) cpu=7.9% jobs=0 amber=0 queued=0 lanes=4
2026-09-13T00:10:41 SAMPLE   ram=66.7% (11.17GB used, 5.58GB free) cpu=14.9% jobs=0 amber=0 queued=0 lanes=4
2026-09-13T00:11:41 SAMPLE   ram=71.4% (11.96GB used, 4.79GB free) cpu=26.4% jobs=1 amber=0 queued=0 lanes=4
2026-09-13T00:12:26 REAP     e_reproduce (pid 7640) is gone; registration removed
2026-09-13T00:12:41 SAMPLE   ram=73.6% (12.34GB used, 4.42GB free) cpu=56.6% jobs=2 amber=0 queued=0 lanes=4
2026-09-13T00:13:41 SAMPLE   ram=75.7% (12.68GB used, 4.07GB free) cpu=29.3% jobs=1 amber=0 queued=0 lanes=4
2026-09-13T00:14:41 SAMPLE   ram=65.4% (10.96GB used, 5.79GB free) cpu=5.0% jobs=0 amber=0 queued=0 lanes=4
2026-09-13T00:15:41 SAMPLE   ram=64.4% (10.79GB used, 5.96GB free) cpu=6.1% jobs=0 amber=0 queued=0 lanes=4
2026-09-13T00:16:41 SAMPLE   ram=64.7% (10.84GB used, 5.91GB free) cpu=14.1% jobs=0 amber=0 queued=0 lanes=4
2026-09-13T00:17:11 REAP     p_probe_esm (pid 11764) is gone; registration removed
2026-09-13T00:17:36 REAP     p_probe_esmcache (pid 21816) is gone; registration removed
2026-09-13T00:17:41 SAMPLE   ram=64.6% (10.83GB used, 5.92GB free) cpu=13.1% jobs=0 amber=0 queued=0 lanes=4
2026-09-13T00:18:41 SAMPLE   ram=64.6% (10.82GB used, 5.93GB free) cpu=8.7% jobs=0 amber=0 queued=0 lanes=5
2026-09-13T00:19:41 SAMPLE   ram=64.8% (10.86GB used, 5.89GB free) cpu=11.6% jobs=0 amber=0 queued=0 lanes=5
2026-09-13T00:20:41 SAMPLE   ram=64.2% (10.76GB used, 5.99GB free) cpu=19.4% jobs=0 amber=0 queued=0 lanes=5
2026-09-13T00:21:41 SAMPLE   ram=64.6% (10.83GB used, 5.92GB free) cpu=14.0% jobs=0 amber=0 queued=0 lanes=5
2026-09-13T00:22:41 SAMPLE   ram=64.7% (10.84GB used, 5.91GB free) cpu=11.0% jobs=0 amber=0 queued=0 lanes=5
2026-09-13T00:23:41 SAMPLE   ram=64.9% (10.87GB used, 5.88GB free) cpu=19.5% jobs=0 amber=0 queued=0 lanes=5
2026-09-13T00:24:41 SAMPLE   ram=65.2% (10.92GB used, 5.83GB free) cpu=20.5% jobs=0 amber=0 queued=0 lanes=5
2026-09-13T00:25:41 SAMPLE   ram=65.5% (10.98GB used, 5.77GB free) cpu=20.9% jobs=0 amber=0 queued=0 lanes=5
2026-09-13T00:26:41 SAMPLE   ram=65.3% (10.94GB used, 5.81GB free) cpu=6.4% jobs=0 amber=0 queued=0 lanes=5
2026-09-13T00:27:41 SAMPLE   ram=66.5% (11.14GB used, 5.60GB free) cpu=29.1% jobs=1 amber=0 queued=0 lanes=5
2026-09-13T00:27:46 REAP     p_ladder_test (pid 4888) is gone; registration removed
2026-09-13T00:28:21 REAP     precheck_identity_flag (pid 13864) is gone; registration removed
2026-09-13T00:28:26 REAP     precheck_amber_pure (pid 37332) is gone; registration removed
2026-09-13T00:28:31 REAP     precheck_fmt_leaderboard (pid 39360) is gone; registration removed
2026-09-13T00:28:41 SAMPLE   ram=72.7% (12.17GB used, 4.58GB free) cpu=47.5% jobs=1 amber=0 queued=0 lanes=5
2026-09-13T00:29:31 REAP     i_identity_audit (pid 32852) is gone; registration removed
2026-09-13T00:29:41 SAMPLE   ram=74.5% (12.48GB used, 4.27GB free) cpu=62.0% jobs=2 amber=1 queued=0 lanes=5
2026-09-13T00:30:41 SAMPLE   ram=76.6% (12.82GB used, 3.92GB free) cpu=60.7% jobs=3 amber=1 queued=0 lanes=5
2026-09-13T00:31:41 SAMPLE   ram=75.6% (12.66GB used, 4.09GB free) cpu=57.3% jobs=3 amber=1 queued=0 lanes=5
2026-09-13T00:32:21 SUSPEND  q_tests_synthetic3 agent=Q tag=TEST rss=0.07GB
2026-09-13T00:32:26 RESUME   q_tests_synthetic3 agent=Q tag=TEST
2026-09-13T00:32:31 REAP     q_tests_synthetic3 (pid 36336) is gone; registration removed
2026-09-13T00:32:31 SUSPEND  pytest_nanpoison_post_core_edit agent=I tag=TEST rss=1.24GB
2026-09-13T00:32:36 RESUME   pytest_nanpoison_post_core_edit agent=I tag=TEST
2026-09-13T00:32:41 SAMPLE   ram=80.9% (13.55GB used, 3.20GB free) cpu=91.9% jobs=3 amber=1 queued=0 lanes=5
2026-09-13T00:32:51 SUSPEND  pytest_nanpoison_post_core_edit agent=I tag=TEST rss=1.21GB
2026-09-13T00:32:56 RESUME   pytest_nanpoison_post_core_edit agent=I tag=TEST
2026-09-13T00:33:01 SUSPEND  q_probe_1A13 agent=Q tag=CPU rss=0.27GB
2026-09-13T00:33:06 RESUME   q_probe_1A13 agent=Q tag=CPU
2026-09-13T00:33:41 REAP     pytest_nanpoison_post_core_edit (pid 19068) is gone; registration removed
2026-09-13T00:33:41 SAMPLE   ram=72.1% (12.08GB used, 4.67GB free) cpu=64.8% jobs=2 amber=0 queued=0 lanes=5
2026-09-13T00:34:26 REAP     q_probe_1A13 (pid 34852) is gone; registration removed
2026-09-13T00:34:41 SAMPLE   ram=70.1% (11.74GB used, 5.01GB free) cpu=49.2% jobs=1 amber=0 queued=0 lanes=5
2026-09-13T00:35:36 REAP     q_probe_bitforbit3 (pid 24604) is gone; registration removed
2026-09-13T00:35:41 SAMPLE   ram=64.7% (10.84GB used, 5.91GB free) cpu=35.7% jobs=1 amber=1 queued=0 lanes=5
2026-09-13T00:36:31 SUSPEND  i_identity_audit3 agent=I tag=CPU rss=0.05GB
2026-09-13T00:36:36 SUSPEND  q_dla_smoke agent=Q tag=TEST rss=0.17GB
2026-09-13T00:36:41 SAMPLE   ram=66.0% (11.06GB used, 5.69GB free) cpu=45.3% jobs=3 amber=1 queued=0 lanes=5
2026-09-13T00:36:41 RESUME   q_dla_smoke agent=Q tag=TEST
2026-09-13T00:36:46 RESUME   i_identity_audit3 agent=I tag=CPU
2026-09-13T00:36:51 SUSPEND  i_identity_audit3 agent=I tag=CPU rss=0.05GB
2026-09-13T00:36:56 SUSPEND  q_dla_smoke agent=Q tag=TEST rss=0.20GB
2026-09-13T00:37:01 RESUME   q_dla_smoke agent=Q tag=TEST
2026-09-13T00:37:11 SUSPEND  q_dla_smoke agent=Q tag=TEST rss=0.21GB
2026-09-13T00:37:16 RESUME   q_dla_smoke agent=Q tag=TEST
2026-09-13T00:37:21 SUSPEND  q_dla_smoke agent=Q tag=TEST rss=0.24GB
2026-09-13T00:37:26 RESUME   q_dla_smoke agent=Q tag=TEST
2026-09-13T00:37:31 SUSPEND  q_dla_smoke agent=Q tag=TEST rss=0.25GB
2026-09-13T00:37:36 RESUME   q_dla_smoke agent=Q tag=TEST
2026-09-13T00:37:41 SAMPLE   ram=67.1% (11.25GB used, 5.50GB free) cpu=98.7% jobs=5 amber=1 queued=0 lanes=5
2026-09-13T00:37:41 SUSPEND  ph_cis_census agent=PH tag=CPU rss=0.02GB
2026-09-13T00:37:46 SUSPEND  ph_reject_census agent=PH tag=CPU rss=0.07GB
2026-09-13T00:37:51 SUSPEND  q_dla_smoke agent=Q tag=TEST rss=0.35GB
2026-09-13T00:37:56 RESUME   q_dla_smoke agent=Q tag=TEST
2026-09-13T00:38:01 REAP     ph_c3_nativefree (pid 32220) is gone; registration removed
2026-09-13T00:38:01 SUSPEND  q_dla_smoke agent=Q tag=TEST rss=0.20GB
2026-09-13T00:38:06 RESUME   q_dla_smoke agent=Q tag=TEST
2026-09-13T00:38:11 SUSPEND  q_dla_smoke agent=Q tag=TEST rss=0.21GB
2026-09-13T00:38:16 RESUME   q_dla_smoke agent=Q tag=TEST
2026-09-13T00:38:21 SUSPEND  q_dla_smoke agent=Q tag=TEST rss=0.31GB
2026-09-13T00:38:26 RESUME   q_dla_smoke agent=Q tag=TEST
2026-09-13T00:38:31 SUSPEND  q_dla_smoke agent=Q tag=TEST rss=0.31GB
2026-09-13T00:38:36 RESUME   q_dla_smoke agent=Q tag=TEST
2026-09-13T00:38:41 SAMPLE   ram=67.8% (11.36GB used, 5.39GB free) cpu=92.8% jobs=5 amber=1 queued=0 lanes=5
2026-09-13T00:38:46 SUSPEND  q_dla_smoke agent=Q tag=TEST rss=0.32GB
2026-09-13T00:38:51 RESUME   q_dla_smoke agent=Q tag=TEST
2026-09-13T00:38:56 REAP     q_dla_smoke (pid 36172) is gone; registration removed
2026-09-13T00:38:56 RESUME   ph_reject_census agent=PH tag=CPU
2026-09-13T00:39:01 RESUME   ph_cis_census agent=PH tag=CPU
2026-09-13T00:39:06 RESUME   i_identity_audit3 agent=I tag=CPU
2026-09-13T00:39:16 REAP     ph_reject_census (pid 38732) is gone; registration removed
2026-09-13T00:39:26 REAP     i_identity_audit3 (pid 21748) is gone; registration removed
2026-09-13T00:39:41 SAMPLE   ram=65.9% (11.04GB used, 5.71GB free) cpu=27.8% jobs=1 amber=1 queued=0 lanes=5
2026-09-13T00:40:41 SAMPLE   ram=66.4% (11.13GB used, 5.62GB free) cpu=20.3% jobs=1 amber=1 queued=0 lanes=5
2026-09-13T00:41:21 REAP     q_tests_synthetic4 (pid 18672) is gone; registration removed
2026-09-13T00:41:41 SAMPLE   ram=66.5% (11.14GB used, 5.61GB free) cpu=37.2% jobs=1 amber=1 queued=0 lanes=5
2026-09-13T00:42:41 SAMPLE   ram=71.8% (12.02GB used, 4.73GB free) cpu=49.4% jobs=2 amber=1 queued=0 lanes=5
2026-09-13T00:43:41 SAMPLE   ram=68.6% (11.50GB used, 5.25GB free) cpu=32.5% jobs=1 amber=0 queued=0 lanes=5
2026-09-13T00:44:41 SAMPLE   ram=76.3% (12.78GB used, 3.96GB free) cpu=82.5% jobs=2 amber=0 queued=0 lanes=5
2026-09-13T00:45:41 SAMPLE   ram=70.1% (11.74GB used, 5.01GB free) cpu=29.5% jobs=1 amber=0 queued=0 lanes=5
2026-09-13T00:45:56 REAP     pytest_core_post (pid 7236) is gone; registration removed
2026-09-13T00:46:41 SAMPLE   ram=65.2% (10.92GB used, 5.83GB free) cpu=3.4% jobs=0 amber=0 queued=0 lanes=5
2026-09-13T00:47:41 SAMPLE   ram=63.3% (10.61GB used, 6.14GB free) cpu=6.2% jobs=0 amber=0 queued=0 lanes=5
2026-09-13T00:48:41 SAMPLE   ram=63.3% (10.61GB used, 6.14GB free) cpu=5.1% jobs=0 amber=0 queued=0 lanes=5
2026-09-13T00:49:41 SAMPLE   ram=63.0% (10.55GB used, 6.20GB free) cpu=4.4% jobs=0 amber=0 queued=0 lanes=5
2026-09-13T00:50:41 SAMPLE   ram=63.3% (10.60GB used, 6.15GB free) cpu=10.7% jobs=0 amber=0 queued=0 lanes=5
2026-09-13T00:51:41 SAMPLE   ram=62.8% (10.53GB used, 6.22GB free) cpu=9.5% jobs=0 amber=0 queued=0 lanes=5
2026-09-13T00:52:41 SAMPLE   ram=62.8% (10.51GB used, 6.24GB free) cpu=12.6% jobs=0 amber=0 queued=0 lanes=5
2026-09-13T00:53:41 SAMPLE   ram=62.9% (10.54GB used, 6.21GB free) cpu=4.4% jobs=0 amber=0 queued=0 lanes=5
2026-09-13T00:54:41 SAMPLE   ram=63.0% (10.55GB used, 6.20GB free) cpu=11.2% jobs=0 amber=0 queued=0 lanes=5
2026-09-13T00:55:41 SAMPLE   ram=62.4% (10.46GB used, 6.29GB free) cpu=10.0% jobs=0 amber=0 queued=0 lanes=5
2026-09-13T00:56:41 SAMPLE   ram=64.9% (10.86GB used, 5.89GB free) cpu=12.2% jobs=0 amber=0 queued=0 lanes=5
2026-09-13T00:57:41 SAMPLE   ram=64.9% (10.86GB used, 5.89GB free) cpu=13.2% jobs=0 amber=0 queued=0 lanes=5
2026-09-13T00:58:41 SAMPLE   ram=64.8% (10.85GB used, 5.90GB free) cpu=12.0% jobs=0 amber=0 queued=0 lanes=5
2026-09-13T00:59:41 SAMPLE   ram=64.8% (10.85GB used, 5.90GB free) cpu=17.4% jobs=0 amber=0 queued=0 lanes=5
2026-09-13T01:00:41 SAMPLE   ram=66.5% (11.14GB used, 5.60GB free) cpu=22.6% jobs=0 amber=0 queued=0 lanes=5
2026-09-13T01:01:41 SAMPLE   ram=67.2% (11.26GB used, 5.49GB free) cpu=12.3% jobs=0 amber=0 queued=0 lanes=5
2026-09-13T01:02:41 SAMPLE   ram=67.1% (11.23GB used, 5.52GB free) cpu=3.7% jobs=0 amber=0 queued=0 lanes=5
2026-09-13T01:03:41 SAMPLE   ram=67.1% (11.24GB used, 5.50GB free) cpu=10.9% jobs=0 amber=0 queued=0 lanes=5
2026-09-13T01:04:41 SAMPLE   ram=67.1% (11.24GB used, 5.51GB free) cpu=10.4% jobs=0 amber=0 queued=0 lanes=5
2026-09-13T01:05:41 SAMPLE   ram=66.9% (11.20GB used, 5.55GB free) cpu=15.0% jobs=0 amber=0 queued=0 lanes=5
2026-09-13T01:06:41 SAMPLE   ram=66.9% (11.21GB used, 5.54GB free) cpu=10.6% jobs=0 amber=0 queued=0 lanes=5
2026-09-13T01:07:41 SAMPLE   ram=67.0% (11.22GB used, 5.53GB free) cpu=17.2% jobs=0 amber=0 queued=0 lanes=5
2026-09-13T01:08:41 SAMPLE   ram=67.0% (11.22GB used, 5.53GB free) cpu=12.7% jobs=0 amber=0 queued=0 lanes=5
2026-09-13T01:09:41 SAMPLE   ram=67.5% (11.30GB used, 5.45GB free) cpu=8.3% jobs=0 amber=0 queued=0 lanes=5
2026-09-13T01:10:41 SAMPLE   ram=67.0% (11.22GB used, 5.53GB free) cpu=4.4% jobs=0 amber=0 queued=0 lanes=5
2026-09-13T01:11:41 SAMPLE   ram=66.9% (11.20GB used, 5.55GB free) cpu=4.0% jobs=0 amber=0 queued=0 lanes=5
2026-09-13T01:12:41 SAMPLE   ram=66.5% (11.14GB used, 5.61GB free) cpu=17.3% jobs=0 amber=0 queued=0 lanes=5
2026-09-13T01:13:41 SAMPLE   ram=66.5% (11.13GB used, 5.62GB free) cpu=15.8% jobs=0 amber=0 queued=0 lanes=5
2026-09-13T01:14:41 SAMPLE   ram=65.7% (11.01GB used, 5.74GB free) cpu=11.6% jobs=0 amber=0 queued=0 lanes=5
2026-09-13T01:15:41 SAMPLE   ram=65.3% (10.93GB used, 5.82GB free) cpu=12.3% jobs=0 amber=0 queued=0 lanes=5
2026-09-13T01:16:41 SAMPLE   ram=65.0% (10.89GB used, 5.86GB free) cpu=5.1% jobs=0 amber=0 queued=0 lanes=5
2026-09-13T01:17:41 SAMPLE   ram=65.0% (10.89GB used, 5.86GB free) cpu=12.2% jobs=0 amber=0 queued=0 lanes=5
2026-09-13T01:18:41 SAMPLE   ram=65.1% (10.90GB used, 5.85GB free) cpu=5.4% jobs=0 amber=0 queued=0 lanes=5
2026-09-13T01:19:41 SAMPLE   ram=64.6% (10.83GB used, 5.92GB free) cpu=5.2% jobs=0 amber=0 queued=0 lanes=5
2026-09-13T01:20:41 SAMPLE   ram=64.7% (10.83GB used, 5.92GB free) cpu=12.0% jobs=0 amber=0 queued=0 lanes=5
2026-09-13T01:21:41 SAMPLE   ram=64.5% (10.81GB used, 5.94GB free) cpu=8.9% jobs=0 amber=0 queued=0 lanes=5
2026-09-13T01:22:41 SAMPLE   ram=64.5% (10.80GB used, 5.95GB free) cpu=10.9% jobs=0 amber=0 queued=0 lanes=5
2026-09-13T01:23:41 SAMPLE   ram=64.6% (10.83GB used, 5.92GB free) cpu=17.5% jobs=0 amber=0 queued=0 lanes=5
2026-09-13T01:24:41 SAMPLE   ram=64.8% (10.85GB used, 5.90GB free) cpu=8.7% jobs=0 amber=0 queued=0 lanes=5
2026-09-13T01:25:41 SAMPLE   ram=64.5% (10.80GB used, 5.95GB free) cpu=4.9% jobs=0 amber=0 queued=0 lanes=5
2026-09-13T01:26:41 SAMPLE   ram=64.5% (10.81GB used, 5.94GB free) cpu=4.2% jobs=0 amber=0 queued=0 lanes=5
2026-09-13T01:27:41 SAMPLE   ram=64.5% (10.80GB used, 5.95GB free) cpu=6.8% jobs=0 amber=0 queued=0 lanes=5
2026-09-13T01:28:41 SAMPLE   ram=64.6% (10.82GB used, 5.93GB free) cpu=12.7% jobs=0 amber=0 queued=0 lanes=5
2026-09-13T01:29:41 SAMPLE   ram=63.1% (10.57GB used, 6.18GB free) cpu=5.1% jobs=0 amber=0 queued=0 lanes=5
2026-09-13T01:30:41 SAMPLE   ram=62.3% (10.44GB used, 6.31GB free) cpu=3.7% jobs=0 amber=0 queued=0 lanes=5
2026-09-13T01:31:41 SAMPLE   ram=62.3% (10.43GB used, 6.32GB free) cpu=4.6% jobs=0 amber=0 queued=0 lanes=5
2026-09-13T01:32:41 SAMPLE   ram=62.3% (10.43GB used, 6.32GB free) cpu=3.4% jobs=0 amber=0 queued=0 lanes=5
2026-09-13T01:33:41 SAMPLE   ram=62.4% (10.45GB used, 6.30GB free) cpu=13.9% jobs=0 amber=0 queued=0 lanes=5
2026-09-13T01:34:41 SAMPLE   ram=62.4% (10.46GB used, 6.29GB free) cpu=5.7% jobs=0 amber=0 queued=0 lanes=5
2026-09-13T01:35:41 SAMPLE   ram=61.4% (10.29GB used, 6.46GB free) cpu=4.3% jobs=0 amber=0 queued=0 lanes=5
2026-09-13T01:36:41 SAMPLE   ram=61.6% (10.32GB used, 6.43GB free) cpu=4.5% jobs=0 amber=0 queued=0 lanes=5
2026-09-13T01:37:41 SAMPLE   ram=61.6% (10.32GB used, 6.42GB free) cpu=6.2% jobs=0 amber=0 queued=0 lanes=5
2026-09-13T01:38:41 SAMPLE   ram=62.0% (10.38GB used, 6.37GB free) cpu=10.9% jobs=0 amber=0 queued=0 lanes=5
2026-09-13T01:39:41 SAMPLE   ram=62.2% (10.42GB used, 6.33GB free) cpu=3.0% jobs=0 amber=0 queued=0 lanes=5
2026-09-13T01:40:41 SAMPLE   ram=61.8% (10.35GB used, 6.40GB free) cpu=13.9% jobs=0 amber=0 queued=0 lanes=5
2026-09-13T01:41:41 SAMPLE   ram=62.5% (10.47GB used, 6.28GB free) cpu=18.5% jobs=0 amber=0 queued=0 lanes=5
2026-09-13T01:42:41 SAMPLE   ram=62.4% (10.45GB used, 6.30GB free) cpu=11.5% jobs=0 amber=0 queued=0 lanes=5
2026-09-13T01:43:41 SAMPLE   ram=62.0% (10.38GB used, 6.37GB free) cpu=8.2% jobs=0 amber=0 queued=0 lanes=5
2026-09-13T01:44:41 SAMPLE   ram=61.8% (10.36GB used, 6.39GB free) cpu=4.4% jobs=0 amber=0 queued=0 lanes=5
2026-09-13T01:45:41 SAMPLE   ram=61.4% (10.29GB used, 6.46GB free) cpu=4.2% jobs=0 amber=0 queued=0 lanes=5
2026-09-13T01:46:41 SAMPLE   ram=61.7% (10.34GB used, 6.42GB free) cpu=3.0% jobs=0 amber=0 queued=0 lanes=5
2026-09-13T01:47:41 SAMPLE   ram=61.5% (10.30GB used, 6.45GB free) cpu=2.7% jobs=0 amber=0 queued=0 lanes=5
2026-09-13T01:48:41 SAMPLE   ram=61.6% (10.31GB used, 6.44GB free) cpu=8.0% jobs=0 amber=0 queued=0 lanes=5
2026-09-13T01:49:41 SAMPLE   ram=61.1% (10.23GB used, 6.52GB free) cpu=3.5% jobs=0 amber=0 queued=0 lanes=5
2026-09-13T01:50:41 SAMPLE   ram=60.9% (10.20GB used, 6.55GB free) cpu=7.5% jobs=0 amber=0 queued=0 lanes=5
2026-09-13T01:51:41 SAMPLE   ram=60.9% (10.20GB used, 6.55GB free) cpu=5.4% jobs=0 amber=0 queued=0 lanes=5
2026-09-13T01:52:41 SAMPLE   ram=60.8% (10.18GB used, 6.57GB free) cpu=4.7% jobs=0 amber=0 queued=0 lanes=5
2026-09-13T01:53:41 SAMPLE   ram=60.7% (10.17GB used, 6.58GB free) cpu=11.8% jobs=0 amber=0 queued=0 lanes=5
2026-09-13T01:54:41 SAMPLE   ram=60.9% (10.19GB used, 6.56GB free) cpu=10.5% jobs=0 amber=0 queued=0 lanes=5
2026-09-13T01:55:42 SAMPLE   ram=60.9% (10.21GB used, 6.54GB free) cpu=4.1% jobs=0 amber=0 queued=0 lanes=5
2026-09-13T01:56:42 SAMPLE   ram=60.3% (10.09GB used, 6.66GB free) cpu=10.3% jobs=0 amber=0 queued=0 lanes=5
2026-09-13T01:57:42 SAMPLE   ram=60.3% (10.10GB used, 6.65GB free) cpu=13.1% jobs=0 amber=0 queued=0 lanes=5
2026-09-13T01:58:42 SAMPLE   ram=60.4% (10.12GB used, 6.63GB free) cpu=11.3% jobs=0 amber=0 queued=0 lanes=5
2026-09-13T01:59:42 SAMPLE   ram=60.3% (10.10GB used, 6.65GB free) cpu=18.9% jobs=0 amber=0 queued=0 lanes=5
2026-09-13T02:00:42 SAMPLE   ram=60.5% (10.13GB used, 6.62GB free) cpu=5.7% jobs=0 amber=0 queued=0 lanes=5
2026-09-13T02:01:42 SAMPLE   ram=61.3% (10.26GB used, 6.49GB free) cpu=5.1% jobs=0 amber=0 queued=0 lanes=5
2026-09-13T02:02:42 SAMPLE   ram=61.4% (10.28GB used, 6.47GB free) cpu=4.0% jobs=0 amber=0 queued=0 lanes=5
2026-09-13T02:03:42 SAMPLE   ram=61.3% (10.27GB used, 6.48GB free) cpu=4.7% jobs=0 amber=0 queued=0 lanes=5
2026-09-13T02:04:42 SAMPLE   ram=61.4% (10.28GB used, 6.47GB free) cpu=7.8% jobs=0 amber=0 queued=0 lanes=5
2026-09-13T02:05:42 SAMPLE   ram=61.2% (10.25GB used, 6.50GB free) cpu=3.8% jobs=0 amber=0 queued=0 lanes=5
2026-09-13T02:06:42 SAMPLE   ram=61.1% (10.23GB used, 6.52GB free) cpu=10.8% jobs=0 amber=0 queued=0 lanes=5
2026-09-13T02:07:42 SAMPLE   ram=60.7% (10.17GB used, 6.58GB free) cpu=11.9% jobs=0 amber=0 queued=0 lanes=5
2026-09-13T02:08:42 SAMPLE   ram=60.8% (10.19GB used, 6.56GB free) cpu=3.6% jobs=0 amber=0 queued=0 lanes=5
2026-09-13T02:09:42 SAMPLE   ram=61.1% (10.24GB used, 6.51GB free) cpu=3.5% jobs=0 amber=0 queued=0 lanes=5
2026-09-13T02:10:42 SAMPLE   ram=61.2% (10.25GB used, 6.50GB free) cpu=15.0% jobs=0 amber=0 queued=0 lanes=5
2026-09-13T02:11:42 SAMPLE   ram=61.6% (10.31GB used, 6.43GB free) cpu=13.2% jobs=0 amber=0 queued=0 lanes=5
2026-09-13T02:12:42 SAMPLE   ram=61.5% (10.31GB used, 6.44GB free) cpu=7.1% jobs=0 amber=0 queued=0 lanes=5
2026-09-13T02:13:42 SAMPLE   ram=61.5% (10.30GB used, 6.45GB free) cpu=14.7% jobs=0 amber=0 queued=0 lanes=5
2026-09-13T02:14:42 SAMPLE   ram=61.5% (10.29GB used, 6.46GB free) cpu=4.8% jobs=0 amber=0 queued=0 lanes=5
2026-09-13T02:15:42 SAMPLE   ram=61.5% (10.29GB used, 6.46GB free) cpu=32.8% jobs=0 amber=0 queued=0 lanes=5
2026-09-13T02:16:42 SAMPLE   ram=61.1% (10.23GB used, 6.52GB free) cpu=3.0% jobs=0 amber=0 queued=0 lanes=5
2026-09-13T02:17:42 SAMPLE   ram=61.0% (10.22GB used, 6.53GB free) cpu=5.1% jobs=0 amber=0 queued=0 lanes=5
2026-09-13T02:18:42 SAMPLE   ram=61.1% (10.24GB used, 6.51GB free) cpu=5.3% jobs=0 amber=0 queued=0 lanes=5
2026-09-13T02:19:42 SAMPLE   ram=61.1% (10.24GB used, 6.51GB free) cpu=4.4% jobs=0 amber=0 queued=0 lanes=5
2026-09-13T02:20:42 SAMPLE   ram=60.7% (10.17GB used, 6.58GB free) cpu=7.0% jobs=0 amber=0 queued=0 lanes=5
2026-09-13T02:21:42 SAMPLE   ram=60.9% (10.21GB used, 6.54GB free) cpu=4.2% jobs=0 amber=0 queued=0 lanes=5
2026-09-13T02:22:42 SAMPLE   ram=60.9% (10.21GB used, 6.54GB free) cpu=11.4% jobs=0 amber=0 queued=0 lanes=5
2026-09-13T02:23:42 SAMPLE   ram=61.1% (10.24GB used, 6.51GB free) cpu=3.5% jobs=0 amber=0 queued=0 lanes=5
2026-09-13T02:24:42 SAMPLE   ram=61.6% (10.31GB used, 6.43GB free) cpu=4.2% jobs=0 amber=0 queued=0 lanes=5
2026-09-13T02:25:42 SAMPLE   ram=61.6% (10.31GB used, 6.44GB free) cpu=5.6% jobs=0 amber=0 queued=0 lanes=5
2026-09-13T02:26:42 SAMPLE   ram=61.6% (10.31GB used, 6.44GB free) cpu=4.7% jobs=0 amber=0 queued=0 lanes=5
2026-09-13T02:27:42 SAMPLE   ram=61.6% (10.31GB used, 6.44GB free) cpu=4.6% jobs=0 amber=0 queued=0 lanes=5
2026-09-13T02:28:42 SAMPLE   ram=61.6% (10.31GB used, 6.44GB free) cpu=4.9% jobs=0 amber=0 queued=0 lanes=5
2026-09-13T02:29:42 SAMPLE   ram=61.5% (10.30GB used, 6.45GB free) cpu=1.7% jobs=0 amber=0 queued=0 lanes=5
2026-09-13T02:30:42 SAMPLE   ram=61.7% (10.33GB used, 6.42GB free) cpu=5.1% jobs=0 amber=0 queued=0 lanes=5
2026-09-13T02:31:42 SAMPLE   ram=61.8% (10.34GB used, 6.41GB free) cpu=5.8% jobs=0 amber=0 queued=0 lanes=5
2026-09-13T02:32:42 SAMPLE   ram=61.2% (10.26GB used, 6.49GB free) cpu=2.6% jobs=0 amber=0 queued=0 lanes=5
2026-09-13T02:33:42 SAMPLE   ram=61.3% (10.27GB used, 6.48GB free) cpu=9.0% jobs=0 amber=0 queued=0 lanes=5
2026-09-13T02:34:42 SAMPLE   ram=61.3% (10.26GB used, 6.49GB free) cpu=6.6% jobs=0 amber=0 queued=0 lanes=5
2026-09-13T02:35:42 SAMPLE   ram=61.6% (10.31GB used, 6.44GB free) cpu=12.5% jobs=0 amber=0 queued=0 lanes=5
2026-09-13T02:36:42 SAMPLE   ram=62.1% (10.41GB used, 6.34GB free) cpu=23.2% jobs=0 amber=0 queued=0 lanes=5
2026-09-13T02:37:42 SAMPLE   ram=61.4% (10.29GB used, 6.46GB free) cpu=5.0% jobs=0 amber=0 queued=0 lanes=5
2026-09-13T02:38:42 SAMPLE   ram=61.5% (10.30GB used, 6.45GB free) cpu=7.1% jobs=0 amber=0 queued=0 lanes=5
2026-09-13T02:39:42 SAMPLE   ram=61.6% (10.33GB used, 6.42GB free) cpu=10.2% jobs=0 amber=0 queued=0 lanes=5
2026-09-13T02:40:42 SAMPLE   ram=61.1% (10.24GB used, 6.51GB free) cpu=4.7% jobs=0 amber=0 queued=0 lanes=5
2026-09-13T02:41:42 SAMPLE   ram=61.3% (10.27GB used, 6.48GB free) cpu=6.9% jobs=0 amber=0 queued=0 lanes=5
2026-09-13T02:42:42 SAMPLE   ram=61.4% (10.29GB used, 6.46GB free) cpu=20.3% jobs=0 amber=0 queued=0 lanes=5
2026-09-13T02:43:42 SAMPLE   ram=61.3% (10.26GB used, 6.49GB free) cpu=11.0% jobs=0 amber=0 queued=0 lanes=5
2026-09-13T02:44:42 SAMPLE   ram=61.2% (10.25GB used, 6.50GB free) cpu=7.4% jobs=0 amber=0 queued=0 lanes=5
2026-09-13T02:45:42 SAMPLE   ram=60.4% (10.12GB used, 6.63GB free) cpu=4.5% jobs=0 amber=0 queued=0 lanes=5
2026-09-13T02:46:42 SAMPLE   ram=60.5% (10.13GB used, 6.62GB free) cpu=5.0% jobs=0 amber=0 queued=0 lanes=5
2026-09-13T02:47:42 SAMPLE   ram=60.4% (10.12GB used, 6.63GB free) cpu=4.2% jobs=0 amber=0 queued=0 lanes=5
2026-09-13T02:48:42 SAMPLE   ram=60.6% (10.14GB used, 6.61GB free) cpu=10.2% jobs=0 amber=0 queued=0 lanes=5
2026-09-13T02:49:42 SAMPLE   ram=60.5% (10.13GB used, 6.62GB free) cpu=4.3% jobs=0 amber=0 queued=0 lanes=5
2026-09-13T02:50:42 SAMPLE   ram=60.4% (10.12GB used, 6.63GB free) cpu=6.6% jobs=0 amber=0 queued=0 lanes=5
2026-09-13T02:51:42 SAMPLE   ram=60.6% (10.15GB used, 6.60GB free) cpu=4.5% jobs=0 amber=0 queued=0 lanes=5
2026-09-13T02:52:42 SAMPLE   ram=60.7% (10.16GB used, 6.59GB free) cpu=11.0% jobs=0 amber=0 queued=0 lanes=5
2026-09-13T02:53:42 SAMPLE   ram=60.8% (10.18GB used, 6.57GB free) cpu=12.2% jobs=0 amber=0 queued=0 lanes=5
2026-09-13T02:54:42 SAMPLE   ram=60.7% (10.17GB used, 6.58GB free) cpu=4.6% jobs=0 amber=0 queued=0 lanes=5
2026-09-13T02:55:42 SAMPLE   ram=60.3% (10.10GB used, 6.65GB free) cpu=5.6% jobs=0 amber=0 queued=0 lanes=5
2026-09-13T02:56:42 SAMPLE   ram=59.9% (10.04GB used, 6.71GB free) cpu=18.8% jobs=0 amber=0 queued=0 lanes=5
2026-09-13T02:57:42 SAMPLE   ram=60.0% (10.06GB used, 6.69GB free) cpu=9.8% jobs=0 amber=0 queued=0 lanes=5
2026-09-13T02:58:42 SAMPLE   ram=59.9% (10.04GB used, 6.71GB free) cpu=3.4% jobs=0 amber=0 queued=0 lanes=5
2026-09-13T02:59:42 SAMPLE   ram=60.0% (10.05GB used, 6.70GB free) cpu=4.9% jobs=0 amber=0 queued=0 lanes=5
2026-09-13T03:00:42 SAMPLE   ram=60.0% (10.05GB used, 6.70GB free) cpu=4.2% jobs=0 amber=0 queued=0 lanes=5
2026-09-13T03:01:42 SAMPLE   ram=60.6% (10.14GB used, 6.61GB free) cpu=5.0% jobs=0 amber=0 queued=0 lanes=5
2026-09-13T03:02:42 SAMPLE   ram=60.7% (10.17GB used, 6.58GB free) cpu=14.5% jobs=0 amber=0 queued=0 lanes=5
2026-09-13T03:03:42 SAMPLE   ram=60.7% (10.17GB used, 6.58GB free) cpu=6.0% jobs=0 amber=0 queued=0 lanes=5
2026-09-13T03:04:42 SAMPLE   ram=60.7% (10.17GB used, 6.58GB free) cpu=5.2% jobs=0 amber=0 queued=0 lanes=5
2026-09-13T03:05:42 SAMPLE   ram=61.2% (10.25GB used, 6.50GB free) cpu=7.1% jobs=0 amber=0 queued=0 lanes=5
2026-09-13T03:06:42 SAMPLE   ram=60.6% (10.15GB used, 6.60GB free) cpu=12.6% jobs=0 amber=0 queued=0 lanes=5
2026-09-13T03:07:42 SAMPLE   ram=60.7% (10.16GB used, 6.59GB free) cpu=3.7% jobs=0 amber=0 queued=0 lanes=5
2026-09-13T03:08:42 SAMPLE   ram=60.8% (10.18GB used, 6.57GB free) cpu=7.5% jobs=0 amber=0 queued=0 lanes=5
2026-09-13T03:09:42 SAMPLE   ram=61.1% (10.23GB used, 6.52GB free) cpu=15.6% jobs=0 amber=0 queued=0 lanes=5
2026-09-13T03:10:42 SAMPLE   ram=61.0% (10.21GB used, 6.54GB free) cpu=7.1% jobs=0 amber=0 queued=0 lanes=5
2026-09-13T03:11:42 SAMPLE   ram=60.8% (10.19GB used, 6.56GB free) cpu=12.0% jobs=0 amber=0 queued=0 lanes=5
2026-09-13T03:12:42 SAMPLE   ram=61.6% (10.32GB used, 6.42GB free) cpu=5.8% jobs=0 amber=0 queued=0 lanes=5
2026-09-13T03:13:42 SAMPLE   ram=61.5% (10.31GB used, 6.44GB free) cpu=13.5% jobs=0 amber=0 queued=0 lanes=5
2026-09-13T03:14:42 SAMPLE   ram=61.6% (10.32GB used, 6.43GB free) cpu=11.4% jobs=0 amber=0 queued=0 lanes=5
2026-09-13T03:15:42 SAMPLE   ram=61.5% (10.30GB used, 6.45GB free) cpu=6.9% jobs=0 amber=0 queued=0 lanes=5
2026-09-13T03:16:42 SAMPLE   ram=61.7% (10.34GB used, 6.41GB free) cpu=3.5% jobs=0 amber=0 queued=0 lanes=5
2026-09-13T03:17:42 SAMPLE   ram=61.4% (10.28GB used, 6.47GB free) cpu=3.8% jobs=0 amber=0 queued=0 lanes=5
2026-09-13T03:18:42 SAMPLE   ram=61.1% (10.23GB used, 6.52GB free) cpu=3.9% jobs=0 amber=0 queued=0 lanes=5
2026-09-13T03:19:42 SAMPLE   ram=61.1% (10.24GB used, 6.51GB free) cpu=3.0% jobs=0 amber=0 queued=0 lanes=5
2026-09-13T03:20:42 SAMPLE   ram=61.1% (10.24GB used, 6.51GB free) cpu=6.4% jobs=0 amber=0 queued=0 lanes=5
2026-09-13T03:21:42 SAMPLE   ram=61.0% (10.21GB used, 6.53GB free) cpu=13.1% jobs=0 amber=0 queued=0 lanes=5
2026-09-13T03:22:42 SAMPLE   ram=61.0% (10.21GB used, 6.54GB free) cpu=11.3% jobs=0 amber=0 queued=0 lanes=5
2026-09-13T03:23:42 SAMPLE   ram=61.1% (10.23GB used, 6.52GB free) cpu=10.1% jobs=0 amber=0 queued=0 lanes=5
2026-09-13T03:24:42 SAMPLE   ram=61.2% (10.25GB used, 6.50GB free) cpu=3.6% jobs=0 amber=0 queued=0 lanes=5
2026-09-13T03:25:42 SAMPLE   ram=61.1% (10.23GB used, 6.52GB free) cpu=6.1% jobs=0 amber=0 queued=0 lanes=5
2026-09-13T03:26:42 SAMPLE   ram=61.2% (10.26GB used, 6.49GB free) cpu=3.4% jobs=0 amber=0 queued=0 lanes=5
2026-09-13T03:27:42 SAMPLE   ram=61.2% (10.25GB used, 6.50GB free) cpu=5.6% jobs=0 amber=0 queued=0 lanes=5
2026-09-13T03:28:42 SAMPLE   ram=61.2% (10.26GB used, 6.49GB free) cpu=3.6% jobs=0 amber=0 queued=0 lanes=5
2026-09-13T03:29:42 SAMPLE   ram=61.3% (10.26GB used, 6.49GB free) cpu=5.6% jobs=0 amber=0 queued=0 lanes=5
2026-09-13T03:30:42 SAMPLE   ram=61.4% (10.28GB used, 6.47GB free) cpu=5.1% jobs=0 amber=0 queued=0 lanes=5
2026-09-13T03:31:42 SAMPLE   ram=61.2% (10.24GB used, 6.51GB free) cpu=4.6% jobs=0 amber=0 queued=0 lanes=5
2026-09-13T03:32:42 SAMPLE   ram=61.2% (10.25GB used, 6.50GB free) cpu=6.1% jobs=0 amber=0 queued=0 lanes=5
2026-09-13T03:33:42 SAMPLE   ram=61.4% (10.28GB used, 6.47GB free) cpu=7.6% jobs=0 amber=0 queued=0 lanes=5
2026-09-13T03:34:42 SAMPLE   ram=61.0% (10.22GB used, 6.53GB free) cpu=11.1% jobs=0 amber=0 queued=0 lanes=5
2026-09-13T03:35:42 SAMPLE   ram=61.1% (10.24GB used, 6.51GB free) cpu=12.3% jobs=0 amber=0 queued=0 lanes=5
2026-09-13T03:36:42 SAMPLE   ram=60.9% (10.20GB used, 6.55GB free) cpu=9.1% jobs=0 amber=0 queued=0 lanes=5
2026-09-13T03:37:42 SAMPLE   ram=61.0% (10.21GB used, 6.54GB free) cpu=6.1% jobs=0 amber=0 queued=0 lanes=5
2026-09-13T03:38:42 SAMPLE   ram=61.2% (10.25GB used, 6.50GB free) cpu=27.4% jobs=0 amber=0 queued=0 lanes=5
2026-09-13T03:39:42 SAMPLE   ram=61.2% (10.25GB used, 6.50GB free) cpu=8.0% jobs=0 amber=0 queued=0 lanes=5
2026-09-13T03:40:42 SAMPLE   ram=61.2% (10.25GB used, 6.50GB free) cpu=2.8% jobs=0 amber=0 queued=0 lanes=5
2026-09-13T03:41:42 SAMPLE   ram=61.1% (10.23GB used, 6.52GB free) cpu=5.8% jobs=0 amber=0 queued=0 lanes=5
2026-09-13T03:42:42 SAMPLE   ram=61.0% (10.22GB used, 6.53GB free) cpu=12.4% jobs=0 amber=0 queued=0 lanes=5
2026-09-13T03:43:42 SAMPLE   ram=61.2% (10.26GB used, 6.50GB free) cpu=12.9% jobs=0 amber=0 queued=0 lanes=5
2026-09-13T03:44:42 SAMPLE   ram=61.2% (10.26GB used, 6.49GB free) cpu=8.8% jobs=0 amber=0 queued=0 lanes=5
2026-09-13T03:45:42 SAMPLE   ram=60.6% (10.14GB used, 6.61GB free) cpu=12.0% jobs=0 amber=0 queued=0 lanes=5
2026-09-13T03:46:42 SAMPLE   ram=60.7% (10.17GB used, 6.58GB free) cpu=10.5% jobs=0 amber=0 queued=0 lanes=5
2026-09-13T03:47:42 SAMPLE   ram=60.7% (10.18GB used, 6.57GB free) cpu=10.8% jobs=0 amber=0 queued=0 lanes=5
2026-09-13T03:48:42 SAMPLE   ram=60.7% (10.17GB used, 6.58GB free) cpu=5.5% jobs=0 amber=0 queued=0 lanes=5
2026-09-13T03:49:42 SAMPLE   ram=61.5% (10.29GB used, 6.46GB free) cpu=3.7% jobs=0 amber=0 queued=0 lanes=5
2026-09-13T03:50:42 SAMPLE   ram=61.4% (10.29GB used, 6.46GB free) cpu=9.6% jobs=0 amber=0 queued=0 lanes=5
2026-09-13T03:51:42 SAMPLE   ram=61.5% (10.30GB used, 6.45GB free) cpu=8.3% jobs=0 amber=0 queued=0 lanes=5
2026-09-13T03:52:42 SAMPLE   ram=61.5% (10.29GB used, 6.46GB free) cpu=6.2% jobs=0 amber=0 queued=0 lanes=5
2026-09-13T03:53:42 SAMPLE   ram=61.5% (10.31GB used, 6.44GB free) cpu=14.3% jobs=0 amber=0 queued=0 lanes=5
2026-09-13T03:54:42 SAMPLE   ram=61.1% (10.23GB used, 6.51GB free) cpu=6.1% jobs=0 amber=0 queued=0 lanes=5
2026-09-13T03:55:42 SAMPLE   ram=60.9% (10.20GB used, 6.55GB free) cpu=5.0% jobs=0 amber=0 queued=0 lanes=5
2026-09-13T03:56:42 SAMPLE   ram=60.9% (10.20GB used, 6.55GB free) cpu=2.9% jobs=0 amber=0 queued=0 lanes=5
2026-09-13T03:57:42 SAMPLE   ram=60.9% (10.20GB used, 6.55GB free) cpu=5.7% jobs=0 amber=0 queued=0 lanes=5
2026-09-13T03:58:42 SAMPLE   ram=61.0% (10.21GB used, 6.54GB free) cpu=4.6% jobs=0 amber=0 queued=0 lanes=5
2026-09-13T03:59:42 SAMPLE   ram=60.9% (10.21GB used, 6.54GB free) cpu=16.5% jobs=0 amber=0 queued=0 lanes=5
2026-09-13T04:00:42 SAMPLE   ram=60.7% (10.16GB used, 6.59GB free) cpu=5.4% jobs=0 amber=0 queued=0 lanes=5
2026-09-13T04:01:42 SAMPLE   ram=61.6% (10.31GB used, 6.44GB free) cpu=10.9% jobs=0 amber=0 queued=0 lanes=5
2026-09-13T04:02:42 SAMPLE   ram=61.5% (10.29GB used, 6.46GB free) cpu=16.3% jobs=0 amber=0 queued=0 lanes=5
2026-09-13T04:03:42 SAMPLE   ram=61.5% (10.31GB used, 6.44GB free) cpu=4.5% jobs=0 amber=0 queued=0 lanes=5
2026-09-13T04:04:42 SAMPLE   ram=61.5% (10.30GB used, 6.45GB free) cpu=4.3% jobs=0 amber=0 queued=0 lanes=5
2026-09-13T04:05:42 SAMPLE   ram=61.7% (10.34GB used, 6.41GB free) cpu=5.6% jobs=0 amber=0 queued=0 lanes=5
2026-09-13T04:06:42 SAMPLE   ram=61.7% (10.34GB used, 6.41GB free) cpu=5.0% jobs=0 amber=0 queued=0 lanes=5
2026-09-13T04:07:42 SAMPLE   ram=61.6% (10.32GB used, 6.43GB free) cpu=3.7% jobs=0 amber=0 queued=0 lanes=5
2026-09-13T04:08:42 SAMPLE   ram=61.8% (10.35GB used, 6.40GB free) cpu=9.4% jobs=0 amber=0 queued=0 lanes=5
2026-09-13T04:09:42 SAMPLE   ram=62.0% (10.38GB used, 6.37GB free) cpu=13.5% jobs=0 amber=0 queued=0 lanes=5
2026-09-13T04:10:42 SAMPLE   ram=62.0% (10.38GB used, 6.37GB free) cpu=6.2% jobs=0 amber=0 queued=0 lanes=5
2026-09-13T04:11:42 SAMPLE   ram=61.5% (10.29GB used, 6.45GB free) cpu=11.9% jobs=0 amber=0 queued=0 lanes=5
2026-09-13T04:12:42 SAMPLE   ram=61.6% (10.31GB used, 6.44GB free) cpu=15.3% jobs=0 amber=0 queued=0 lanes=5
2026-09-13T04:13:42 SAMPLE   ram=61.9% (10.37GB used, 6.38GB free) cpu=5.7% jobs=0 amber=0 queued=0 lanes=5
2026-09-13T04:14:42 SAMPLE   ram=61.8% (10.35GB used, 6.40GB free) cpu=5.6% jobs=0 amber=0 queued=0 lanes=5
2026-09-13T04:15:42 SAMPLE   ram=61.7% (10.33GB used, 6.42GB free) cpu=3.9% jobs=0 amber=0 queued=0 lanes=5
2026-09-13T04:16:42 SAMPLE   ram=61.8% (10.35GB used, 6.40GB free) cpu=7.3% jobs=0 amber=0 queued=0 lanes=5
2026-09-13T04:17:42 SAMPLE   ram=61.5% (10.29GB used, 6.45GB free) cpu=3.7% jobs=0 amber=0 queued=0 lanes=5
2026-09-13T04:18:42 SAMPLE   ram=61.5% (10.30GB used, 6.45GB free) cpu=5.4% jobs=0 amber=0 queued=0 lanes=5
2026-09-13T04:19:42 SAMPLE   ram=61.4% (10.29GB used, 6.46GB free) cpu=5.8% jobs=0 amber=0 queued=0 lanes=5
2026-09-13T04:20:42 SAMPLE   ram=60.9% (10.20GB used, 6.55GB free) cpu=6.5% jobs=0 amber=0 queued=0 lanes=5
2026-09-13T04:21:42 SAMPLE   ram=61.3% (10.27GB used, 6.48GB free) cpu=5.2% jobs=0 amber=0 queued=0 lanes=5
2026-09-13T04:22:42 SAMPLE   ram=61.4% (10.28GB used, 6.47GB free) cpu=2.7% jobs=0 amber=0 queued=0 lanes=5
2026-09-13T04:23:42 SAMPLE   ram=61.5% (10.30GB used, 6.45GB free) cpu=10.9% jobs=0 amber=0 queued=0 lanes=5
2026-09-13T04:24:42 SAMPLE   ram=61.5% (10.30GB used, 6.45GB free) cpu=5.9% jobs=0 amber=0 queued=0 lanes=5
2026-09-13T04:25:42 SAMPLE   ram=61.5% (10.30GB used, 6.45GB free) cpu=5.4% jobs=0 amber=0 queued=0 lanes=5
2026-09-13T04:26:42 SAMPLE   ram=61.6% (10.32GB used, 6.43GB free) cpu=10.4% jobs=0 amber=0 queued=0 lanes=5
2026-09-13T04:27:42 SAMPLE   ram=61.6% (10.32GB used, 6.43GB free) cpu=8.9% jobs=0 amber=0 queued=0 lanes=5
2026-09-13T04:28:42 SAMPLE   ram=61.5% (10.30GB used, 6.45GB free) cpu=3.5% jobs=0 amber=0 queued=0 lanes=5
2026-09-13T04:29:42 SAMPLE   ram=61.5% (10.31GB used, 6.44GB free) cpu=7.7% jobs=0 amber=0 queued=0 lanes=5
2026-09-13T04:30:42 SAMPLE   ram=61.6% (10.32GB used, 6.43GB free) cpu=9.5% jobs=0 amber=0 queued=0 lanes=5
2026-09-13T04:31:42 SAMPLE   ram=61.5% (10.30GB used, 6.45GB free) cpu=4.2% jobs=0 amber=0 queued=0 lanes=5
2026-09-13T04:32:42 SAMPLE   ram=61.4% (10.28GB used, 6.47GB free) cpu=7.9% jobs=0 amber=0 queued=0 lanes=5
2026-09-13T04:33:42 SAMPLE   ram=61.0% (10.21GB used, 6.54GB free) cpu=10.8% jobs=0 amber=0 queued=0 lanes=5
2026-09-13T04:34:42 SAMPLE   ram=60.9% (10.20GB used, 6.55GB free) cpu=2.6% jobs=0 amber=0 queued=0 lanes=5
2026-09-13T04:35:42 SAMPLE   ram=61.3% (10.28GB used, 6.47GB free) cpu=4.5% jobs=0 amber=0 queued=0 lanes=5
2026-09-13T04:36:42 SAMPLE   ram=61.3% (10.27GB used, 6.49GB free) cpu=3.9% jobs=0 amber=0 queued=0 lanes=5
2026-09-13T04:37:42 SAMPLE   ram=61.2% (10.26GB used, 6.49GB free) cpu=2.6% jobs=0 amber=0 queued=0 lanes=5
2026-09-13T04:38:42 SAMPLE   ram=60.9% (10.20GB used, 6.55GB free) cpu=10.9% jobs=0 amber=0 queued=0 lanes=5
2026-09-13T04:39:42 SAMPLE   ram=61.0% (10.21GB used, 6.54GB free) cpu=4.9% jobs=0 amber=0 queued=0 lanes=5
2026-09-13T04:40:42 SAMPLE   ram=61.1% (10.23GB used, 6.52GB free) cpu=5.5% jobs=0 amber=0 queued=0 lanes=5
2026-09-13T04:41:42 SAMPLE   ram=61.1% (10.23GB used, 6.52GB free) cpu=7.4% jobs=0 amber=0 queued=0 lanes=5
2026-09-13T04:42:42 SAMPLE   ram=61.2% (10.24GB used, 6.51GB free) cpu=9.8% jobs=0 amber=0 queued=0 lanes=5
2026-09-13T04:43:42 SAMPLE   ram=61.1% (10.24GB used, 6.51GB free) cpu=13.6% jobs=0 amber=0 queued=0 lanes=5
2026-09-13T04:44:42 SAMPLE   ram=61.0% (10.22GB used, 6.53GB free) cpu=6.7% jobs=0 amber=0 queued=0 lanes=5
2026-09-13T04:45:42 SAMPLE   ram=61.0% (10.22GB used, 6.53GB free) cpu=6.2% jobs=0 amber=0 queued=0 lanes=5
2026-09-13T04:46:42 SAMPLE   ram=60.6% (10.15GB used, 6.60GB free) cpu=7.0% jobs=0 amber=0 queued=0 lanes=5
2026-09-13T04:47:42 SAMPLE   ram=60.5% (10.14GB used, 6.61GB free) cpu=10.7% jobs=0 amber=0 queued=0 lanes=5
2026-09-13T04:48:42 SAMPLE   ram=60.6% (10.15GB used, 6.60GB free) cpu=3.4% jobs=0 amber=0 queued=0 lanes=5
2026-09-13T04:49:42 SAMPLE   ram=60.6% (10.15GB used, 6.60GB free) cpu=4.4% jobs=0 amber=0 queued=0 lanes=5
2026-09-13T04:50:42 SAMPLE   ram=60.5% (10.14GB used, 6.61GB free) cpu=4.9% jobs=0 amber=0 queued=0 lanes=5
2026-09-13T04:51:42 SAMPLE   ram=60.7% (10.16GB used, 6.59GB free) cpu=6.5% jobs=0 amber=0 queued=0 lanes=5
2026-09-13T04:52:42 SAMPLE   ram=60.6% (10.14GB used, 6.61GB free) cpu=13.8% jobs=0 amber=0 queued=0 lanes=5
2026-09-13T04:53:42 SAMPLE   ram=60.7% (10.16GB used, 6.59GB free) cpu=10.0% jobs=0 amber=0 queued=0 lanes=5
2026-09-13T04:54:42 SAMPLE   ram=60.8% (10.19GB used, 6.57GB free) cpu=10.5% jobs=0 amber=0 queued=0 lanes=5
2026-09-13T04:55:42 SAMPLE   ram=60.8% (10.18GB used, 6.57GB free) cpu=5.4% jobs=0 amber=0 queued=0 lanes=5
2026-09-13T04:56:42 SAMPLE   ram=61.1% (10.24GB used, 6.51GB free) cpu=5.5% jobs=0 amber=0 queued=0 lanes=5
2026-09-13T04:57:42 SAMPLE   ram=60.8% (10.19GB used, 6.56GB free) cpu=6.5% jobs=0 amber=0 queued=0 lanes=5
2026-09-13T04:58:42 SAMPLE   ram=60.9% (10.20GB used, 6.55GB free) cpu=12.1% jobs=0 amber=0 queued=0 lanes=5
2026-09-13T04:59:42 SAMPLE   ram=60.3% (10.10GB used, 6.65GB free) cpu=11.3% jobs=0 amber=0 queued=0 lanes=5
2026-09-13T05:00:42 SAMPLE   ram=60.3% (10.11GB used, 6.64GB free) cpu=3.7% jobs=0 amber=0 queued=0 lanes=5
2026-09-13T05:01:42 SAMPLE   ram=61.2% (10.26GB used, 6.49GB free) cpu=8.2% jobs=0 amber=0 queued=0 lanes=5
2026-09-13T05:02:42 SAMPLE   ram=60.8% (10.19GB used, 6.56GB free) cpu=19.3% jobs=0 amber=0 queued=0 lanes=5
2026-09-13T05:03:42 SAMPLE   ram=60.8% (10.19GB used, 6.57GB free) cpu=4.1% jobs=0 amber=0 queued=0 lanes=5
2026-09-13T05:04:42 SAMPLE   ram=60.7% (10.17GB used, 6.58GB free) cpu=4.0% jobs=0 amber=0 queued=0 lanes=5
2026-09-13T05:05:42 SAMPLE   ram=60.9% (10.20GB used, 6.55GB free) cpu=6.4% jobs=0 amber=0 queued=0 lanes=5
2026-09-13T05:06:42 SAMPLE   ram=60.9% (10.20GB used, 6.55GB free) cpu=13.3% jobs=0 amber=0 queued=0 lanes=5
2026-09-13T05:07:42 SAMPLE   ram=60.7% (10.16GB used, 6.59GB free) cpu=5.3% jobs=0 amber=0 queued=0 lanes=5
2026-09-13T05:08:42 SAMPLE   ram=61.0% (10.22GB used, 6.53GB free) cpu=9.1% jobs=0 amber=0 queued=0 lanes=5
2026-09-13T05:09:42 SAMPLE   ram=61.6% (10.33GB used, 6.42GB free) cpu=4.9% jobs=0 amber=0 queued=0 lanes=5
2026-09-13T05:10:42 SAMPLE   ram=61.8% (10.35GB used, 6.40GB free) cpu=6.1% jobs=0 amber=0 queued=0 lanes=5
2026-09-13T05:11:42 SAMPLE   ram=62.0% (10.38GB used, 6.37GB free) cpu=24.4% jobs=0 amber=0 queued=0 lanes=5
2026-09-13T05:12:42 SAMPLE   ram=62.0% (10.38GB used, 6.37GB free) cpu=17.2% jobs=0 amber=0 queued=0 lanes=5
2026-09-13T05:13:42 SAMPLE   ram=62.1% (10.41GB used, 6.34GB free) cpu=5.0% jobs=0 amber=0 queued=0 lanes=5
2026-09-13T05:14:42 SAMPLE   ram=62.2% (10.42GB used, 6.33GB free) cpu=4.2% jobs=0 amber=0 queued=0 lanes=5
2026-09-13T05:15:42 SAMPLE   ram=62.1% (10.40GB used, 6.35GB free) cpu=11.0% jobs=0 amber=0 queued=0 lanes=5
2026-09-13T05:16:42 SAMPLE   ram=61.4% (10.28GB used, 6.47GB free) cpu=13.9% jobs=0 amber=0 queued=0 lanes=5
2026-09-13T05:17:42 SAMPLE   ram=61.4% (10.29GB used, 6.46GB free) cpu=9.3% jobs=0 amber=0 queued=0 lanes=5
2026-09-13T05:18:42 SAMPLE   ram=61.9% (10.37GB used, 6.38GB free) cpu=13.7% jobs=0 amber=0 queued=0 lanes=5
2026-09-13T05:19:42 SAMPLE   ram=61.8% (10.34GB used, 6.41GB free) cpu=6.1% jobs=0 amber=0 queued=0 lanes=5
2026-09-13T05:20:43 SAMPLE   ram=61.8% (10.36GB used, 6.39GB free) cpu=14.7% jobs=0 amber=0 queued=0 lanes=5
2026-09-13T05:21:43 SAMPLE   ram=61.8% (10.35GB used, 6.40GB free) cpu=15.1% jobs=0 amber=0 queued=0 lanes=5
2026-09-13T05:22:43 SAMPLE   ram=62.3% (10.43GB used, 6.32GB free) cpu=24.4% jobs=0 amber=0 queued=0 lanes=5
2026-09-13T05:23:43 SAMPLE   ram=63.1% (10.56GB used, 6.19GB free) cpu=19.8% jobs=0 amber=0 queued=0 lanes=5
2026-09-13T05:24:43 SAMPLE   ram=63.7% (10.66GB used, 6.09GB free) cpu=11.1% jobs=0 amber=0 queued=0 lanes=5
2026-09-13T05:25:43 SAMPLE   ram=63.9% (10.70GB used, 6.05GB free) cpu=16.9% jobs=0 amber=0 queued=0 lanes=5
2026-09-13T05:26:43 SAMPLE   ram=64.2% (10.76GB used, 5.99GB free) cpu=22.6% jobs=0 amber=0 queued=0 lanes=5
2026-09-13T05:27:43 SAMPLE   ram=64.2% (10.75GB used, 6.00GB free) cpu=20.9% jobs=0 amber=0 queued=0 lanes=5
2026-09-13T05:28:43 SAMPLE   ram=64.4% (10.78GB used, 5.97GB free) cpu=10.4% jobs=0 amber=0 queued=0 lanes=5
2026-09-13T05:29:43 SAMPLE   ram=64.6% (10.82GB used, 5.93GB free) cpu=14.5% jobs=0 amber=0 queued=0 lanes=5
2026-09-13T05:30:43 SAMPLE   ram=64.9% (10.87GB used, 5.88GB free) cpu=17.6% jobs=0 amber=0 queued=0 lanes=5
2026-09-13T05:31:43 SAMPLE   ram=64.8% (10.85GB used, 5.90GB free) cpu=12.9% jobs=0 amber=0 queued=0 lanes=5
2026-09-13T05:32:43 SAMPLE   ram=64.8% (10.85GB used, 5.90GB free) cpu=22.6% jobs=0 amber=0 queued=0 lanes=5
2026-09-13T05:33:43 SAMPLE   ram=65.1% (10.91GB used, 5.84GB free) cpu=15.5% jobs=0 amber=0 queued=0 lanes=5
2026-09-13T05:34:43 SAMPLE   ram=65.8% (11.01GB used, 5.74GB free) cpu=35.3% jobs=0 amber=0 queued=0 lanes=5
2026-09-13T05:35:43 SAMPLE   ram=66.1% (11.07GB used, 5.68GB free) cpu=14.4% jobs=0 amber=0 queued=0 lanes=5
2026-09-13T05:36:43 SAMPLE   ram=66.0% (11.05GB used, 5.70GB free) cpu=14.2% jobs=0 amber=0 queued=0 lanes=5
2026-09-13T05:37:43 SAMPLE   ram=65.9% (11.04GB used, 5.71GB free) cpu=14.4% jobs=0 amber=0 queued=0 lanes=5
2026-09-13T05:38:43 SAMPLE   ram=65.2% (10.92GB used, 5.83GB free) cpu=19.3% jobs=0 amber=0 queued=0 lanes=5
2026-09-13T05:39:43 SAMPLE   ram=65.3% (10.93GB used, 5.82GB free) cpu=10.1% jobs=0 amber=0 queued=0 lanes=5
2026-09-13T05:40:43 SAMPLE   ram=64.7% (10.83GB used, 5.92GB free) cpu=12.8% jobs=0 amber=0 queued=0 lanes=5
2026-09-13T05:41:43 SAMPLE   ram=64.0% (10.72GB used, 6.03GB free) cpu=11.9% jobs=0 amber=0 queued=0 lanes=5
2026-09-13T05:42:43 SAMPLE   ram=64.2% (10.76GB used, 5.99GB free) cpu=9.5% jobs=0 amber=0 queued=0 lanes=5
2026-09-13T05:43:43 SAMPLE   ram=64.1% (10.74GB used, 6.01GB free) cpu=9.7% jobs=0 amber=0 queued=0 lanes=5
2026-09-13T05:44:43 SAMPLE   ram=64.2% (10.76GB used, 5.99GB free) cpu=3.8% jobs=0 amber=0 queued=0 lanes=5
2026-09-13T05:45:43 SAMPLE   ram=64.3% (10.77GB used, 5.98GB free) cpu=9.5% jobs=0 amber=0 queued=0 lanes=5
2026-09-13T05:46:43 SAMPLE   ram=63.8% (10.69GB used, 6.06GB free) cpu=16.0% jobs=0 amber=0 queued=0 lanes=5
2026-09-13T05:47:43 SAMPLE   ram=63.6% (10.65GB used, 6.09GB free) cpu=4.3% jobs=0 amber=0 queued=0 lanes=5
2026-09-13T05:48:43 SAMPLE   ram=63.7% (10.67GB used, 6.08GB free) cpu=5.6% jobs=0 amber=0 queued=0 lanes=5
2026-09-13T05:49:43 SAMPLE   ram=63.7% (10.67GB used, 6.08GB free) cpu=4.7% jobs=0 amber=0 queued=0 lanes=5
2026-09-13T05:50:43 SAMPLE   ram=63.9% (10.70GB used, 6.05GB free) cpu=7.5% jobs=0 amber=0 queued=0 lanes=5
2026-09-13T05:51:43 SAMPLE   ram=63.4% (10.62GB used, 6.13GB free) cpu=3.4% jobs=0 amber=0 queued=0 lanes=5
2026-09-13T05:52:43 SAMPLE   ram=63.6% (10.65GB used, 6.10GB free) cpu=11.1% jobs=0 amber=0 queued=0 lanes=5
2026-09-13T05:53:43 SAMPLE   ram=64.1% (10.73GB used, 6.02GB free) cpu=29.8% jobs=0 amber=0 queued=0 lanes=5
2026-09-13T05:54:43 SAMPLE   ram=63.7% (10.66GB used, 6.09GB free) cpu=3.9% jobs=0 amber=0 queued=0 lanes=5
2026-09-13T05:55:43 SAMPLE   ram=63.9% (10.70GB used, 6.05GB free) cpu=3.8% jobs=0 amber=0 queued=0 lanes=5
2026-09-13T05:56:43 SAMPLE   ram=63.0% (10.56GB used, 6.19GB free) cpu=11.2% jobs=0 amber=0 queued=0 lanes=5
2026-09-13T05:57:43 SAMPLE   ram=63.1% (10.57GB used, 6.18GB free) cpu=4.6% jobs=0 amber=0 queued=0 lanes=5
2026-09-13T05:58:43 SAMPLE   ram=63.1% (10.57GB used, 6.18GB free) cpu=15.8% jobs=0 amber=0 queued=0 lanes=5
2026-09-13T05:59:43 SAMPLE   ram=63.5% (10.64GB used, 6.11GB free) cpu=4.9% jobs=0 amber=0 queued=0 lanes=5
2026-09-13T06:00:43 SAMPLE   ram=63.3% (10.61GB used, 6.14GB free) cpu=4.8% jobs=0 amber=0 queued=0 lanes=5
2026-09-13T06:01:43 SAMPLE   ram=63.5% (10.64GB used, 6.11GB free) cpu=4.1% jobs=0 amber=0 queued=0 lanes=5
2026-09-13T06:02:43 SAMPLE   ram=63.7% (10.66GB used, 6.08GB free) cpu=16.0% jobs=0 amber=0 queued=0 lanes=5
2026-09-13T06:03:43 SAMPLE   ram=63.6% (10.65GB used, 6.10GB free) cpu=3.7% jobs=0 amber=0 queued=0 lanes=5
2026-09-13T06:04:43 SAMPLE   ram=63.6% (10.66GB used, 6.09GB free) cpu=14.9% jobs=0 amber=0 queued=0 lanes=5
2026-09-13T06:05:43 SAMPLE   ram=63.7% (10.68GB used, 6.08GB free) cpu=5.6% jobs=0 amber=0 queued=0 lanes=5
2026-09-13T06:06:43 SAMPLE   ram=63.2% (10.59GB used, 6.16GB free) cpu=12.6% jobs=0 amber=0 queued=0 lanes=5
2026-09-13T06:07:43 SAMPLE   ram=63.2% (10.58GB used, 6.17GB free) cpu=14.4% jobs=0 amber=0 queued=0 lanes=5
2026-09-13T06:08:43 SAMPLE   ram=63.1% (10.58GB used, 6.17GB free) cpu=13.3% jobs=0 amber=0 queued=0 lanes=5
2026-09-13T06:09:43 SAMPLE   ram=63.4% (10.62GB used, 6.13GB free) cpu=3.3% jobs=0 amber=0 queued=0 lanes=5
2026-09-13T06:10:43 SAMPLE   ram=64.1% (10.74GB used, 6.01GB free) cpu=9.3% jobs=0 amber=0 queued=0 lanes=5
2026-09-13T06:11:43 SAMPLE   ram=63.2% (10.59GB used, 6.16GB free) cpu=3.8% jobs=0 amber=0 queued=0 lanes=5
2026-09-13T06:12:43 SAMPLE   ram=63.5% (10.63GB used, 6.12GB free) cpu=4.9% jobs=0 amber=0 queued=0 lanes=5
2026-09-13T06:13:43 SAMPLE   ram=63.5% (10.63GB used, 6.12GB free) cpu=14.7% jobs=0 amber=0 queued=0 lanes=5
2026-09-13T06:14:43 SAMPLE   ram=63.9% (10.71GB used, 6.04GB free) cpu=13.0% jobs=0 amber=0 queued=0 lanes=5
2026-09-13T06:15:43 SAMPLE   ram=63.8% (10.69GB used, 6.06GB free) cpu=6.2% jobs=0 amber=0 queued=0 lanes=5
2026-09-13T06:16:43 SAMPLE   ram=63.7% (10.66GB used, 6.09GB free) cpu=4.9% jobs=0 amber=0 queued=0 lanes=5
2026-09-13T06:17:43 SAMPLE   ram=63.7% (10.66GB used, 6.09GB free) cpu=4.0% jobs=0 amber=0 queued=0 lanes=5
2026-09-13T06:18:43 SAMPLE   ram=63.6% (10.66GB used, 6.09GB free) cpu=4.2% jobs=0 amber=0 queued=0 lanes=5
2026-09-13T06:19:43 SAMPLE   ram=63.7% (10.66GB used, 6.09GB free) cpu=4.7% jobs=0 amber=0 queued=0 lanes=5
2026-09-13T06:20:43 SAMPLE   ram=63.7% (10.67GB used, 6.08GB free) cpu=6.9% jobs=0 amber=0 queued=0 lanes=5
2026-09-13T06:21:43 SAMPLE   ram=63.2% (10.59GB used, 6.16GB free) cpu=4.0% jobs=0 amber=0 queued=0 lanes=5
2026-09-13T06:22:43 SAMPLE   ram=63.7% (10.66GB used, 6.09GB free) cpu=11.7% jobs=0 amber=0 queued=0 lanes=5
2026-09-13T06:23:43 SAMPLE   ram=63.8% (10.68GB used, 6.07GB free) cpu=19.6% jobs=0 amber=0 queued=0 lanes=5
2026-09-13T06:24:43 SAMPLE   ram=63.8% (10.69GB used, 6.06GB free) cpu=6.9% jobs=0 amber=0 queued=0 lanes=5
2026-09-13T06:25:43 SAMPLE   ram=63.7% (10.67GB used, 6.08GB free) cpu=5.7% jobs=0 amber=0 queued=0 lanes=5
2026-09-13T06:26:43 SAMPLE   ram=63.8% (10.68GB used, 6.07GB free) cpu=3.4% jobs=0 amber=0 queued=0 lanes=5
2026-09-13T06:27:43 SAMPLE   ram=63.9% (10.71GB used, 6.04GB free) cpu=12.4% jobs=0 amber=0 queued=0 lanes=5
2026-09-13T06:28:43 SAMPLE   ram=63.9% (10.70GB used, 6.05GB free) cpu=4.6% jobs=0 amber=0 queued=0 lanes=5
2026-09-13T06:29:43 SAMPLE   ram=63.9% (10.71GB used, 6.04GB free) cpu=3.2% jobs=0 amber=0 queued=0 lanes=5
2026-09-13T06:30:43 SAMPLE   ram=64.1% (10.74GB used, 6.01GB free) cpu=3.8% jobs=0 amber=0 queued=0 lanes=5
2026-09-13T06:31:43 SAMPLE   ram=63.8% (10.68GB used, 6.07GB free) cpu=5.1% jobs=0 amber=0 queued=0 lanes=5
2026-09-13T06:32:43 SAMPLE   ram=63.8% (10.69GB used, 6.07GB free) cpu=2.8% jobs=0 amber=0 queued=0 lanes=5
2026-09-13T06:33:43 SAMPLE   ram=63.8% (10.68GB used, 6.07GB free) cpu=4.8% jobs=0 amber=0 queued=0 lanes=5
2026-09-13T06:34:43 SAMPLE   ram=63.8% (10.69GB used, 6.06GB free) cpu=4.3% jobs=0 amber=0 queued=0 lanes=5
2026-09-13T06:35:43 SAMPLE   ram=64.5% (10.80GB used, 5.95GB free) cpu=5.4% jobs=0 amber=0 queued=0 lanes=5
2026-09-13T06:36:43 SAMPLE   ram=63.9% (10.70GB used, 6.05GB free) cpu=7.3% jobs=0 amber=0 queued=0 lanes=5
2026-09-13T06:37:43 SAMPLE   ram=64.0% (10.72GB used, 6.03GB free) cpu=6.8% jobs=0 amber=0 queued=0 lanes=5
2026-09-13T06:38:43 SAMPLE   ram=64.0% (10.72GB used, 6.03GB free) cpu=17.3% jobs=0 amber=0 queued=0 lanes=5
2026-09-13T06:39:43 SAMPLE   ram=64.1% (10.74GB used, 6.01GB free) cpu=4.6% jobs=0 amber=0 queued=0 lanes=5
2026-09-13T06:40:43 SAMPLE   ram=64.1% (10.74GB used, 6.01GB free) cpu=7.3% jobs=0 amber=0 queued=0 lanes=5
2026-09-13T06:41:43 SAMPLE   ram=64.2% (10.75GB used, 6.00GB free) cpu=7.5% jobs=0 amber=0 queued=0 lanes=5
2026-09-13T06:42:43 SAMPLE   ram=63.9% (10.71GB used, 6.04GB free) cpu=9.9% jobs=0 amber=0 queued=0 lanes=5
2026-09-13T06:43:43 SAMPLE   ram=64.3% (10.78GB used, 5.97GB free) cpu=13.2% jobs=0 amber=0 queued=0 lanes=5
2026-09-13T06:44:43 SAMPLE   ram=64.6% (10.83GB used, 5.92GB free) cpu=14.3% jobs=0 amber=0 queued=0 lanes=5
2026-09-13T06:45:43 SAMPLE   ram=64.4% (10.79GB used, 5.96GB free) cpu=4.1% jobs=0 amber=0 queued=0 lanes=5
2026-09-13T06:46:43 SAMPLE   ram=64.0% (10.71GB used, 6.04GB free) cpu=5.7% jobs=0 amber=0 queued=0 lanes=5
2026-09-13T06:47:43 SAMPLE   ram=64.1% (10.73GB used, 6.02GB free) cpu=20.5% jobs=0 amber=0 queued=0 lanes=5
2026-09-13T06:48:43 SAMPLE   ram=64.0% (10.72GB used, 6.02GB free) cpu=4.4% jobs=0 amber=0 queued=0 lanes=5
2026-09-13T06:49:43 SAMPLE   ram=64.1% (10.74GB used, 6.01GB free) cpu=3.0% jobs=0 amber=0 queued=0 lanes=5
2026-09-13T06:50:43 SAMPLE   ram=64.1% (10.73GB used, 6.02GB free) cpu=14.4% jobs=0 amber=0 queued=0 lanes=5
2026-09-13T06:51:43 SAMPLE   ram=64.3% (10.77GB used, 5.98GB free) cpu=9.1% jobs=0 amber=0 queued=0 lanes=5
2026-09-13T06:52:43 SAMPLE   ram=64.1% (10.73GB used, 6.02GB free) cpu=12.9% jobs=0 amber=0 queued=0 lanes=5
2026-09-13T06:53:43 SAMPLE   ram=64.2% (10.75GB used, 6.00GB free) cpu=10.2% jobs=0 amber=0 queued=0 lanes=5
2026-09-13T06:54:43 SAMPLE   ram=64.3% (10.76GB used, 5.99GB free) cpu=5.2% jobs=0 amber=0 queued=0 lanes=5
2026-09-13T06:55:43 SAMPLE   ram=64.2% (10.75GB used, 6.00GB free) cpu=5.1% jobs=0 amber=0 queued=0 lanes=5
2026-09-13T06:56:43 SAMPLE   ram=63.7% (10.67GB used, 6.08GB free) cpu=4.4% jobs=0 amber=0 queued=0 lanes=5
2026-09-13T06:57:43 SAMPLE   ram=63.9% (10.70GB used, 6.05GB free) cpu=4.4% jobs=0 amber=0 queued=0 lanes=5
2026-09-13T06:58:43 SAMPLE   ram=63.9% (10.71GB used, 6.04GB free) cpu=4.4% jobs=0 amber=0 queued=0 lanes=5
2026-09-13T06:59:43 SAMPLE   ram=63.9% (10.71GB used, 6.04GB free) cpu=11.8% jobs=0 amber=0 queued=0 lanes=5
2026-09-13T07:00:43 SAMPLE   ram=64.0% (10.72GB used, 6.03GB free) cpu=17.3% jobs=0 amber=0 queued=0 lanes=5
2026-09-13T07:01:43 SAMPLE   ram=64.0% (10.72GB used, 6.03GB free) cpu=14.3% jobs=0 amber=0 queued=0 lanes=5
2026-09-13T07:02:43 SAMPLE   ram=63.9% (10.70GB used, 6.05GB free) cpu=11.5% jobs=0 amber=0 queued=0 lanes=5
2026-09-13T07:03:43 SAMPLE   ram=63.9% (10.70GB used, 6.05GB free) cpu=4.0% jobs=0 amber=0 queued=0 lanes=5
2026-09-13T07:04:43 SAMPLE   ram=63.9% (10.70GB used, 6.05GB free) cpu=5.1% jobs=0 amber=0 queued=0 lanes=5
2026-09-13T07:05:43 SAMPLE   ram=64.0% (10.72GB used, 6.03GB free) cpu=13.8% jobs=0 amber=0 queued=0 lanes=5
2026-09-13T07:06:43 SAMPLE   ram=63.4% (10.63GB used, 6.12GB free) cpu=13.0% jobs=0 amber=0 queued=0 lanes=5
2026-09-13T07:07:43 SAMPLE   ram=63.7% (10.66GB used, 6.09GB free) cpu=7.8% jobs=0 amber=0 queued=0 lanes=5
2026-09-13T07:08:43 SAMPLE   ram=63.6% (10.65GB used, 6.10GB free) cpu=12.2% jobs=0 amber=0 queued=0 lanes=5
2026-09-13T07:09:43 SAMPLE   ram=63.6% (10.65GB used, 6.10GB free) cpu=3.9% jobs=0 amber=0 queued=0 lanes=5
2026-09-13T07:10:43 SAMPLE   ram=63.7% (10.66GB used, 6.09GB free) cpu=11.3% jobs=0 amber=0 queued=0 lanes=5
2026-09-13T07:11:43 SAMPLE   ram=63.6% (10.65GB used, 6.09GB free) cpu=3.1% jobs=0 amber=0 queued=0 lanes=5
2026-09-13T07:12:43 SAMPLE   ram=63.7% (10.67GB used, 6.08GB free) cpu=9.1% jobs=0 amber=0 queued=0 lanes=5
2026-09-13T07:13:43 SAMPLE   ram=63.7% (10.68GB used, 6.07GB free) cpu=5.7% jobs=0 amber=0 queued=0 lanes=5
2026-09-13T07:14:43 SAMPLE   ram=63.8% (10.69GB used, 6.06GB free) cpu=15.2% jobs=0 amber=0 queued=0 lanes=5
2026-09-13T07:15:43 SAMPLE   ram=63.9% (10.70GB used, 6.05GB free) cpu=6.1% jobs=0 amber=0 queued=0 lanes=5
2026-09-13T07:16:43 SAMPLE   ram=63.5% (10.64GB used, 6.11GB free) cpu=4.6% jobs=0 amber=0 queued=0 lanes=5
2026-09-13T07:17:43 SAMPLE   ram=63.5% (10.63GB used, 6.12GB free) cpu=16.4% jobs=0 amber=0 queued=0 lanes=5
2026-09-13T07:18:43 SAMPLE   ram=63.5% (10.64GB used, 6.11GB free) cpu=4.0% jobs=0 amber=0 queued=0 lanes=5
2026-09-13T07:19:43 SAMPLE   ram=63.5% (10.63GB used, 6.12GB free) cpu=5.8% jobs=0 amber=0 queued=0 lanes=5
2026-09-13T07:20:43 SAMPLE   ram=63.6% (10.66GB used, 6.09GB free) cpu=4.7% jobs=0 amber=0 queued=0 lanes=5
2026-09-13T07:21:43 SAMPLE   ram=63.6% (10.66GB used, 6.09GB free) cpu=5.8% jobs=0 amber=0 queued=0 lanes=5
2026-09-13T07:22:43 SAMPLE   ram=63.6% (10.65GB used, 6.10GB free) cpu=17.4% jobs=0 amber=0 queued=0 lanes=5
2026-09-13T07:23:43 SAMPLE   ram=63.5% (10.64GB used, 6.11GB free) cpu=12.3% jobs=0 amber=0 queued=0 lanes=5
2026-09-13T07:24:43 SAMPLE   ram=63.5% (10.64GB used, 6.11GB free) cpu=5.2% jobs=0 amber=0 queued=0 lanes=5
2026-09-13T07:25:43 SAMPLE   ram=63.4% (10.63GB used, 6.12GB free) cpu=7.4% jobs=0 amber=0 queued=0 lanes=5
2026-09-13T07:26:43 SAMPLE   ram=63.6% (10.65GB used, 6.10GB free) cpu=8.4% jobs=0 amber=0 queued=0 lanes=5
2026-09-13T07:27:43 SAMPLE   ram=63.8% (10.68GB used, 6.07GB free) cpu=4.7% jobs=0 amber=0 queued=0 lanes=5
2026-09-13T07:28:43 SAMPLE   ram=63.7% (10.67GB used, 6.08GB free) cpu=9.3% jobs=0 amber=0 queued=0 lanes=5
2026-09-13T07:29:43 SAMPLE   ram=63.7% (10.67GB used, 6.08GB free) cpu=3.5% jobs=0 amber=0 queued=0 lanes=5
2026-09-13T07:30:43 SAMPLE   ram=63.7% (10.68GB used, 6.08GB free) cpu=4.8% jobs=0 amber=0 queued=0 lanes=5
2026-09-13T07:31:43 SAMPLE   ram=63.3% (10.61GB used, 6.14GB free) cpu=5.4% jobs=0 amber=0 queued=0 lanes=5
2026-09-13T07:32:43 SAMPLE   ram=63.2% (10.59GB used, 6.16GB free) cpu=11.6% jobs=0 amber=0 queued=0 lanes=5
2026-09-13T07:33:43 SAMPLE   ram=63.3% (10.61GB used, 6.14GB free) cpu=3.9% jobs=0 amber=0 queued=0 lanes=5
2026-09-13T07:34:43 SAMPLE   ram=63.4% (10.62GB used, 6.13GB free) cpu=5.7% jobs=0 amber=0 queued=0 lanes=5
2026-09-13T07:35:43 SAMPLE   ram=64.0% (10.72GB used, 6.03GB free) cpu=3.8% jobs=0 amber=0 queued=0 lanes=5
2026-09-13T07:36:43 SAMPLE   ram=63.6% (10.66GB used, 6.09GB free) cpu=4.1% jobs=0 amber=0 queued=0 lanes=5
2026-09-13T07:37:43 SAMPLE   ram=63.8% (10.68GB used, 6.07GB free) cpu=4.3% jobs=0 amber=0 queued=0 lanes=5
2026-09-13T07:38:43 SAMPLE   ram=64.0% (10.72GB used, 6.02GB free) cpu=20.7% jobs=0 amber=0 queued=0 lanes=5
2026-09-13T07:39:43 SAMPLE   ram=63.9% (10.70GB used, 6.05GB free) cpu=5.4% jobs=0 amber=0 queued=0 lanes=5
2026-09-13T07:40:43 SAMPLE   ram=64.0% (10.72GB used, 6.03GB free) cpu=14.8% jobs=0 amber=0 queued=0 lanes=5
2026-09-13T07:41:43 SAMPLE   ram=63.6% (10.65GB used, 6.10GB free) cpu=3.1% jobs=0 amber=0 queued=0 lanes=5
2026-09-13T07:42:43 SAMPLE   ram=63.7% (10.66GB used, 6.08GB free) cpu=12.8% jobs=0 amber=0 queued=0 lanes=5
2026-09-13T07:43:43 SAMPLE   ram=63.7% (10.67GB used, 6.08GB free) cpu=17.9% jobs=0 amber=0 queued=0 lanes=5
2026-09-13T07:44:43 SAMPLE   ram=63.7% (10.67GB used, 6.08GB free) cpu=12.5% jobs=0 amber=0 queued=0 lanes=5
2026-09-13T07:45:43 SAMPLE   ram=63.6% (10.66GB used, 6.09GB free) cpu=8.3% jobs=0 amber=0 queued=0 lanes=5
2026-09-13T07:46:43 SAMPLE   ram=63.1% (10.58GB used, 6.17GB free) cpu=3.9% jobs=0 amber=0 queued=0 lanes=5
2026-09-13T07:47:43 SAMPLE   ram=63.2% (10.59GB used, 6.16GB free) cpu=4.6% jobs=0 amber=0 queued=0 lanes=5
2026-09-13T07:48:43 SAMPLE   ram=63.4% (10.61GB used, 6.14GB free) cpu=5.5% jobs=0 amber=0 queued=0 lanes=5
2026-09-13T07:49:43 SAMPLE   ram=63.3% (10.60GB used, 6.16GB free) cpu=3.7% jobs=0 amber=0 queued=0 lanes=5
2026-09-13T07:50:43 SAMPLE   ram=63.3% (10.60GB used, 6.15GB free) cpu=5.2% jobs=0 amber=0 queued=0 lanes=5
2026-09-13T07:51:43 SAMPLE   ram=63.3% (10.61GB used, 6.14GB free) cpu=3.5% jobs=0 amber=0 queued=0 lanes=5
2026-09-13T07:52:43 SAMPLE   ram=63.2% (10.58GB used, 6.17GB free) cpu=12.3% jobs=0 amber=0 queued=0 lanes=5
2026-09-13T07:53:43 SAMPLE   ram=63.4% (10.62GB used, 6.13GB free) cpu=7.5% jobs=0 amber=0 queued=0 lanes=5
2026-09-13T07:54:43 SAMPLE   ram=63.3% (10.60GB used, 6.15GB free) cpu=13.7% jobs=0 amber=0 queued=0 lanes=5
2026-09-13T07:55:43 SAMPLE   ram=63.5% (10.63GB used, 6.12GB free) cpu=18.3% jobs=0 amber=0 queued=0 lanes=5
2026-09-13T07:56:43 SAMPLE   ram=62.9% (10.54GB used, 6.21GB free) cpu=6.3% jobs=0 amber=0 queued=0 lanes=5
2026-09-13T07:57:43 SAMPLE   ram=63.0% (10.56GB used, 6.19GB free) cpu=10.8% jobs=0 amber=0 queued=0 lanes=5
2026-09-13T07:58:43 SAMPLE   ram=63.2% (10.58GB used, 6.17GB free) cpu=11.1% jobs=0 amber=0 queued=0 lanes=5
2026-09-13T07:59:43 SAMPLE   ram=63.2% (10.58GB used, 6.17GB free) cpu=11.8% jobs=0 amber=0 queued=0 lanes=5
2026-09-13T08:00:43 SAMPLE   ram=63.3% (10.60GB used, 6.15GB free) cpu=16.2% jobs=0 amber=0 queued=0 lanes=5
2026-09-13T08:01:43 SAMPLE   ram=63.7% (10.67GB used, 6.08GB free) cpu=12.8% jobs=0 amber=0 queued=0 lanes=5
2026-09-13T08:02:43 SAMPLE   ram=63.8% (10.69GB used, 6.06GB free) cpu=5.5% jobs=0 amber=0 queued=0 lanes=5
2026-09-13T08:03:43 SAMPLE   ram=63.8% (10.69GB used, 6.06GB free) cpu=3.7% jobs=0 amber=0 queued=0 lanes=5
2026-09-13T08:04:43 SAMPLE   ram=63.9% (10.70GB used, 6.05GB free) cpu=5.4% jobs=0 amber=0 queued=0 lanes=5
2026-09-13T08:05:43 SAMPLE   ram=63.9% (10.70GB used, 6.05GB free) cpu=13.1% jobs=0 amber=0 queued=0 lanes=5
2026-09-13T08:06:43 SAMPLE   ram=63.6% (10.66GB used, 6.09GB free) cpu=5.9% jobs=0 amber=0 queued=0 lanes=5
2026-09-13T08:07:43 SAMPLE   ram=63.6% (10.65GB used, 6.09GB free) cpu=12.1% jobs=0 amber=0 queued=0 lanes=5
2026-09-13T08:08:43 SAMPLE   ram=63.6% (10.65GB used, 6.10GB free) cpu=5.6% jobs=0 amber=0 queued=0 lanes=5
2026-09-13T08:09:43 SAMPLE   ram=64.0% (10.72GB used, 6.03GB free) cpu=5.9% jobs=0 amber=0 queued=0 lanes=5
2026-09-13T08:10:43 SAMPLE   ram=64.1% (10.73GB used, 6.02GB free) cpu=10.8% jobs=0 amber=0 queued=0 lanes=5
2026-09-13T08:11:43 SAMPLE   ram=63.7% (10.67GB used, 6.08GB free) cpu=9.9% jobs=0 amber=0 queued=0 lanes=5
2026-09-13T08:12:43 SAMPLE   ram=63.7% (10.67GB used, 6.08GB free) cpu=12.9% jobs=0 amber=0 queued=0 lanes=5
2026-09-13T08:13:43 SAMPLE   ram=63.7% (10.67GB used, 6.08GB free) cpu=4.2% jobs=0 amber=0 queued=0 lanes=5
2026-09-13T08:14:43 SAMPLE   ram=63.8% (10.69GB used, 6.07GB free) cpu=5.8% jobs=0 amber=0 queued=0 lanes=5
2026-09-13T08:15:43 SAMPLE   ram=63.8% (10.69GB used, 6.06GB free) cpu=9.2% jobs=0 amber=0 queued=0 lanes=5
2026-09-13T08:16:43 SAMPLE   ram=63.9% (10.71GB used, 6.04GB free) cpu=14.2% jobs=0 amber=0 queued=0 lanes=5
2026-09-13T08:17:43 SAMPLE   ram=64.1% (10.73GB used, 6.02GB free) cpu=12.4% jobs=0 amber=0 queued=0 lanes=5
2026-09-13T08:18:43 SAMPLE   ram=64.0% (10.71GB used, 6.04GB free) cpu=5.0% jobs=0 amber=0 queued=0 lanes=5
2026-09-13T08:19:43 SAMPLE   ram=64.0% (10.72GB used, 6.03GB free) cpu=11.6% jobs=0 amber=0 queued=0 lanes=5
2026-09-13T08:20:43 SAMPLE   ram=63.9% (10.70GB used, 6.05GB free) cpu=8.8% jobs=0 amber=0 queued=0 lanes=5
2026-09-13T08:21:43 SAMPLE   ram=63.9% (10.71GB used, 6.04GB free) cpu=6.1% jobs=0 amber=0 queued=0 lanes=5
2026-09-13T08:22:43 SAMPLE   ram=62.4% (10.45GB used, 6.30GB free) cpu=10.2% jobs=0 amber=0 queued=0 lanes=5
2026-09-13T08:23:43 SAMPLE   ram=63.2% (10.59GB used, 6.16GB free) cpu=7.5% jobs=0 amber=0 queued=0 lanes=5
2026-09-13T08:24:43 SAMPLE   ram=62.9% (10.53GB used, 6.22GB free) cpu=4.9% jobs=0 amber=0 queued=0 lanes=5
2026-09-13T08:25:43 SAMPLE   ram=62.6% (10.49GB used, 6.26GB free) cpu=9.4% jobs=0 amber=0 queued=0 lanes=5
2026-09-13T08:26:43 SAMPLE   ram=62.4% (10.45GB used, 6.30GB free) cpu=3.8% jobs=0 amber=0 queued=0 lanes=5
2026-09-13T08:27:43 SAMPLE   ram=62.5% (10.47GB used, 6.28GB free) cpu=10.3% jobs=0 amber=0 queued=0 lanes=5
2026-09-13T08:28:43 SAMPLE   ram=62.5% (10.47GB used, 6.28GB free) cpu=12.5% jobs=0 amber=0 queued=0 lanes=5
2026-09-13T08:29:43 SAMPLE   ram=62.0% (10.39GB used, 6.36GB free) cpu=4.3% jobs=0 amber=0 queued=0 lanes=5
2026-09-13T08:30:43 SAMPLE   ram=62.2% (10.41GB used, 6.34GB free) cpu=3.8% jobs=0 amber=0 queued=0 lanes=5
2026-09-13T08:31:43 SAMPLE   ram=62.4% (10.45GB used, 6.30GB free) cpu=4.4% jobs=0 amber=0 queued=0 lanes=5
2026-09-13T08:32:43 SAMPLE   ram=62.2% (10.42GB used, 6.33GB free) cpu=11.9% jobs=0 amber=0 queued=0 lanes=5
2026-09-13T08:33:43 SAMPLE   ram=62.1% (10.40GB used, 6.35GB free) cpu=5.9% jobs=0 amber=0 queued=0 lanes=5
2026-09-13T08:34:43 SAMPLE   ram=64.8% (10.86GB used, 5.89GB free) cpu=12.3% jobs=0 amber=0 queued=0 lanes=5
2026-09-13T08:35:43 SAMPLE   ram=66.7% (11.17GB used, 5.58GB free) cpu=9.5% jobs=0 amber=0 queued=0 lanes=5
2026-09-13T08:36:43 SAMPLE   ram=66.2% (11.09GB used, 5.66GB free) cpu=9.9% jobs=0 amber=0 queued=0 lanes=5
2026-09-13T08:37:43 SAMPLE   ram=66.8% (11.19GB used, 5.56GB free) cpu=26.4% jobs=0 amber=0 queued=0 lanes=5
2026-09-13T08:38:33 REAP     i_equiv2_compare (pid 22388) is gone; registration removed
2026-09-13T08:38:43 SAMPLE   ram=66.9% (11.21GB used, 5.54GB free) cpu=19.1% jobs=0 amber=0 queued=0 lanes=5
2026-09-13T08:39:43 SAMPLE   ram=68.0% (11.39GB used, 5.36GB free) cpu=44.9% jobs=2 amber=0 queued=0 lanes=5
2026-09-13T08:40:24 RESTART  governor v1 pid 36196 terminated by the coordinator with no job registered; v2 band logic follows (ledger L18)
2026-09-13T08:40:35 START    governor v2 pid 25480 ceiling=93.0% hard(ram)=95.0%/15s cpu_resume=80.0% cpu_window=3 min_suspend=20s low=88.0%/60s sample=5s max_amber=2
2026-09-13T08:40:35 SAMPLE   ram=69.3% (11.60GB used, 5.15GB free) cpu=93.9% (15s mean 93.9%) jobs=2 amber=0 queued=0 lanes=5
2026-09-13T08:40:35 SUSPEND  a4_var agent=Q tag=CPU rss=0.05GB
2026-09-13T08:40:55 RESUME   a4_var agent=Q tag=CPU
2026-09-13T08:41:00 REAP     a2_dla (pid 34492) is gone; registration removed
2026-09-13T08:41:35 SAMPLE   ram=67.4% (11.29GB used, 5.46GB free) cpu=29.2% (15s mean 26.6%) jobs=2 amber=0 queued=0 lanes=5
2026-09-13T08:41:45 REAP     i_examine_full (pid 25340) is gone; registration removed
2026-09-13T08:42:35 SAMPLE   ram=68.0% (11.38GB used, 5.37GB free) cpu=24.6% (15s mean 25.7%) jobs=1 amber=0 queued=0 lanes=5
2026-09-13T08:43:35 SAMPLE   ram=71.3% (11.94GB used, 4.81GB free) cpu=59.8% (15s mean 53.3%) jobs=2 amber=0 queued=0 lanes=5
2026-09-13T08:44:35 SAMPLE   ram=71.6% (12.00GB used, 4.75GB free) cpu=49.3% (15s mean 53.3%) jobs=2 amber=0 queued=0 lanes=6
2026-09-13T08:45:35 REAP     p_b3_selftest (pid 20020) is gone; registration removed
2026-09-13T08:45:35 SAMPLE   ram=71.6% (11.99GB used, 4.76GB free) cpu=56.7% (15s mean 59.8%) jobs=2 amber=0 queued=0 lanes=5
2026-09-13T08:45:45 REAP     p_c4_features (pid 3556) is gone; registration removed
2026-09-13T08:45:50 REAP     p_c4_selftest (pid 3280) is gone; registration removed
2026-09-13T08:45:55 REAP     p_c5_selftest (pid 20776) is gone; registration removed
2026-09-13T08:46:35 SAMPLE   ram=71.8% (12.03GB used, 4.72GB free) cpu=48.5% (15s mean 46.5%) jobs=2 amber=0 queued=0 lanes=5
2026-09-13T08:47:35 SAMPLE   ram=71.4% (11.95GB used, 4.80GB free) cpu=44.3% (15s mean 48.5%) jobs=2 amber=0 queued=0 lanes=5
2026-09-13T08:47:55 REAP     p_c5_selftest2 (pid 33924) is gone; registration removed
2026-09-13T08:48:35 SAMPLE   ram=70.7% (11.85GB used, 4.90GB free) cpu=50.7% (15s mean 56.7%) jobs=2 amber=0 queued=0 lanes=5
2026-09-13T08:49:35 SAMPLE   ram=71.8% (12.02GB used, 4.73GB free) cpu=44.0% (15s mean 49.2%) jobs=2 amber=0 queued=0 lanes=5
2026-09-13T08:50:35 SAMPLE   ram=71.4% (11.96GB used, 4.79GB free) cpu=52.9% (15s mean 47.0%) jobs=2 amber=0 queued=0 lanes=5
2026-09-13T08:51:35 SAMPLE   ram=71.7% (12.01GB used, 4.74GB free) cpu=80.2% (15s mean 63.0%) jobs=2 amber=0 queued=0 lanes=5
2026-09-13T08:52:35 SAMPLE   ram=71.5% (11.97GB used, 4.78GB free) cpu=51.6% (15s mean 54.6%) jobs=2 amber=0 queued=0 lanes=6
2026-09-13T08:53:35 SAMPLE   ram=71.4% (11.95GB used, 4.80GB free) cpu=45.5% (15s mean 50.9%) jobs=2 amber=0 queued=0 lanes=6
2026-09-13T08:54:35 SAMPLE   ram=71.8% (12.03GB used, 4.72GB free) cpu=65.5% (15s mean 55.9%) jobs=2 amber=0 queued=0 lanes=6
2026-09-13T08:55:35 SAMPLE   ram=72.0% (12.05GB used, 4.70GB free) cpu=45.4% (15s mean 55.2%) jobs=2 amber=0 queued=0 lanes=6
2026-09-13T08:56:35 SAMPLE   ram=71.2% (11.93GB used, 4.82GB free) cpu=46.3% (15s mean 45.6%) jobs=2 amber=0 queued=0 lanes=6
2026-09-13T08:57:00 REAP     a_reproduce_head (pid 5832) is gone; registration removed
2026-09-13T08:57:35 SAMPLE   ram=71.2% (11.92GB used, 4.83GB free) cpu=49.3% (15s mean 46.6%) jobs=2 amber=0 queued=0 lanes=6
2026-09-13T08:58:35 SAMPLE   ram=71.8% (12.03GB used, 4.72GB free) cpu=60.2% (15s mean 56.7%) jobs=2 amber=0 queued=0 lanes=6
2026-09-13T08:59:35 SAMPLE   ram=71.5% (11.97GB used, 4.78GB free) cpu=48.5% (15s mean 53.7%) jobs=2 amber=0 queued=0 lanes=6
2026-09-13T09:00:35 SAMPLE   ram=71.2% (11.92GB used, 4.83GB free) cpu=43.8% (15s mean 43.9%) jobs=2 amber=0 queued=0 lanes=6
2026-09-13T09:01:35 SAMPLE   ram=69.1% (11.58GB used, 5.17GB free) cpu=44.9% (15s mean 48.2%) jobs=2 amber=0 queued=0 lanes=6
2026-09-13T09:02:35 SAMPLE   ram=70.4% (11.78GB used, 4.96GB free) cpu=44.2% (15s mean 43.3%) jobs=2 amber=0 queued=0 lanes=6
2026-09-13T09:03:35 SAMPLE   ram=70.3% (11.78GB used, 4.97GB free) cpu=64.4% (15s mean 50.6%) jobs=2 amber=0 queued=0 lanes=6
2026-09-13T09:04:35 SAMPLE   ram=70.4% (11.78GB used, 4.97GB free) cpu=57.1% (15s mean 49.2%) jobs=2 amber=0 queued=0 lanes=6
2026-09-13T09:05:35 SAMPLE   ram=70.3% (11.78GB used, 4.97GB free) cpu=44.7% (15s mean 44.9%) jobs=2 amber=0 queued=0 lanes=6
2026-09-13T09:06:35 SAMPLE   ram=70.0% (11.72GB used, 5.03GB free) cpu=63.7% (15s mean 62.3%) jobs=2 amber=0 queued=0 lanes=6
2026-09-13T09:07:35 SAMPLE   ram=69.3% (11.61GB used, 5.14GB free) cpu=45.2% (15s mean 44.2%) jobs=2 amber=0 queued=0 lanes=6
2026-09-13T09:08:35 SAMPLE   ram=69.7% (11.67GB used, 5.08GB free) cpu=57.7% (15s mean 56.9%) jobs=3 amber=0 queued=0 lanes=6
2026-09-13T09:09:35 SAMPLE   ram=69.8% (11.69GB used, 5.06GB free) cpu=48.4% (15s mean 47.6%) jobs=2 amber=0 queued=0 lanes=6
2026-09-13T09:10:05 REAP     w_selfcopy_test2 (pid 16240) is gone; registration removed
2026-09-13T09:10:35 SAMPLE   ram=73.0% (12.22GB used, 4.53GB free) cpu=80.3% (15s mean 64.6%) jobs=3 amber=0 queued=0 lanes=6
2026-09-13T09:11:35 SAMPLE   ram=69.8% (11.68GB used, 5.07GB free) cpu=43.6% (15s mean 45.5%) jobs=2 amber=0 queued=0 lanes=6
2026-09-13T09:12:35 SAMPLE   ram=72.2% (12.10GB used, 4.65GB free) cpu=69.9% (15s mean 70.6%) jobs=4 amber=0 queued=0 lanes=6
2026-09-13T09:13:36 SAMPLE   ram=72.5% (12.14GB used, 4.61GB free) cpu=75.4% (15s mean 74.2%) jobs=4 amber=0 queued=0 lanes=6
2026-09-13T09:14:36 SAMPLE   ram=72.2% (12.09GB used, 4.66GB free) cpu=70.8% (15s mean 71.2%) jobs=4 amber=0 queued=0 lanes=6
2026-09-13T09:15:36 SAMPLE   ram=72.3% (12.11GB used, 4.64GB free) cpu=72.4% (15s mean 71.4%) jobs=4 amber=0 queued=0 lanes=6
2026-09-13T09:16:36 SAMPLE   ram=72.2% (12.09GB used, 4.66GB free) cpu=67.9% (15s mean 72.0%) jobs=4 amber=0 queued=0 lanes=6
2026-09-13T09:17:36 SAMPLE   ram=72.4% (12.12GB used, 4.62GB free) cpu=93.0% (15s mean 85.8%) jobs=4 amber=0 queued=0 lanes=6
2026-09-13T09:18:36 SAMPLE   ram=72.6% (12.17GB used, 4.58GB free) cpu=75.2% (15s mean 79.1%) jobs=4 amber=0 queued=0 lanes=6
2026-09-13T09:19:36 SAMPLE   ram=73.6% (12.32GB used, 4.43GB free) cpu=88.5% (15s mean 83.9%) jobs=4 amber=0 queued=0 lanes=6
2026-09-13T09:20:36 SAMPLE   ram=73.5% (12.31GB used, 4.44GB free) cpu=74.3% (15s mean 79.0%) jobs=4 amber=0 queued=0 lanes=6
2026-09-13T09:21:36 SAMPLE   ram=73.5% (12.32GB used, 4.43GB free) cpu=71.4% (15s mean 74.4%) jobs=4 amber=0 queued=0 lanes=6
2026-09-13T09:22:36 SAMPLE   ram=73.8% (12.36GB used, 4.39GB free) cpu=76.0% (15s mean 76.8%) jobs=4 amber=0 queued=0 lanes=6
2026-09-13T09:23:36 SAMPLE   ram=73.7% (12.35GB used, 4.40GB free) cpu=70.4% (15s mean 69.2%) jobs=4 amber=0 queued=0 lanes=6
2026-09-13T09:24:36 SAMPLE   ram=74.2% (12.42GB used, 4.33GB free) cpu=86.1% (15s mean 79.4%) jobs=4 amber=0 queued=0 lanes=6
2026-09-13T09:25:36 SAMPLE   ram=73.9% (12.38GB used, 4.37GB free) cpu=76.6% (15s mean 72.9%) jobs=4 amber=0 queued=0 lanes=6
2026-09-13T09:25:41 REAP     a4_var (pid 34812) is gone; registration removed
2026-09-13T09:25:46 REAP     a_c26_phi_mae (pid 31104) is gone; registration removed
2026-09-13T09:25:51 REAP     ph_cis_floor (pid 23340) is gone; registration removed
2026-09-13T09:25:56 SUSPEND  p_eval_shipped agent=P tag=CPU rss=0.12GB
2026-09-13T09:26:01 SUSPEND  a1_build_s0 agent=Q tag=CPU rss=0.35GB
2026-09-13T09:26:16 RESUME   p_eval_shipped agent=P tag=CPU
2026-09-13T09:26:21 RESUME   a1_build_s0 agent=Q tag=CPU
2026-09-13T09:26:31 SUSPEND  p_eval_shipped agent=P tag=CPU rss=0.12GB
2026-09-13T09:26:36 SAMPLE   ram=76.4% (12.80GB used, 3.94GB free) cpu=89.7% (15s mean 96.5%) jobs=6 amber=0 queued=0 lanes=6
2026-09-13T09:26:36 SUSPEND  a1_build_s0 agent=Q tag=CPU rss=0.35GB
2026-09-13T09:26:51 RESUME   p_eval_shipped agent=P tag=CPU
2026-09-13T09:27:36 SAMPLE   ram=76.8% (12.86GB used, 3.89GB free) cpu=87.5% (15s mean 86.2%) jobs=6 amber=0 queued=0 lanes=6
2026-09-13T09:28:36 SAMPLE   ram=76.9% (12.88GB used, 3.87GB free) cpu=96.2% (15s mean 90.6%) jobs=6 amber=0 queued=0 lanes=6
2026-09-13T09:28:41 SUSPEND  p_eval_shipped agent=P tag=CPU rss=0.12GB
2026-09-13T09:29:31 RESUME   p_eval_shipped agent=P tag=CPU
2026-09-13T09:29:36 SAMPLE   ram=77.1% (12.91GB used, 3.84GB free) cpu=88.5% (15s mean 81.1%) jobs=6 amber=0 queued=0 lanes=6
2026-09-13T09:30:16 SUSPEND  p_eval_shipped agent=P tag=CPU rss=0.12GB
2026-09-13T09:30:21 SUSPEND  a1_build_s1 agent=Q tag=CPU rss=0.37GB
2026-09-13T09:30:36 SAMPLE   ram=77.2% (12.94GB used, 3.81GB free) cpu=86.1% (15s mean 81.7%) jobs=6 amber=0 queued=0 lanes=6
2026-09-13T09:30:51 RESUME   a1_build_s0 agent=Q tag=CPU
2026-09-13T09:31:21 SUSPEND  p_eval_shipped agent=P tag=CPU rss=0.12GB
2026-09-13T09:31:36 SAMPLE   ram=77.6% (13.00GB used, 3.75GB free) cpu=84.3% (15s mean 83.2%) jobs=6 amber=0 queued=0 lanes=6
2026-09-13T09:32:11 RESUME   p_eval_shipped agent=P tag=CPU
2026-09-13T09:32:36 SAMPLE   ram=76.8% (12.86GB used, 3.89GB free) cpu=67.3% (15s mean 70.5%) jobs=6 amber=0 queued=0 lanes=6
2026-09-13T09:33:36 SAMPLE   ram=76.6% (12.83GB used, 3.92GB free) cpu=67.0% (15s mean 67.8%) jobs=6 amber=0 queued=0 lanes=6
2026-09-13T09:34:16 REAP     w_selfcopy_retrieval (pid 16352) is gone; registration removed
2026-09-13T09:34:36 SAMPLE   ram=74.2% (12.43GB used, 4.32GB free) cpu=52.3% (15s mean 52.9%) jobs=5 amber=0 queued=0 lanes=6
2026-09-13T09:35:36 SAMPLE   ram=74.2% (12.43GB used, 4.32GB free) cpu=53.4% (15s mean 53.3%) jobs=5 amber=0 queued=0 lanes=6
2026-09-13T09:36:36 SAMPLE   ram=73.9% (12.39GB used, 4.36GB free) cpu=52.7% (15s mean 52.7%) jobs=5 amber=0 queued=0 lanes=6
2026-09-13T09:37:36 SAMPLE   ram=73.9% (12.37GB used, 4.38GB free) cpu=68.3% (15s mean 70.5%) jobs=5 amber=0 queued=0 lanes=6
2026-09-13T09:38:36 SAMPLE   ram=75.5% (12.65GB used, 4.10GB free) cpu=96.2% (15s mean 84.8%) jobs=5 amber=0 queued=0 lanes=6
2026-09-13T09:39:36 SAMPLE   ram=80.1% (13.41GB used, 3.33GB free) cpu=99.5% (15s mean 75.5%) jobs=5 amber=0 queued=0 lanes=6
2026-09-13T09:40:36 SAMPLE   ram=82.1% (13.75GB used, 3.00GB free) cpu=55.3% (15s mean 56.2%) jobs=5 amber=0 queued=0 lanes=6
2026-09-13T09:41:36 SAMPLE   ram=80.1% (13.43GB used, 3.33GB free) cpu=56.2% (15s mean 56.8%) jobs=5 amber=0 queued=0 lanes=6
2026-09-13T09:42:36 SAMPLE   ram=80.1% (13.42GB used, 3.33GB free) cpu=55.7% (15s mean 55.5%) jobs=5 amber=0 queued=0 lanes=6
2026-09-13T09:43:36 SAMPLE   ram=79.9% (13.38GB used, 3.37GB free) cpu=54.8% (15s mean 55.8%) jobs=5 amber=0 queued=0 lanes=6
2026-09-13T09:44:36 SAMPLE   ram=79.5% (13.31GB used, 3.44GB free) cpu=57.5% (15s mean 55.2%) jobs=5 amber=0 queued=0 lanes=6
2026-09-13T09:45:36 SAMPLE   ram=79.9% (13.38GB used, 3.37GB free) cpu=55.6% (15s mean 56.0%) jobs=5 amber=0 queued=0 lanes=6
2026-09-13T09:46:36 SAMPLE   ram=77.9% (13.05GB used, 3.70GB free) cpu=56.0% (15s mean 55.5%) jobs=5 amber=0 queued=0 lanes=6
2026-09-13T09:47:36 SAMPLE   ram=78.0% (13.06GB used, 3.69GB free) cpu=56.8% (15s mean 56.2%) jobs=5 amber=0 queued=0 lanes=6
2026-09-13T09:48:36 SAMPLE   ram=78.0% (13.07GB used, 3.68GB free) cpu=55.5% (15s mean 57.5%) jobs=5 amber=0 queued=0 lanes=6
2026-09-13T09:49:36 SAMPLE   ram=78.0% (13.07GB used, 3.68GB free) cpu=62.1% (15s mean 65.0%) jobs=5 amber=0 queued=0 lanes=6
2026-09-13T09:50:36 SAMPLE   ram=78.8% (13.19GB used, 3.56GB free) cpu=62.9% (15s mean 59.1%) jobs=5 amber=0 queued=0 lanes=6
2026-09-13T09:51:36 SAMPLE   ram=74.8% (12.52GB used, 4.23GB free) cpu=41.1% (15s mean 38.9%) jobs=4 amber=0 queued=0 lanes=6
2026-09-13T09:52:36 SAMPLE   ram=75.1% (12.57GB used, 4.18GB free) cpu=38.8% (15s mean 37.5%) jobs=4 amber=0 queued=0 lanes=6
2026-09-13T09:53:36 SAMPLE   ram=75.0% (12.57GB used, 4.18GB free) cpu=31.8% (15s mean 31.6%) jobs=4 amber=0 queued=0 lanes=6
2026-09-13T09:54:36 SAMPLE   ram=76.3% (12.78GB used, 3.98GB free) cpu=31.4% (15s mean 37.1%) jobs=4 amber=0 queued=0 lanes=6
2026-09-13T09:55:36 SAMPLE   ram=76.7% (12.85GB used, 3.90GB free) cpu=36.0% (15s mean 39.2%) jobs=4 amber=0 queued=0 lanes=6
2026-09-13T09:56:36 SAMPLE   ram=74.7% (12.51GB used, 4.24GB free) cpu=40.0% (15s mean 38.1%) jobs=4 amber=0 queued=0 lanes=6
2026-09-13T09:57:36 SAMPLE   ram=77.1% (12.92GB used, 3.83GB free) cpu=49.3% (15s mean 36.5%) jobs=7 amber=0 queued=0 lanes=6
2026-09-13T09:57:56 SUSPEND  ph_reject_cloud agent=PH tag=CPU rss=0.04GB
2026-09-13T09:58:01 SUSPEND  w_train_chain agent=W tag=CPU rss=1.21GB
2026-09-13T09:58:16 RESUME   ph_reject_cloud agent=PH tag=CPU
2026-09-13T09:58:21 RESUME   w_train_chain agent=W tag=CPU
2026-09-13T09:58:36 SAMPLE   ram=86.6% (14.50GB used, 2.25GB free) cpu=79.0% (15s mean 79.0%) jobs=6 amber=0 queued=0 lanes=6
2026-09-13T09:59:36 SAMPLE   ram=86.5% (14.49GB used, 2.26GB free) cpu=79.0% (15s mean 79.9%) jobs=6 amber=0 queued=0 lanes=6
2026-09-13T10:00:11 SUSPEND  ph_reject_cloud agent=PH tag=CPU rss=0.04GB
2026-09-13T10:00:16 SUSPEND  w_train_chain agent=W tag=CPU rss=1.24GB
2026-09-13T10:00:31 RESUME   ph_reject_cloud agent=PH tag=CPU
2026-09-13T10:00:36 SAMPLE   ram=88.1% (14.75GB used, 2.00GB free) cpu=66.9% (15s mean 56.0%) jobs=6 amber=0 queued=0 lanes=6
2026-09-13T10:00:36 RESUME   w_train_chain agent=W tag=CPU
2026-09-13T10:00:56 SUSPEND  ph_reject_cloud agent=PH tag=CPU rss=0.04GB
2026-09-13T10:01:16 RESUME   ph_reject_cloud agent=PH tag=CPU
2026-09-13T10:01:36 SAMPLE   ram=87.1% (14.58GB used, 2.17GB free) cpu=88.9% (15s mean 87.1%) jobs=6 amber=0 queued=0 lanes=6
2026-09-13T10:02:36 SAMPLE   ram=86.7% (14.52GB used, 2.23GB free) cpu=89.5% (15s mean 91.0%) jobs=6 amber=0 queued=0 lanes=6
2026-09-13T10:03:36 SAMPLE   ram=86.7% (14.53GB used, 2.22GB free) cpu=87.5% (15s mean 90.0%) jobs=6 amber=0 queued=0 lanes=6
2026-09-13T10:04:36 SAMPLE   ram=87.0% (14.57GB used, 2.18GB free) cpu=81.7% (15s mean 85.1%) jobs=6 amber=0 queued=0 lanes=6
2026-09-13T10:05:36 SAMPLE   ram=87.2% (14.61GB used, 2.14GB free) cpu=86.3% (15s mean 82.3%) jobs=6 amber=0 queued=0 lanes=6
2026-09-13T10:06:36 SAMPLE   ram=86.5% (14.49GB used, 2.25GB free) cpu=95.4% (15s mean 88.4%) jobs=6 amber=0 queued=0 lanes=6
2026-09-13T10:06:46 SUSPEND  ph_reject_cloud agent=PH tag=CPU rss=0.04GB
2026-09-13T10:06:51 SUSPEND  w_train_chain agent=W tag=CPU rss=1.24GB
2026-09-13T10:07:06 RESUME   ph_reject_cloud agent=PH tag=CPU
2026-09-13T10:07:11 RESUME   w_train_chain agent=W tag=CPU
2026-09-13T10:07:36 SAMPLE   ram=86.2% (14.44GB used, 2.31GB free) cpu=98.2% (15s mean 92.1%) jobs=6 amber=0 queued=0 lanes=6
2026-09-13T10:07:41 SUSPEND  ph_reject_cloud agent=PH tag=CPU rss=0.04GB
2026-09-13T10:08:01 RESUME   ph_reject_cloud agent=PH tag=CPU
2026-09-13T10:08:36 SAMPLE   ram=86.4% (14.48GB used, 2.27GB free) cpu=86.9% (15s mean 87.2%) jobs=6 amber=0 queued=0 lanes=6
2026-09-13T10:09:31 SUSPEND  ph_reject_cloud agent=PH tag=CPU rss=0.04GB
2026-09-13T10:09:36 SAMPLE   ram=86.9% (14.56GB used, 2.19GB free) cpu=67.9% (15s mean 87.9%) jobs=6 amber=0 queued=0 lanes=6
2026-09-13T10:10:01 RESUME   ph_reject_cloud agent=PH tag=CPU
2026-09-13T10:10:36 SAMPLE   ram=87.5% (14.66GB used, 2.09GB free) cpu=80.7% (15s mean 80.1%) jobs=6 amber=0 queued=0 lanes=6
2026-09-13T19:11:41 START    governor v2 pid 26384 ceiling=93.0% hard(ram)=95.0%/15s cpu_resume=80.0% cpu_window=3 min_suspend=20s low=88.0%/60s sample=5s max_amber=2
2026-09-13T19:11:41 REAP     a1_build_s0 (pid 5984) is gone; registration removed
2026-09-13T19:11:41 REAP     a1_build_s1 (pid 3388) is gone; registration removed
2026-09-13T19:11:41 REAP     p_eval_shipped (pid 3088) is gone; registration removed
2026-09-13T19:11:41 REAP     p_train_raw (pid 30204) is gone; registration removed
2026-09-13T19:11:41 REAP     ph_reject_cloud (pid 29612) is gone; registration removed
2026-09-13T19:11:41 REAP     w_train_chain (pid 12052) is gone; registration removed
2026-09-13T19:11:41 SAMPLE   ram=87.1% (14.59GB used, 2.16GB free) cpu=100.0% (15s mean 100.0%) jobs=1 amber=0 queued=0 lanes=6
2026-09-13T19:11:41 SUSPEND  p_eval_noesm agent=P tag=CPU rss=0.27GB
2026-09-13T19:11:46 REAP     p_train_conly_p2 (pid 13208) is gone; registration removed
2026-09-13T19:11:51 REAP     p_train_pca32_p2 (pid 26540) is gone; registration removed
2026-09-13T19:12:01 RESUME   p_eval_noesm agent=P tag=CPU
2026-09-13T19:12:11 REAP     p_train_pca128_p2 (pid 19076) is gone; registration removed
2026-09-13T19:12:16 REAP     p_featurise_esm8m_p2 (pid 38344) is gone; registration removed
2026-09-13T19:12:26 REAP     p_train_esm8m_p2 (pid 21324) is gone; registration removed
2026-09-13T19:12:36 SUSPEND  p_train_raw_p2 agent=P tag=CPU rss=0.79GB
2026-09-13T19:12:41 SAMPLE   ram=93.6% (15.68GB used, 1.07GB free) cpu=38.0% (15s mean 49.5%) jobs=2 amber=0 queued=0 lanes=6
2026-09-13T19:12:41 SUSPEND  p_eval_noesm agent=P tag=CPU rss=0.30GB
2026-09-13T19:12:46 REAP     p_train_raw_p2 (pid 2340) is gone; registration removed
2026-09-13T19:13:01 REAP     p_eval_noesm (pid 19928) is gone; registration removed
2026-09-13T19:13:41 SAMPLE   ram=83.5% (13.98GB used, 2.77GB free) cpu=17.1% (15s mean 19.0%) jobs=0 amber=0 queued=0 lanes=6
2026-09-13T19:14:41 SAMPLE   ram=83.8% (14.04GB used, 2.71GB free) cpu=16.4% (15s mean 17.7%) jobs=0 amber=0 queued=0 lanes=6
2026-09-13T19:15:41 SAMPLE   ram=87.3% (14.63GB used, 2.12GB free) cpu=51.0% (15s mean 42.4%) jobs=1 amber=0 queued=0 lanes=7
2026-09-13T19:15:56 SUSPEND  a1_build agent=Q tag=CPU rss=0.35GB
2026-09-13T19:16:31 SUSPEND  ph_reject_cloud2 agent=PH tag=CPU rss=0.03GB
2026-09-13T19:16:36 SUSPEND  w_endpoint_report agent=W tag=CPU rss=0.21GB
2026-09-13T19:16:41 SAMPLE   ram=93.8% (15.72GB used, 1.03GB free) cpu=22.1% (15s mean 35.3%) jobs=3 amber=0 queued=0 lanes=7
2026-09-13T19:17:36 SUSPEND  e_report_check agent=E tag=CPU rss=0.03GB
2026-09-13T19:17:41 SAMPLE   ram=93.2% (15.62GB used, 1.13GB free) cpu=6.8% (15s mean 9.8%) jobs=4 amber=0 queued=0 lanes=7
2026-09-13T19:18:26 RESUME   e_report_check agent=E tag=CPU
2026-09-13T19:18:31 RESUME   w_endpoint_report agent=W tag=CPU
2026-09-13T19:18:36 RESUME   ph_reject_cloud2 agent=PH tag=CPU
2026-09-13T19:18:41 SAMPLE   ram=87.6% (14.66GB used, 2.08GB free) cpu=46.1% (15s mean 40.7%) jobs=4 amber=0 queued=0 lanes=7
2026-09-13T19:18:41 RESUME   a1_build agent=Q tag=CPU
2026-09-13T19:19:41 SAMPLE   ram=85.7% (14.36GB used, 2.39GB free) cpu=62.9% (15s mean 49.8%) jobs=3 amber=0 queued=0 lanes=7
2026-09-13T19:20:41 SAMPLE   ram=84.8% (14.21GB used, 2.54GB free) cpu=50.2% (15s mean 51.5%) jobs=3 amber=0 queued=0 lanes=7
2026-09-13T19:21:41 SAMPLE   ram=85.1% (14.26GB used, 2.50GB free) cpu=75.3% (15s mean 66.5%) jobs=3 amber=0 queued=0 lanes=7
2026-09-13T19:22:41 SAMPLE   ram=86.1% (14.42GB used, 2.33GB free) cpu=62.8% (15s mean 69.7%) jobs=3 amber=0 queued=0 lanes=7
2026-09-13T19:23:41 SAMPLE   ram=86.0% (14.41GB used, 2.34GB free) cpu=65.5% (15s mean 57.5%) jobs=3 amber=0 queued=0 lanes=7
2026-09-13T19:24:41 SAMPLE   ram=86.9% (14.55GB used, 2.20GB free) cpu=46.5% (15s mean 49.5%) jobs=3 amber=0 queued=0 lanes=7
2026-09-13T19:25:41 SAMPLE   ram=87.6% (14.67GB used, 2.08GB free) cpu=42.4% (15s mean 42.0%) jobs=2 amber=0 queued=0 lanes=7
2026-09-13T19:26:41 SAMPLE   ram=87.1% (14.58GB used, 2.17GB free) cpu=42.7% (15s mean 44.6%) jobs=2 amber=0 queued=0 lanes=7
2026-09-13T19:26:56 REAP     e_report_check2 (pid 29900) is gone; registration removed
2026-09-13T19:27:41 SAMPLE   ram=87.2% (14.61GB used, 2.14GB free) cpu=34.3% (15s mean 43.1%) jobs=2 amber=0 queued=0 lanes=7
2026-09-13T19:28:41 SAMPLE   ram=86.3% (14.45GB used, 2.30GB free) cpu=36.2% (15s mean 44.0%) jobs=2 amber=0 queued=0 lanes=7
2026-09-13T19:29:41 SAMPLE   ram=87.9% (14.72GB used, 2.03GB free) cpu=58.1% (15s mean 44.7%) jobs=2 amber=0 queued=0 lanes=7
2026-09-13T19:30:21 REAP     w_identity_floor_stats (pid 13564) is gone; registration removed
2026-09-13T19:30:41 SAMPLE   ram=88.3% (14.79GB used, 1.97GB free) cpu=47.9% (15s mean 48.0%) jobs=3 amber=0 queued=0 lanes=7
2026-09-13T19:31:41 SAMPLE   ram=75.9% (12.71GB used, 4.04GB free) cpu=55.7% (15s mean 60.2%) jobs=4 amber=0 queued=0 lanes=7
2026-09-13T19:31:56 REAP     ph_strain_rep (pid 31140) is gone; registration removed
2026-09-13T19:32:41 SAMPLE   ram=75.1% (12.58GB used, 4.17GB free) cpu=48.1% (15s mean 45.6%) jobs=3 amber=0 queued=0 lanes=7
2026-09-13T19:33:41 SAMPLE   ram=76.4% (12.79GB used, 3.96GB free) cpu=73.9% (15s mean 65.2%) jobs=4 amber=0 queued=0 lanes=7
2026-09-13T19:34:41 SAMPLE   ram=76.3% (12.78GB used, 3.97GB free) cpu=60.5% (15s mean 63.3%) jobs=4 amber=0 queued=0 lanes=7
2026-09-13T19:35:41 SAMPLE   ram=74.4% (12.46GB used, 4.29GB free) cpu=57.6% (15s mean 57.9%) jobs=4 amber=0 queued=0 lanes=7
2026-09-13T19:37:13 START    governor v2 pid 3664 ceiling=93.0% hard(ram)=95.0%/15s cpu_resume=80.0% cpu_window=3 min_suspend=20s low=88.0%/60s sample=5s max_amber=2
2026-09-13T19:37:13 SAMPLE   ram=75.4% (12.62GB used, 4.13GB free) cpu=87.8% (15s mean 87.8%) jobs=4 amber=0 queued=0 lanes=7
2026-09-13T19:38:13 SAMPLE   ram=75.0% (12.56GB used, 4.19GB free) cpu=57.2% (15s mean 60.4%) jobs=4 amber=0 queued=0 lanes=7
2026-09-13T19:39:13 SAMPLE   ram=74.9% (12.55GB used, 4.20GB free) cpu=58.1% (15s mean 57.5%) jobs=4 amber=0 queued=0 lanes=7
2026-09-13T19:40:13 SAMPLE   ram=75.1% (12.59GB used, 4.16GB free) cpu=71.9% (15s mean 68.4%) jobs=4 amber=0 queued=0 lanes=7
2026-09-13T19:41:13 SAMPLE   ram=76.1% (12.75GB used, 4.00GB free) cpu=55.8% (15s mean 63.6%) jobs=4 amber=0 queued=0 lanes=7
2026-09-13T19:42:13 SAMPLE   ram=74.0% (12.39GB used, 4.36GB free) cpu=56.1% (15s mean 57.4%) jobs=4 amber=0 queued=0 lanes=7
2026-09-13T19:43:13 SAMPLE   ram=74.5% (12.47GB used, 4.28GB free) cpu=58.4% (15s mean 64.5%) jobs=4 amber=0 queued=0 lanes=7
2026-09-13T19:44:13 SAMPLE   ram=74.4% (12.46GB used, 4.29GB free) cpu=64.2% (15s mean 66.4%) jobs=4 amber=0 queued=0 lanes=7
2026-09-13T19:45:13 SAMPLE   ram=74.8% (12.54GB used, 4.21GB free) cpu=57.6% (15s mean 62.3%) jobs=4 amber=0 queued=0 lanes=7
2026-09-13T19:46:13 SAMPLE   ram=75.0% (12.56GB used, 4.19GB free) cpu=58.2% (15s mean 65.8%) jobs=4 amber=0 queued=0 lanes=7
2026-09-13T19:47:13 SAMPLE   ram=74.4% (12.46GB used, 4.29GB free) cpu=56.6% (15s mean 58.4%) jobs=4 amber=0 queued=0 lanes=7
2026-09-13T19:48:13 SAMPLE   ram=73.8% (12.36GB used, 4.39GB free) cpu=64.7% (15s mean 71.0%) jobs=4 amber=0 queued=0 lanes=7
2026-09-13T19:49:13 SAMPLE   ram=73.6% (12.33GB used, 4.42GB free) cpu=57.9% (15s mean 59.8%) jobs=4 amber=0 queued=0 lanes=7
2026-09-13T19:50:13 SAMPLE   ram=72.9% (12.20GB used, 4.55GB free) cpu=62.3% (15s mean 59.4%) jobs=4 amber=0 queued=0 lanes=7
2026-09-13T19:51:13 SAMPLE   ram=77.4% (12.96GB used, 3.79GB free) cpu=99.6% (15s mean 93.8%) jobs=4 amber=0 queued=0 lanes=7
2026-09-13T19:51:13 SUSPEND  ph_branch_solutions agent=PH tag=CPU rss=0.09GB
2026-09-13T19:51:33 RESUME   ph_branch_solutions agent=PH tag=CPU
2026-09-13T19:52:03 REAP     e_report_check4 (pid 32040) is gone; registration removed
2026-09-13T19:52:13 SAMPLE   ram=77.5% (12.99GB used, 3.76GB free) cpu=69.4% (15s mean 59.3%) jobs=4 amber=0 queued=0 lanes=7
2026-09-13T19:53:13 SAMPLE   ram=77.5% (12.98GB used, 3.77GB free) cpu=57.7% (15s mean 64.2%) jobs=4 amber=0 queued=0 lanes=7
2026-09-13T19:54:13 SAMPLE   ram=76.8% (12.86GB used, 3.89GB free) cpu=56.0% (15s mean 56.7%) jobs=4 amber=0 queued=0 lanes=7
2026-09-13T19:55:13 SAMPLE   ram=76.7% (12.85GB used, 3.90GB free) cpu=57.2% (15s mean 57.2%) jobs=4 amber=0 queued=0 lanes=7
2026-09-13T19:56:13 SAMPLE   ram=77.0% (12.89GB used, 3.86GB free) cpu=55.4% (15s mean 56.5%) jobs=4 amber=0 queued=0 lanes=7
2026-09-13T19:57:13 SAMPLE   ram=76.4% (12.79GB used, 3.96GB free) cpu=56.4% (15s mean 56.6%) jobs=4 amber=0 queued=0 lanes=7
2026-09-13T19:58:13 SAMPLE   ram=74.6% (12.50GB used, 4.25GB free) cpu=57.8% (15s mean 56.9%) jobs=4 amber=0 queued=0 lanes=7
2026-09-13T19:59:13 SAMPLE   ram=74.5% (12.48GB used, 4.27GB free) cpu=56.1% (15s mean 56.7%) jobs=4 amber=0 queued=0 lanes=7
2026-09-13T20:00:13 SAMPLE   ram=74.5% (12.48GB used, 4.27GB free) cpu=59.3% (15s mean 57.7%) jobs=4 amber=0 queued=0 lanes=7
2026-09-13T20:00:48 REAP     p_eval_noesm2 (pid 38164) is gone; registration removed
2026-09-13T20:01:13 SAMPLE   ram=75.0% (12.56GB used, 4.19GB free) cpu=58.4% (15s mean 58.7%) jobs=4 amber=1 queued=0 lanes=7
2026-09-13T20:01:58 REAP     ph_branch_probe (pid 16772) is gone; registration removed
2026-09-13T20:02:13 SAMPLE   ram=74.5% (12.48GB used, 4.27GB free) cpu=53.8% (15s mean 61.7%) jobs=4 amber=0 queued=0 lanes=7
2026-09-13T20:03:13 SAMPLE   ram=73.9% (12.37GB used, 4.38GB free) cpu=58.0% (15s mean 57.4%) jobs=4 amber=0 queued=0 lanes=7
2026-09-13T20:04:13 SAMPLE   ram=74.4% (12.46GB used, 4.29GB free) cpu=56.3% (15s mean 68.1%) jobs=4 amber=0 queued=0 lanes=7
2026-09-13T20:05:13 SAMPLE   ram=74.3% (12.45GB used, 4.30GB free) cpu=57.2% (15s mean 57.4%) jobs=4 amber=0 queued=0 lanes=7
2026-09-13T20:06:13 SAMPLE   ram=74.8% (12.52GB used, 4.23GB free) cpu=55.3% (15s mean 56.3%) jobs=4 amber=0 queued=0 lanes=7
2026-09-13T20:07:13 SAMPLE   ram=74.3% (12.45GB used, 4.30GB free) cpu=57.1% (15s mean 57.1%) jobs=4 amber=0 queued=0 lanes=7
2026-09-13T20:08:13 SAMPLE   ram=73.5% (12.32GB used, 4.43GB free) cpu=58.4% (15s mean 58.1%) jobs=4 amber=0 queued=0 lanes=7
2026-09-13T20:09:13 SAMPLE   ram=73.6% (12.33GB used, 4.42GB free) cpu=56.6% (15s mean 57.2%) jobs=4 amber=0 queued=0 lanes=7
2026-09-13T20:10:13 SAMPLE   ram=73.0% (12.23GB used, 4.52GB free) cpu=56.0% (15s mean 57.1%) jobs=4 amber=0 queued=0 lanes=7
2026-09-13T20:11:13 SAMPLE   ram=73.5% (12.31GB used, 4.44GB free) cpu=59.3% (15s mean 58.1%) jobs=4 amber=0 queued=0 lanes=7
2026-09-13T20:12:13 SAMPLE   ram=73.4% (12.30GB used, 4.45GB free) cpu=57.2% (15s mean 57.1%) jobs=4 amber=0 queued=0 lanes=7
2026-09-13T20:12:18 REAP     p_eval_conly (pid 15380) is gone; registration removed
2026-09-13T20:13:13 SAMPLE   ram=73.0% (12.23GB used, 4.52GB free) cpu=57.8% (15s mean 57.5%) jobs=4 amber=1 queued=0 lanes=7
2026-09-13T20:14:13 SAMPLE   ram=72.8% (12.20GB used, 4.55GB free) cpu=56.4% (15s mean 56.9%) jobs=4 amber=1 queued=0 lanes=7
2026-09-13T20:15:13 SAMPLE   ram=73.0% (12.23GB used, 4.52GB free) cpu=54.0% (15s mean 54.8%) jobs=4 amber=1 queued=0 lanes=7
2026-09-13T20:16:13 SAMPLE   ram=73.5% (12.31GB used, 4.44GB free) cpu=56.2% (15s mean 55.6%) jobs=4 amber=1 queued=0 lanes=7
2026-09-13T20:17:13 SAMPLE   ram=73.0% (12.23GB used, 4.52GB free) cpu=55.1% (15s mean 55.6%) jobs=4 amber=1 queued=0 lanes=7
2026-09-13T20:18:13 SAMPLE   ram=72.5% (12.15GB used, 4.60GB free) cpu=56.2% (15s mean 56.2%) jobs=4 amber=1 queued=0 lanes=7
2026-09-13T20:19:13 SAMPLE   ram=72.7% (12.17GB used, 4.58GB free) cpu=52.7% (15s mean 55.4%) jobs=4 amber=1 queued=0 lanes=7
2026-09-13T20:20:13 SAMPLE   ram=72.7% (12.17GB used, 4.58GB free) cpu=56.2% (15s mean 55.6%) jobs=4 amber=1 queued=0 lanes=7
2026-09-13T20:21:13 SAMPLE   ram=73.1% (12.24GB used, 4.51GB free) cpu=54.6% (15s mean 55.8%) jobs=4 amber=1 queued=0 lanes=7
2026-09-13T20:22:13 SAMPLE   ram=72.8% (12.19GB used, 4.56GB free) cpu=54.3% (15s mean 56.1%) jobs=4 amber=1 queued=0 lanes=7
2026-09-13T20:23:13 SAMPLE   ram=72.1% (12.07GB used, 4.68GB free) cpu=57.5% (15s mean 56.6%) jobs=4 amber=1 queued=0 lanes=7
2026-09-13T20:24:13 SAMPLE   ram=72.0% (12.06GB used, 4.69GB free) cpu=56.7% (15s mean 58.0%) jobs=4 amber=1 queued=0 lanes=7
2026-09-13T20:25:13 SAMPLE   ram=72.0% (12.06GB used, 4.68GB free) cpu=57.2% (15s mean 56.8%) jobs=4 amber=1 queued=0 lanes=7
2026-09-13T20:26:13 SAMPLE   ram=72.4% (12.13GB used, 4.62GB free) cpu=57.9% (15s mean 56.1%) jobs=4 amber=1 queued=0 lanes=7
2026-09-13T20:27:13 SAMPLE   ram=72.2% (12.09GB used, 4.66GB free) cpu=57.8% (15s mean 56.2%) jobs=4 amber=1 queued=0 lanes=7
2026-09-13T20:28:13 SAMPLE   ram=70.8% (11.86GB used, 4.89GB free) cpu=57.3% (15s mean 57.6%) jobs=4 amber=1 queued=0 lanes=7
2026-09-13T20:29:13 SAMPLE   ram=70.7% (11.84GB used, 4.91GB free) cpu=58.2% (15s mean 57.3%) jobs=4 amber=1 queued=0 lanes=7
2026-09-13T20:30:13 SAMPLE   ram=71.0% (11.90GB used, 4.85GB free) cpu=57.3% (15s mean 56.2%) jobs=4 amber=1 queued=0 lanes=7
2026-09-13T20:31:13 SAMPLE   ram=71.4% (11.96GB used, 4.79GB free) cpu=57.2% (15s mean 55.7%) jobs=4 amber=1 queued=0 lanes=7
2026-09-13T20:32:13 SAMPLE   ram=70.9% (11.88GB used, 4.87GB free) cpu=55.8% (15s mean 56.8%) jobs=4 amber=1 queued=0 lanes=7
2026-09-13T20:33:13 SAMPLE   ram=70.6% (11.83GB used, 4.92GB free) cpu=58.3% (15s mean 63.8%) jobs=4 amber=1 queued=0 lanes=7
2026-09-13T20:34:13 SAMPLE   ram=70.7% (11.84GB used, 4.91GB free) cpu=57.2% (15s mean 56.8%) jobs=4 amber=1 queued=0 lanes=7
2026-09-13T20:35:13 SAMPLE   ram=70.8% (11.86GB used, 4.88GB free) cpu=55.5% (15s mean 56.9%) jobs=4 amber=1 queued=0 lanes=7
2026-09-13T20:36:13 SAMPLE   ram=71.4% (11.95GB used, 4.80GB free) cpu=55.8% (15s mean 56.3%) jobs=4 amber=1 queued=0 lanes=7
2026-09-13T20:37:13 SAMPLE   ram=70.8% (11.86GB used, 4.89GB free) cpu=56.9% (15s mean 56.7%) jobs=4 amber=1 queued=0 lanes=7
2026-09-13T20:38:13 SAMPLE   ram=70.1% (11.75GB used, 5.00GB free) cpu=57.0% (15s mean 58.0%) jobs=4 amber=1 queued=0 lanes=7
2026-09-13T20:39:13 SAMPLE   ram=69.7% (11.67GB used, 5.08GB free) cpu=56.5% (15s mean 56.5%) jobs=4 amber=1 queued=0 lanes=7
2026-09-13T20:40:13 SAMPLE   ram=70.0% (11.73GB used, 5.02GB free) cpu=57.8% (15s mean 57.0%) jobs=4 amber=1 queued=0 lanes=7
2026-09-13T20:41:13 SAMPLE   ram=71.6% (12.00GB used, 4.75GB free) cpu=57.2% (15s mean 56.6%) jobs=4 amber=1 queued=0 lanes=7
2026-09-13T20:42:13 SAMPLE   ram=71.4% (11.95GB used, 4.80GB free) cpu=56.9% (15s mean 56.8%) jobs=4 amber=1 queued=0 lanes=7
2026-09-13T20:43:13 SAMPLE   ram=71.4% (11.96GB used, 4.79GB free) cpu=55.9% (15s mean 56.5%) jobs=4 amber=1 queued=0 lanes=7
2026-09-13T20:44:13 SAMPLE   ram=71.4% (11.97GB used, 4.78GB free) cpu=55.7% (15s mean 57.2%) jobs=4 amber=1 queued=0 lanes=7
2026-09-13T20:45:13 SAMPLE   ram=71.1% (11.92GB used, 4.83GB free) cpu=56.4% (15s mean 56.3%) jobs=4 amber=1 queued=0 lanes=7
2026-09-13T20:46:13 SAMPLE   ram=71.5% (11.97GB used, 4.78GB free) cpu=55.9% (15s mean 55.6%) jobs=4 amber=1 queued=0 lanes=7
2026-09-13T20:47:13 SAMPLE   ram=71.1% (11.90GB used, 4.85GB free) cpu=56.1% (15s mean 55.6%) jobs=4 amber=1 queued=0 lanes=7
2026-09-13T20:48:13 SAMPLE   ram=70.8% (11.86GB used, 4.89GB free) cpu=57.5% (15s mean 56.2%) jobs=4 amber=1 queued=0 lanes=7
2026-09-13T20:49:13 SAMPLE   ram=70.6% (11.83GB used, 4.92GB free) cpu=56.2% (15s mean 56.1%) jobs=4 amber=1 queued=0 lanes=7
2026-09-13T20:50:13 SAMPLE   ram=70.6% (11.83GB used, 4.92GB free) cpu=55.7% (15s mean 55.6%) jobs=4 amber=1 queued=0 lanes=7
2026-09-13T20:51:13 SAMPLE   ram=71.6% (11.99GB used, 4.76GB free) cpu=58.6% (15s mean 58.8%) jobs=4 amber=1 queued=0 lanes=7
2026-09-13T20:51:48 REAP     ph_branch_relax (pid 14764) is gone; registration removed
2026-09-13T20:52:13 SAMPLE   ram=71.7% (12.01GB used, 4.74GB free) cpu=63.9% (15s mean 65.4%) jobs=4 amber=0 queued=0 lanes=7
2026-09-13T20:53:13 SAMPLE   ram=71.0% (11.89GB used, 4.86GB free) cpu=55.9% (15s mean 55.6%) jobs=4 amber=0 queued=0 lanes=7
2026-09-13T20:54:13 SAMPLE   ram=70.8% (11.86GB used, 4.89GB free) cpu=56.1% (15s mean 56.9%) jobs=4 amber=0 queued=0 lanes=7
2026-09-13T20:55:13 SAMPLE   ram=70.6% (11.82GB used, 4.93GB free) cpu=55.2% (15s mean 54.9%) jobs=4 amber=0 queued=0 lanes=7
2026-09-13T20:56:13 SAMPLE   ram=71.1% (11.90GB used, 4.85GB free) cpu=56.3% (15s mean 55.7%) jobs=4 amber=0 queued=0 lanes=7
2026-09-13T20:57:13 SAMPLE   ram=70.5% (11.80GB used, 4.95GB free) cpu=44.1% (15s mean 51.9%) jobs=3 amber=0 queued=0 lanes=7
2026-09-13T20:58:13 SAMPLE   ram=70.7% (11.84GB used, 4.91GB free) cpu=46.1% (15s mean 49.9%) jobs=3 amber=0 queued=0 lanes=7
2026-09-13T20:59:13 SAMPLE   ram=70.5% (11.81GB used, 4.94GB free) cpu=45.5% (15s mean 44.8%) jobs=3 amber=0 queued=0 lanes=7
2026-09-13T21:00:13 SAMPLE   ram=70.6% (11.83GB used, 4.92GB free) cpu=44.1% (15s mean 44.3%) jobs=3 amber=0 queued=0 lanes=7
2026-09-13T21:00:43 REAP     p_eval_pca32 (pid 36536) is gone; registration removed
2026-09-13T21:01:13 SAMPLE   ram=70.5% (11.82GB used, 4.93GB free) cpu=48.1% (15s mean 46.4%) jobs=3 amber=0 queued=0 lanes=7
2026-09-13T21:01:38 REAP     w_ensemble_probe (pid 27044) is gone; registration removed
2026-09-13T21:02:13 SAMPLE   ram=81.6% (13.67GB used, 3.08GB free) cpu=68.1% (15s mean 66.4%) jobs=4 amber=0 queued=0 lanes=7
2026-09-13T21:03:13 SAMPLE   ram=81.2% (13.60GB used, 3.15GB free) cpu=73.4% (15s mean 68.7%) jobs=4 amber=0 queued=0 lanes=7
2026-09-13T21:04:13 SAMPLE   ram=80.5% (13.48GB used, 3.27GB free) cpu=68.6% (15s mean 67.9%) jobs=4 amber=0 queued=0 lanes=7
2026-09-13T21:05:13 SAMPLE   ram=80.2% (13.44GB used, 3.31GB free) cpu=67.3% (15s mean 67.5%) jobs=4 amber=0 queued=0 lanes=7
2026-09-13T21:06:13 SAMPLE   ram=80.1% (13.42GB used, 3.33GB free) cpu=67.4% (15s mean 67.2%) jobs=4 amber=0 queued=0 lanes=7
2026-09-13T21:07:13 SAMPLE   ram=79.7% (13.36GB used, 3.39GB free) cpu=77.6% (15s mean 82.4%) jobs=4 amber=0 queued=0 lanes=7
2026-09-13T21:08:13 SAMPLE   ram=81.0% (13.57GB used, 3.18GB free) cpu=67.1% (15s mean 69.5%) jobs=4 amber=0 queued=0 lanes=7
2026-09-13T21:09:13 SAMPLE   ram=80.7% (13.52GB used, 3.23GB free) cpu=69.3% (15s mean 80.6%) jobs=4 amber=0 queued=0 lanes=7
2026-09-13T21:10:13 SAMPLE   ram=81.6% (13.67GB used, 3.08GB free) cpu=69.6% (15s mean 69.6%) jobs=4 amber=0 queued=0 lanes=7
2026-09-13T21:11:13 SAMPLE   ram=79.9% (13.38GB used, 3.37GB free) cpu=66.8% (15s mean 63.8%) jobs=4 amber=0 queued=0 lanes=7
2026-09-13T21:12:13 SAMPLE   ram=80.1% (13.41GB used, 3.34GB free) cpu=66.1% (15s mean 66.1%) jobs=4 amber=0 queued=0 lanes=7
2026-09-13T21:13:13 SAMPLE   ram=79.7% (13.34GB used, 3.40GB free) cpu=66.6% (15s mean 67.3%) jobs=4 amber=0 queued=0 lanes=7
2026-09-13T21:14:13 SAMPLE   ram=80.6% (13.50GB used, 3.25GB free) cpu=67.5% (15s mean 67.7%) jobs=4 amber=0 queued=0 lanes=7
2026-09-13T21:15:13 SAMPLE   ram=79.6% (13.34GB used, 3.41GB free) cpu=66.3% (15s mean 67.4%) jobs=4 amber=0 queued=0 lanes=7
2026-09-13T21:16:13 SAMPLE   ram=79.9% (13.38GB used, 3.37GB free) cpu=66.1% (15s mean 66.3%) jobs=4 amber=0 queued=0 lanes=7
2026-09-13T21:17:13 SAMPLE   ram=80.2% (13.44GB used, 3.31GB free) cpu=68.1% (15s mean 66.8%) jobs=4 amber=0 queued=0 lanes=7
2026-09-13T21:18:13 SAMPLE   ram=80.3% (13.46GB used, 3.29GB free) cpu=67.5% (15s mean 66.2%) jobs=4 amber=0 queued=0 lanes=7
2026-09-13T21:19:13 SAMPLE   ram=80.5% (13.48GB used, 3.27GB free) cpu=67.0% (15s mean 66.6%) jobs=4 amber=0 queued=0 lanes=7
2026-09-13T21:20:13 SAMPLE   ram=81.2% (13.60GB used, 3.15GB free) cpu=74.2% (15s mean 69.8%) jobs=4 amber=0 queued=0 lanes=7
2026-09-13T21:21:13 SAMPLE   ram=79.3% (13.29GB used, 3.46GB free) cpu=66.7% (15s mean 66.6%) jobs=4 amber=0 queued=0 lanes=7
2026-09-13T21:22:13 SAMPLE   ram=79.9% (13.38GB used, 3.37GB free) cpu=64.8% (15s mean 66.2%) jobs=4 amber=0 queued=0 lanes=7
2026-09-13T21:23:13 SAMPLE   ram=78.8% (13.20GB used, 3.55GB free) cpu=66.5% (15s mean 66.4%) jobs=4 amber=0 queued=0 lanes=7
2026-09-13T21:24:13 SAMPLE   ram=78.8% (13.20GB used, 3.55GB free) cpu=66.1% (15s mean 69.3%) jobs=4 amber=0 queued=0 lanes=7
2026-09-13T21:25:13 SAMPLE   ram=81.2% (13.60GB used, 3.15GB free) cpu=71.2% (15s mean 67.4%) jobs=4 amber=0 queued=0 lanes=7
2026-09-13T21:26:13 SAMPLE   ram=81.7% (13.68GB used, 3.07GB free) cpu=66.4% (15s mean 66.8%) jobs=4 amber=0 queued=0 lanes=7
2026-09-13T21:27:13 SAMPLE   ram=82.3% (13.79GB used, 2.96GB free) cpu=68.6% (15s mean 67.6%) jobs=4 amber=0 queued=0 lanes=7
2026-09-13T21:28:13 SAMPLE   ram=82.6% (13.84GB used, 2.91GB free) cpu=69.7% (15s mean 69.3%) jobs=4 amber=0 queued=0 lanes=7
2026-09-13T21:29:13 SAMPLE   ram=83.0% (13.91GB used, 2.84GB free) cpu=68.1% (15s mean 69.2%) jobs=4 amber=0 queued=0 lanes=7
2026-09-13T21:30:13 SAMPLE   ram=81.5% (13.64GB used, 3.11GB free) cpu=67.6% (15s mean 69.5%) jobs=4 amber=0 queued=0 lanes=7
2026-09-13T21:31:13 SAMPLE   ram=82.0% (13.74GB used, 3.01GB free) cpu=70.7% (15s mean 69.1%) jobs=4 amber=0 queued=0 lanes=7
2026-09-13T21:32:13 SAMPLE   ram=83.1% (13.93GB used, 2.82GB free) cpu=83.5% (15s mean 83.4%) jobs=4 amber=0 queued=0 lanes=7
2026-09-13T21:33:13 SAMPLE   ram=83.3% (13.96GB used, 2.79GB free) cpu=88.3% (15s mean 85.4%) jobs=4 amber=0 queued=0 lanes=7
2026-09-13T21:34:13 SAMPLE   ram=83.2% (13.94GB used, 2.81GB free) cpu=79.8% (15s mean 79.0%) jobs=4 amber=0 queued=0 lanes=7
2026-09-13T21:34:18 REAP     p_eval_pca32f (pid 19908) is gone; registration removed
2026-09-13T21:34:43 REAP     a1_label (pid 30380) is gone; registration removed
2026-09-13T21:35:14 SAMPLE   ram=85.7% (14.35GB used, 2.40GB free) cpu=98.7% (15s mean 87.4%) jobs=4 amber=0 queued=0 lanes=7
2026-09-13T21:35:19 SUSPEND  p_eval_pca128 agent=P tag=CPU rss=0.79GB
2026-09-13T21:35:24 SUSPEND  w_ensemble_clouds agent=W tag=CPU rss=0.10GB
2026-09-13T21:35:38 RESUME   p_eval_pca128 agent=P tag=CPU
2026-09-13T21:35:44 RESUME   w_ensemble_clouds agent=W tag=CPU
2026-09-13T21:36:14 SAMPLE   ram=84.0% (14.06GB used, 2.69GB free) cpu=79.8% (15s mean 80.4%) jobs=4 amber=0 queued=0 lanes=7
2026-09-13T21:37:14 SAMPLE   ram=82.1% (13.76GB used, 2.99GB free) cpu=79.1% (15s mean 80.0%) jobs=4 amber=0 queued=0 lanes=7
2026-09-13T21:38:13 SAMPLE   ram=84.2% (14.10GB used, 2.65GB free) cpu=72.4% (15s mean 84.0%) jobs=4 amber=0 queued=0 lanes=7
2026-09-13T21:39:13 SAMPLE   ram=82.4% (13.80GB used, 2.95GB free) cpu=67.7% (15s mean 75.2%) jobs=4 amber=0 queued=0 lanes=7
2026-09-13T21:40:14 SAMPLE   ram=82.7% (13.85GB used, 2.90GB free) cpu=71.2% (15s mean 72.4%) jobs=4 amber=0 queued=0 lanes=7
2026-09-13T21:41:14 SAMPLE   ram=83.4% (13.98GB used, 2.77GB free) cpu=78.0% (15s mean 74.8%) jobs=4 amber=0 queued=0 lanes=7
2026-09-13T21:42:14 SAMPLE   ram=84.6% (14.17GB used, 2.58GB free) cpu=72.3% (15s mean 75.0%) jobs=4 amber=0 queued=0 lanes=7
2026-09-13T21:43:14 SAMPLE   ram=84.7% (14.18GB used, 2.57GB free) cpu=77.5% (15s mean 77.0%) jobs=4 amber=0 queued=0 lanes=7
2026-09-13T21:44:14 SAMPLE   ram=84.4% (14.14GB used, 2.61GB free) cpu=69.3% (15s mean 69.3%) jobs=4 amber=0 queued=0 lanes=7
2026-09-13T21:44:38 REAP     p_eval_pca128 (pid 34372) is gone; registration removed
2026-09-13T21:45:14 SAMPLE   ram=81.8% (13.70GB used, 3.05GB free) cpu=91.4% (15s mean 78.2%) jobs=4 amber=0 queued=0 lanes=7
2026-09-13T21:46:14 SAMPLE   ram=82.6% (13.84GB used, 2.91GB free) cpu=68.9% (15s mean 69.8%) jobs=4 amber=0 queued=0 lanes=7
2026-09-13T21:47:14 SAMPLE   ram=85.0% (14.24GB used, 2.51GB free) cpu=91.3% (15s mean 79.5%) jobs=4 amber=0 queued=0 lanes=7
2026-09-13T21:47:24 SUSPEND  a3_build agent=Q tag=CPU rss=0.35GB
2026-09-13T21:47:29 SUSPEND  w_ensemble_clouds agent=W tag=CPU rss=0.09GB
2026-09-13T21:47:34 SUSPEND  p_train_raw_f1 agent=P tag=CPU rss=0.96GB
2026-09-13T21:47:39 SUSPEND  ph_reject_chain agent=PH tag=CPU rss=0.05GB
2026-09-13T21:47:49 RESUME   w_ensemble_clouds agent=W tag=CPU
2026-09-13T21:47:54 RESUME   p_train_raw_f1 agent=P tag=CPU
2026-09-13T21:48:09 SUSPEND  w_ensemble_clouds agent=W tag=CPU rss=0.08GB
2026-09-13T21:48:14 SAMPLE   ram=92.2% (15.45GB used, 1.30GB free) cpu=99.1% (15s mean 99.7%) jobs=4 amber=0 queued=0 lanes=7
2026-09-13T21:48:14 SUSPEND  p_train_raw_f1 agent=P tag=CPU rss=0.86GB
2026-09-13T21:49:14 SAMPLE   ram=92.3% (15.46GB used, 1.29GB free) cpu=10.7% (15s mean 15.3%) jobs=4 amber=0 queued=0 lanes=7
2026-09-13T21:49:44 SUSPEND  a3_build agent=Q tag=CPU rss=0.35GB
2026-09-13T21:50:14 SAMPLE   ram=91.6% (15.35GB used, 1.40GB free) cpu=16.6% (15s mean 14.4%) jobs=4 amber=0 queued=0 lanes=7
2026-09-13T21:51:14 SAMPLE   ram=92.5% (15.49GB used, 1.26GB free) cpu=20.2% (15s mean 22.3%) jobs=4 amber=0 queued=0 lanes=7
2026-09-13T21:52:00 START    governor v2 pid 29576 ceiling=93.0% hard(ram)=95.0%/15s cpu_resume=80.0% cpu_window=3 min_suspend=20s low=88.0%/60s sample=5s max_amber=2
2026-09-13T21:52:00 SAMPLE   ram=91.8% (15.37GB used, 1.38GB free) cpu=70.8% (15s mean 70.8%) jobs=4 amber=0 queued=0 lanes=7
2026-09-13T21:52:14 SAMPLE   ram=92.8% (15.54GB used, 1.21GB free) cpu=37.5% (15s mean 50.3%) jobs=4 amber=0 queued=0 lanes=7
2026-09-13T21:52:19 REAP     p_train_raw_f1 (pid 1848) is gone; registration removed
2026-09-13T21:52:19 RESUME   a3_build agent=Q tag=CPU
2026-09-13T21:52:24 RESUME   w_ensemble_clouds agent=W tag=CPU
2026-09-13T21:52:29 RESUME   ph_reject_chain agent=PH tag=CPU
2026-09-13T21:53:00 SAMPLE   ram=89.1% (14.93GB used, 1.82GB free) cpu=63.8% (15s mean 55.2%) jobs=4 amber=0 queued=0 lanes=7
2026-09-13T21:54:00 SAMPLE   ram=88.8% (14.87GB used, 1.88GB free) cpu=58.7% (15s mean 56.6%) jobs=4 amber=0 queued=0 lanes=7
2026-09-13T21:55:00 SAMPLE   ram=89.1% (14.93GB used, 1.82GB free) cpu=52.2% (15s mean 53.7%) jobs=4 amber=0 queued=0 lanes=7
2026-09-13T21:56:00 SAMPLE   ram=89.3% (14.96GB used, 1.79GB free) cpu=46.2% (15s mean 49.0%) jobs=4 amber=0 queued=0 lanes=7
2026-09-13T21:57:00 SAMPLE   ram=89.4% (14.98GB used, 1.77GB free) cpu=71.7% (15s mean 55.5%) jobs=4 amber=0 queued=0 lanes=7
2026-09-13T21:58:00 SAMPLE   ram=89.2% (14.93GB used, 1.82GB free) cpu=49.7% (15s mean 49.5%) jobs=4 amber=0 queued=0 lanes=7
2026-09-13T21:59:00 SAMPLE   ram=88.4% (14.81GB used, 1.94GB free) cpu=47.1% (15s mean 47.2%) jobs=4 amber=0 queued=0 lanes=7
2026-09-13T22:00:00 SAMPLE   ram=89.9% (15.06GB used, 1.69GB free) cpu=57.0% (15s mean 58.4%) jobs=4 amber=0 queued=0 lanes=7
2026-09-13T22:00:30 SUSPEND  p_eval_esm8m agent=P tag=CPU rss=0.43GB
2026-09-13T22:00:35 SUSPEND  w_ensemble_clouds agent=W tag=CPU rss=0.10GB
2026-09-13T22:00:40 SUSPEND  ph_reject_chain agent=PH tag=CPU rss=0.05GB
2026-09-13T22:01:00 SAMPLE   ram=94.8% (15.88GB used, 0.87GB free) cpu=38.1% (15s mean 40.0%) jobs=4 amber=0 queued=0 lanes=7
2026-09-13T22:02:00 SAMPLE   ram=94.4% (15.82GB used, 0.93GB free) cpu=18.5% (15s mean 17.0%) jobs=4 amber=0 queued=0 lanes=7
2026-09-13T22:02:25 SUSPEND  p_eval_esm8m agent=P tag=CPU rss=0.43GB
2026-09-13T22:03:00 SAMPLE   ram=94.2% (15.77GB used, 0.98GB free) cpu=17.6% (15s mean 19.1%) jobs=4 amber=0 queued=0 lanes=8
2026-09-13T22:03:30 KILL     p_eval_esm8m agent=P tag=CPU rss=0.43GB reason=stall: ram 92.2% >= 90.0% for 180s with 4 suspended; freeing 0.43GB; sending CTRL_BREAK, grace 25s for a checkpoint
2026-09-13T22:03:30 RESUME   p_eval_esm8m agent=P tag=CPU
2026-09-13T22:03:30 WARN     signal to p_eval_esm8m failed: OSError(22, 'The parameter is incorrect', None, 87, None)
2026-09-13T22:03:55 KILLED   p_eval_esm8m terminated
2026-09-13T22:03:55 WARN     p_eval_esm8m was a direct job with no spec; its owner must restart it from its checkpoint
2026-09-13T22:03:56 RESUME   ph_reject_chain agent=PH tag=CPU
2026-09-13T22:04:01 SAMPLE   ram=89.1% (14.92GB used, 1.83GB free) cpu=41.8% (15s mean 29.6%) jobs=4 amber=1 queued=0 lanes=8
2026-09-13T22:04:01 RESUME   w_ensemble_clouds agent=W tag=CPU
2026-09-13T22:05:01 SAMPLE   ram=79.2% (13.27GB used, 3.48GB free) cpu=51.0% (15s mean 56.1%) jobs=4 amber=1 queued=0 lanes=8
2026-09-13T22:06:01 SAMPLE   ram=80.0% (13.39GB used, 3.36GB free) cpu=56.9% (15s mean 55.9%) jobs=4 amber=1 queued=0 lanes=8
2026-09-13T22:07:01 SAMPLE   ram=79.7% (13.35GB used, 3.40GB free) cpu=50.6% (15s mean 52.1%) jobs=4 amber=1 queued=0 lanes=8
2026-09-13T22:08:01 SAMPLE   ram=80.2% (13.43GB used, 3.32GB free) cpu=71.8% (15s mean 66.7%) jobs=4 amber=1 queued=0 lanes=8
2026-09-13T22:09:01 SAMPLE   ram=79.4% (13.30GB used, 3.45GB free) cpu=59.3% (15s mean 50.5%) jobs=4 amber=1 queued=0 lanes=8
2026-09-13T22:10:01 SAMPLE   ram=79.7% (13.34GB used, 3.41GB free) cpu=46.5% (15s mean 47.3%) jobs=4 amber=1 queued=0 lanes=8
2026-09-13T22:11:01 SAMPLE   ram=80.0% (13.40GB used, 3.35GB free) cpu=51.4% (15s mean 54.9%) jobs=4 amber=1 queued=0 lanes=8
2026-09-13T22:12:01 SAMPLE   ram=79.6% (13.33GB used, 3.42GB free) cpu=44.7% (15s mean 45.0%) jobs=4 amber=1 queued=0 lanes=8
2026-09-13T22:13:01 SAMPLE   ram=79.2% (13.26GB used, 3.49GB free) cpu=42.4% (15s mean 44.4%) jobs=4 amber=1 queued=0 lanes=8
2026-09-13T22:14:01 SAMPLE   ram=79.0% (13.24GB used, 3.51GB free) cpu=45.5% (15s mean 50.4%) jobs=4 amber=1 queued=0 lanes=8
2026-09-13T22:15:01 SAMPLE   ram=78.8% (13.20GB used, 3.55GB free) cpu=45.3% (15s mean 44.5%) jobs=4 amber=1 queued=0 lanes=8
2026-09-13T22:16:01 SAMPLE   ram=79.1% (13.25GB used, 3.50GB free) cpu=45.3% (15s mean 44.4%) jobs=4 amber=1 queued=0 lanes=8
2026-09-13T22:17:01 SAMPLE   ram=78.8% (13.20GB used, 3.55GB free) cpu=45.6% (15s mean 50.4%) jobs=4 amber=1 queued=0 lanes=8
2026-09-13T22:18:01 SAMPLE   ram=77.2% (12.93GB used, 3.82GB free) cpu=50.0% (15s mean 46.8%) jobs=4 amber=1 queued=0 lanes=8
2026-09-13T22:19:01 SAMPLE   ram=77.3% (12.94GB used, 3.81GB free) cpu=44.0% (15s mean 44.4%) jobs=4 amber=1 queued=0 lanes=8
2026-09-13T22:20:01 SAMPLE   ram=77.3% (12.95GB used, 3.80GB free) cpu=44.5% (15s mean 44.7%) jobs=4 amber=1 queued=0 lanes=8
2026-09-13T22:21:01 SAMPLE   ram=74.2% (12.43GB used, 4.32GB free) cpu=54.6% (15s mean 56.6%) jobs=4 amber=1 queued=0 lanes=8
2026-09-13T22:21:41 RESTART  governor v2.2 stopped by the coordinator for v2.3 (adopt suspensions; ledger L83)
2026-09-13T22:21:43 START    governor v2 pid 6544 ceiling=93.0% hard(ram)=95.0%/15s cpu_resume=80.0% cpu_window=3 min_suspend=20s low=88.0%/60s sample=5s max_amber=2
2026-09-13T22:21:43 SAMPLE   ram=74.6% (12.50GB used, 4.25GB free) cpu=78.1% (15s mean 78.1%) jobs=4 amber=1 queued=0 lanes=8
2026-09-13T22:21:43 ADOPT    a3_build was suspended before this governor started; adopted
2026-09-13T22:21:43 RESUME   a3_build agent=Q tag=CPU
2026-09-13T22:22:43 SAMPLE   ram=74.5% (12.48GB used, 4.27GB free) cpu=73.0% (15s mean 62.3%) jobs=4 amber=1 queued=0 lanes=8
2026-09-13T22:23:43 SAMPLE   ram=74.3% (12.44GB used, 4.31GB free) cpu=62.4% (15s mean 57.5%) jobs=4 amber=1 queued=0 lanes=8
2026-09-13T22:24:08 REAP     w_ensemble_endpoint (pid 1672) is gone; registration removed
2026-09-13T22:24:43 SAMPLE   ram=73.9% (12.38GB used, 4.37GB free) cpu=56.7% (15s mean 56.9%) jobs=4 amber=1 queued=0 lanes=8
2026-09-13T22:25:43 SAMPLE   ram=74.4% (12.47GB used, 4.28GB free) cpu=55.5% (15s mean 56.3%) jobs=4 amber=1 queued=0 lanes=8
2026-09-13T22:26:43 SAMPLE   ram=73.6% (12.33GB used, 4.42GB free) cpu=57.3% (15s mean 57.6%) jobs=4 amber=1 queued=0 lanes=8
2026-09-13T22:27:43 SAMPLE   ram=73.4% (12.29GB used, 4.46GB free) cpu=57.6% (15s mean 57.2%) jobs=4 amber=1 queued=0 lanes=8
2026-09-13T22:28:43 SAMPLE   ram=74.3% (12.44GB used, 4.31GB free) cpu=69.2% (15s mean 70.1%) jobs=5 amber=1 queued=0 lanes=8
2026-09-13T22:29:43 SAMPLE   ram=74.8% (12.52GB used, 4.23GB free) cpu=67.1% (15s mean 68.1%) jobs=5 amber=1 queued=0 lanes=8
2026-09-13T22:30:43 SAMPLE   ram=76.3% (12.77GB used, 3.98GB free) cpu=68.5% (15s mean 69.0%) jobs=5 amber=1 queued=0 lanes=8
2026-09-13T22:31:43 SAMPLE   ram=74.9% (12.55GB used, 4.20GB free) cpu=68.6% (15s mean 69.8%) jobs=5 amber=1 queued=0 lanes=8
2026-09-13T22:32:43 SAMPLE   ram=74.7% (12.52GB used, 4.23GB free) cpu=72.9% (15s mean 70.6%) jobs=5 amber=1 queued=0 lanes=8
2026-09-13T22:33:43 SAMPLE   ram=73.7% (12.34GB used, 4.41GB free) cpu=86.6% (15s mean 76.4%) jobs=5 amber=1 queued=0 lanes=8
2026-09-13T22:34:43 SAMPLE   ram=75.0% (12.57GB used, 4.18GB free) cpu=73.2% (15s mean 71.8%) jobs=5 amber=1 queued=0 lanes=8
2026-09-13T22:35:44 SAMPLE   ram=79.0% (13.23GB used, 3.52GB free) cpu=82.3% (15s mean 81.8%) jobs=6 amber=1 queued=0 lanes=8
2026-09-13T22:36:19 SUSPEND  p_train_raw_fold1 agent=P tag=CPU rss=1.64GB
2026-09-13T22:36:39 RESUME   p_train_raw_fold1 agent=P tag=CPU
2026-09-13T22:36:44 SAMPLE   ram=85.1% (14.25GB used, 2.50GB free) cpu=89.1% (15s mean 75.8%) jobs=6 amber=1 queued=0 lanes=8
2026-09-13T22:37:39 SUSPEND  p_train_raw_fold1 agent=P tag=CPU rss=1.60GB
2026-09-13T22:37:44 SAMPLE   ram=83.6% (14.01GB used, 2.75GB free) cpu=68.1% (15s mean 85.6%) jobs=6 amber=1 queued=0 lanes=8
2026-09-13T22:37:59 RESUME   p_train_raw_fold1 agent=P tag=CPU
2026-09-13T22:38:14 SUSPEND  p_train_raw_fold1 agent=P tag=CPU rss=1.60GB
2026-09-13T22:38:34 RESUME   p_train_raw_fold1 agent=P tag=CPU
2026-09-13T22:38:44 SAMPLE   ram=82.2% (13.77GB used, 2.98GB free) cpu=94.1% (15s mean 87.7%) jobs=6 amber=1 queued=0 lanes=8
2026-09-13T22:38:49 SUSPEND  p_train_raw_fold1 agent=P tag=CPU rss=1.59GB
2026-09-13T22:39:09 RESUME   p_train_raw_fold1 agent=P tag=CPU
2026-09-13T22:39:44 SAMPLE   ram=82.3% (13.79GB used, 2.96GB free) cpu=98.8% (15s mean 94.0%) jobs=5 amber=1 queued=0 lanes=8
2026-09-13T22:39:44 SUSPEND  p_train_raw_fold1 agent=P tag=CPU rss=1.59GB
2026-09-13T22:40:04 RESUME   p_train_raw_fold1 agent=P tag=CPU
2026-09-13T22:40:44 SAMPLE   ram=83.4% (13.97GB used, 2.78GB free) cpu=80.9% (15s mean 82.6%) jobs=5 amber=1 queued=0 lanes=8
2026-09-13T22:41:44 SAMPLE   ram=83.6% (14.01GB used, 2.74GB free) cpu=90.2% (15s mean 89.5%) jobs=5 amber=1 queued=0 lanes=8
2026-09-13T22:42:24 REAP     ph_c3_stage1_rep (pid 2972) is gone; registration removed
2026-09-13T22:42:44 SAMPLE   ram=83.0% (13.90GB used, 2.85GB free) cpu=82.1% (15s mean 80.7%) jobs=6 amber=1 queued=0 lanes=8
2026-09-13T22:43:14 SUSPEND  ph_cis_floor2 agent=PH tag=CPU rss=0.10GB
2026-09-13T22:43:44 SAMPLE   ram=82.5% (13.82GB used, 2.93GB free) cpu=83.6% (15s mean 86.5%) jobs=6 amber=1 queued=0 lanes=8
2026-09-13T22:44:44 SAMPLE   ram=83.8% (14.04GB used, 2.71GB free) cpu=84.5% (15s mean 84.4%) jobs=6 amber=1 queued=0 lanes=8
2026-09-13T22:45:44 SAMPLE   ram=84.0% (14.07GB used, 2.68GB free) cpu=81.2% (15s mean 84.3%) jobs=6 amber=1 queued=0 lanes=8
2026-09-13T22:46:44 SAMPLE   ram=83.8% (14.04GB used, 2.71GB free) cpu=83.7% (15s mean 87.6%) jobs=6 amber=1 queued=0 lanes=8
2026-09-13T22:46:59 RESUME   ph_cis_floor2 agent=PH tag=CPU
2026-09-13T22:47:44 SAMPLE   ram=85.4% (14.30GB used, 2.45GB free) cpu=92.2% (15s mean 92.0%) jobs=6 amber=1 queued=0 lanes=8
2026-09-13T22:48:24 SUSPEND  ph_cis_floor2 agent=PH tag=CPU rss=0.09GB
2026-09-13T22:48:44 SAMPLE   ram=83.4% (13.98GB used, 2.77GB free) cpu=89.9% (15s mean 84.5%) jobs=6 amber=1 queued=0 lanes=8
2026-09-13T22:48:54 SUSPEND  p_train_raw_fold1 agent=P tag=CPU rss=1.81GB
2026-09-13T22:49:04 RESUME   ph_cis_floor2 agent=PH tag=CPU
2026-09-13T22:49:14 RESUME   p_train_raw_fold1 agent=P tag=CPU
2026-09-13T22:49:29 SUSPEND  ph_cis_floor2 agent=PH tag=CPU rss=0.10GB
2026-09-13T22:49:44 SAMPLE   ram=84.8% (14.21GB used, 2.54GB free) cpu=82.5% (15s mean 81.5%) jobs=6 amber=1 queued=0 lanes=8
2026-09-13T22:50:44 SAMPLE   ram=83.9% (14.05GB used, 2.70GB free) cpu=93.1% (15s mean 86.9%) jobs=6 amber=1 queued=0 lanes=8
2026-09-13T22:50:54 SUSPEND  p_train_raw_fold1 agent=P tag=CPU rss=1.61GB
2026-09-13T22:51:04 RESUME   ph_cis_floor2 agent=PH tag=CPU
2026-09-13T22:51:14 RESUME   p_train_raw_fold1 agent=P tag=CPU
2026-09-13T22:51:29 SUSPEND  ph_cis_floor2 agent=PH tag=CPU rss=0.10GB
2026-09-13T22:51:44 SAMPLE   ram=83.8% (14.04GB used, 2.71GB free) cpu=81.1% (15s mean 82.6%) jobs=6 amber=1 queued=0 lanes=8
2026-09-13T22:52:44 SAMPLE   ram=85.2% (14.27GB used, 2.48GB free) cpu=94.2% (15s mean 87.8%) jobs=6 amber=1 queued=0 lanes=8
2026-09-13T22:52:49 SUSPEND  p_train_raw_fold1 agent=P tag=CPU rss=1.61GB
2026-09-13T22:52:59 RESUME   ph_cis_floor2 agent=PH tag=CPU
2026-09-13T22:53:09 RESUME   p_train_raw_fold1 agent=P tag=CPU
2026-09-13T22:53:44 SAMPLE   ram=84.9% (14.21GB used, 2.54GB free) cpu=96.1% (15s mean 94.1%) jobs=6 amber=1 queued=0 lanes=8
2026-09-13T22:53:44 SUSPEND  ph_cis_floor2 agent=PH tag=CPU rss=0.10GB
2026-09-13T22:53:49 SUSPEND  p_train_raw_fold1 agent=P tag=CPU rss=1.62GB
2026-09-13T22:54:04 RESUME   ph_cis_floor2 agent=PH tag=CPU
2026-09-13T22:54:09 RESUME   p_train_raw_fold1 agent=P tag=CPU
2026-09-13T22:54:24 SUSPEND  ph_cis_floor2 agent=PH tag=CPU rss=0.10GB
2026-09-13T22:54:44 SAMPLE   ram=83.6% (14.00GB used, 2.75GB free) cpu=93.0% (15s mean 89.0%) jobs=6 amber=1 queued=0 lanes=8
2026-09-13T22:55:19 RESUME   ph_cis_floor2 agent=PH tag=CPU
2026-09-13T22:55:44 SAMPLE   ram=84.2% (14.10GB used, 2.65GB free) cpu=91.2% (15s mean 90.9%) jobs=6 amber=1 queued=0 lanes=8
2026-09-13T22:56:44 SAMPLE   ram=82.9% (13.89GB used, 2.86GB free) cpu=89.6% (15s mean 89.7%) jobs=6 amber=1 queued=0 lanes=8
2026-09-13T22:57:44 SAMPLE   ram=82.9% (13.88GB used, 2.87GB free) cpu=90.6% (15s mean 90.4%) jobs=6 amber=1 queued=0 lanes=8
2026-09-13T22:58:44 SAMPLE   ram=81.2% (13.60GB used, 3.15GB free) cpu=88.5% (15s mean 89.9%) jobs=6 amber=1 queued=0 lanes=8
2026-09-13T22:59:44 SAMPLE   ram=81.9% (13.71GB used, 3.04GB free) cpu=94.8% (15s mean 93.8%) jobs=6 amber=1 queued=0 lanes=8
2026-09-13T22:59:44 SUSPEND  ph_cis_floor2 agent=PH tag=CPU rss=0.10GB
2026-09-13T22:59:49 SUSPEND  p_train_raw_fold1 agent=P tag=CPU rss=1.61GB
2026-09-13T23:00:04 RESUME   ph_cis_floor2 agent=PH tag=CPU
2026-09-13T23:00:09 RESUME   p_train_raw_fold1 agent=P tag=CPU
2026-09-13T23:00:44 SAMPLE   ram=83.1% (13.92GB used, 2.83GB free) cpu=90.9% (15s mean 90.3%) jobs=6 amber=1 queued=0 lanes=8
2026-09-13T23:01:44 SAMPLE   ram=81.8% (13.71GB used, 3.04GB free) cpu=90.7% (15s mean 90.1%) jobs=6 amber=1 queued=0 lanes=8
2026-09-13T23:02:09 SUSPEND  ph_cis_floor2 agent=PH tag=CPU rss=0.09GB
2026-09-13T23:02:44 SAMPLE   ram=82.4% (13.79GB used, 2.96GB free) cpu=80.8% (15s mean 80.3%) jobs=6 amber=1 queued=0 lanes=8
2026-09-13T23:03:44 SAMPLE   ram=83.3% (13.95GB used, 2.81GB free) cpu=97.1% (15s mean 92.5%) jobs=6 amber=1 queued=0 lanes=8
2026-09-13T23:03:49 SUSPEND  ph_cis_floor2 agent=PH tag=CPU rss=0.09GB
2026-09-13T23:04:44 SAMPLE   ram=82.9% (13.89GB used, 2.86GB free) cpu=91.5% (15s mean 84.2%) jobs=6 amber=1 queued=0 lanes=8
2026-09-13T23:05:19 SUSPEND  p_train_raw_fold1 agent=P tag=CPU rss=1.36GB
2026-09-13T23:05:29 RESUME   ph_cis_floor2 agent=PH tag=CPU
2026-09-13T23:05:39 RESUME   p_train_raw_fold1 agent=P tag=CPU
2026-09-13T23:05:44 SAMPLE   ram=81.9% (13.72GB used, 3.03GB free) cpu=92.4% (15s mean 78.4%) jobs=6 amber=1 queued=0 lanes=8
2026-09-13T23:05:54 SUSPEND  ph_cis_floor2 agent=PH tag=CPU rss=0.09GB
2026-09-13T23:05:59 SUSPEND  p_train_raw_fold1 agent=P tag=CPU rss=1.19GB
2026-09-13T23:06:14 RESUME   ph_cis_floor2 agent=PH tag=CPU
2026-09-13T23:06:19 RESUME   p_train_raw_fold1 agent=P tag=CPU
2026-09-13T23:06:44 SAMPLE   ram=82.9% (13.88GB used, 2.87GB free) cpu=84.4% (15s mean 89.7%) jobs=6 amber=1 queued=0 lanes=8
2026-09-13T23:07:14 SUSPEND  ph_cis_floor2 agent=PH tag=CPU rss=0.09GB
2026-09-13T23:07:19 SUSPEND  p_train_raw_fold1 agent=P tag=CPU rss=1.22GB
2026-09-13T23:07:34 RESUME   ph_cis_floor2 agent=PH tag=CPU
2026-09-13T23:07:39 RESUME   p_train_raw_fold1 agent=P tag=CPU
2026-09-13T23:07:44 SAMPLE   ram=83.0% (13.90GB used, 2.85GB free) cpu=82.4% (15s mean 69.5%) jobs=6 amber=1 queued=0 lanes=8
2026-09-13T23:08:34 SUSPEND  ph_cis_floor2 agent=PH tag=CPU rss=0.09GB
2026-09-13T23:08:39 SUSPEND  p_train_raw_fold1 agent=P tag=CPU rss=1.04GB
2026-09-13T23:08:44 SAMPLE   ram=80.5% (13.48GB used, 3.27GB free) cpu=57.9% (15s mean 83.1%) jobs=6 amber=1 queued=0 lanes=8
2026-09-13T23:08:54 RESUME   ph_cis_floor2 agent=PH tag=CPU
2026-09-13T23:08:59 RESUME   p_train_raw_fold1 agent=P tag=CPU
2026-09-13T23:09:34 SUSPEND  ph_cis_floor2 agent=PH tag=CPU rss=0.09GB
2026-09-13T23:09:39 SUSPEND  p_train_raw_fold1 agent=P tag=CPU rss=1.04GB
2026-09-13T23:09:44 SAMPLE   ram=80.6% (13.50GB used, 3.25GB free) cpu=69.0% (15s mean 84.2%) jobs=6 amber=1 queued=0 lanes=8
2026-09-13T23:09:54 RESUME   ph_cis_floor2 agent=PH tag=CPU
2026-09-13T23:09:59 RESUME   p_train_raw_fold1 agent=P tag=CPU
2026-09-13T23:10:34 SUSPEND  ph_cis_floor2 agent=PH tag=CPU rss=0.09GB
2026-09-13T23:10:39 SUSPEND  p_train_raw_fold1 agent=P tag=CPU rss=1.22GB
2026-09-13T23:10:44 SAMPLE   ram=82.4% (13.80GB used, 2.95GB free) cpu=75.3% (15s mean 89.9%) jobs=6 amber=1 queued=0 lanes=8
2026-09-13T23:10:54 RESUME   ph_cis_floor2 agent=PH tag=CPU
2026-09-13T23:10:59 RESUME   p_train_raw_fold1 agent=P tag=CPU
2026-09-13T23:11:19 SUSPEND  ph_cis_floor2 agent=PH tag=CPU rss=0.09GB
2026-09-13T23:11:24 SUSPEND  p_train_raw_fold1 agent=P tag=CPU rss=1.15GB
2026-09-13T23:11:39 RESUME   ph_cis_floor2 agent=PH tag=CPU
2026-09-13T23:11:44 SAMPLE   ram=80.7% (13.52GB used, 3.23GB free) cpu=56.9% (15s mean 57.3%) jobs=6 amber=1 queued=0 lanes=8
2026-09-13T23:11:44 RESUME   p_train_raw_fold1 agent=P tag=CPU
2026-09-13T23:12:39 SUSPEND  ph_cis_floor2 agent=PH tag=CPU rss=0.09GB
2026-09-13T23:12:44 SAMPLE   ram=80.7% (13.51GB used, 3.23GB free) cpu=96.8% (15s mean 96.2%) jobs=6 amber=1 queued=0 lanes=8
2026-09-13T23:12:44 SUSPEND  p_train_raw_fold1 agent=P tag=CPU rss=1.04GB
2026-09-13T23:12:59 RESUME   ph_cis_floor2 agent=PH tag=CPU
2026-09-13T23:13:04 RESUME   p_train_raw_fold1 agent=P tag=CPU
2026-09-13T23:13:24 SUSPEND  ph_cis_floor2 agent=PH tag=CPU rss=0.09GB
2026-09-13T23:13:29 SUSPEND  p_train_raw_fold1 agent=P tag=CPU rss=1.03GB
2026-09-13T23:13:44 SAMPLE   ram=80.1% (13.42GB used, 3.33GB free) cpu=74.5% (15s mean 67.8%) jobs=6 amber=1 queued=0 lanes=8
2026-09-13T23:13:44 RESUME   ph_cis_floor2 agent=PH tag=CPU
2026-09-13T23:13:49 RESUME   p_train_raw_fold1 agent=P tag=CPU
2026-09-13T23:14:39 SUSPEND  ph_cis_floor2 agent=PH tag=CPU rss=0.09GB
2026-09-13T23:14:44 SAMPLE   ram=80.1% (13.42GB used, 3.33GB free) cpu=86.9% (15s mean 94.2%) jobs=6 amber=1 queued=0 lanes=8
2026-09-13T23:14:44 SUSPEND  p_train_raw_fold1 agent=P tag=CPU rss=1.03GB
2026-09-13T23:14:59 RESUME   ph_cis_floor2 agent=PH tag=CPU
2026-09-13T23:15:04 RESUME   p_train_raw_fold1 agent=P tag=CPU
2026-09-13T23:15:24 SUSPEND  ph_cis_floor2 agent=PH tag=CPU rss=0.09GB
2026-09-13T23:15:29 SUSPEND  p_train_raw_fold1 agent=P tag=CPU rss=1.02GB
2026-09-13T23:15:44 SAMPLE   ram=80.5% (13.48GB used, 3.27GB free) cpu=65.0% (15s mean 67.2%) jobs=6 amber=1 queued=0 lanes=8
2026-09-13T23:15:44 RESUME   ph_cis_floor2 agent=PH tag=CPU
2026-09-13T23:15:49 RESUME   p_train_raw_fold1 agent=P tag=CPU
2026-09-13T23:16:09 SUSPEND  ph_cis_floor2 agent=PH tag=CPU rss=0.09GB
2026-09-13T23:16:14 SUSPEND  p_train_raw_fold1 agent=P tag=CPU rss=1.03GB
2026-09-13T23:16:29 RESUME   ph_cis_floor2 agent=PH tag=CPU
2026-09-13T23:16:34 RESUME   p_train_raw_fold1 agent=P tag=CPU
2026-09-13T23:16:44 SAMPLE   ram=80.2% (13.43GB used, 3.32GB free) cpu=82.0% (15s mean 79.4%) jobs=6 amber=1 queued=0 lanes=8
2026-09-13T23:17:39 SUSPEND  ph_cis_floor2 agent=PH tag=CPU rss=0.09GB
2026-09-13T23:17:44 SAMPLE   ram=81.0% (13.57GB used, 3.18GB free) cpu=98.9% (15s mean 96.7%) jobs=6 amber=1 queued=0 lanes=8
2026-09-13T23:17:44 SUSPEND  p_train_raw_fold1 agent=P tag=CPU rss=1.03GB
2026-09-13T23:17:59 RESUME   ph_cis_floor2 agent=PH tag=CPU
2026-09-13T23:18:04 RESUME   p_train_raw_fold1 agent=P tag=CPU
2026-09-13T23:18:24 SUSPEND  ph_cis_floor2 agent=PH tag=CPU rss=0.07GB
2026-09-13T23:18:44 SAMPLE   ram=79.7% (13.34GB used, 3.41GB free) cpu=97.4% (15s mean 93.9%) jobs=6 amber=1 queued=0 lanes=8
2026-09-13T23:18:44 SUSPEND  p_train_raw_fold1 agent=P tag=CPU rss=1.25GB
2026-09-13T23:18:59 RESUME   ph_cis_floor2 agent=PH tag=CPU
2026-09-13T23:19:04 RESUME   p_train_raw_fold1 agent=P tag=CPU
2026-09-13T23:19:44 SAMPLE   ram=79.6% (13.33GB used, 3.42GB free) cpu=93.1% (15s mean 87.9%) jobs=6 amber=1 queued=0 lanes=8
2026-09-13T23:19:54 SUSPEND  ph_cis_floor2 agent=PH tag=CPU rss=0.07GB
2026-09-13T23:19:59 SUSPEND  p_train_raw_fold1 agent=P tag=CPU rss=1.08GB
2026-09-13T23:20:14 RESUME   ph_cis_floor2 agent=PH tag=CPU
2026-09-13T23:20:19 RESUME   p_train_raw_fold1 agent=P tag=CPU
2026-09-13T23:20:44 SAMPLE   ram=80.3% (13.45GB used, 3.30GB free) cpu=95.2% (15s mean 86.9%) jobs=6 amber=1 queued=0 lanes=8
2026-09-13T23:20:54 SUSPEND  ph_cis_floor2 agent=PH tag=CPU rss=0.07GB
2026-09-13T23:20:59 SUSPEND  p_train_raw_fold1 agent=P tag=CPU rss=1.02GB
2026-09-13T23:21:14 RESUME   ph_cis_floor2 agent=PH tag=CPU
2026-09-13T23:21:19 RESUME   p_train_raw_fold1 agent=P tag=CPU
2026-09-13T23:21:44 SAMPLE   ram=81.3% (13.62GB used, 3.13GB free) cpu=92.2% (15s mean 89.4%) jobs=6 amber=1 queued=0 lanes=8
2026-09-13T23:22:44 SAMPLE   ram=82.0% (13.74GB used, 3.01GB free) cpu=98.3% (15s mean 96.3%) jobs=6 amber=1 queued=0 lanes=8
2026-09-13T23:22:44 SUSPEND  ph_cis_floor2 agent=PH tag=CPU rss=0.07GB
2026-09-13T23:22:49 SUSPEND  p_train_raw_fold1 agent=P tag=CPU rss=1.03GB
2026-09-13T23:23:04 RESUME   ph_cis_floor2 agent=PH tag=CPU
2026-09-13T23:23:09 RESUME   p_train_raw_fold1 agent=P tag=CPU
2026-09-13T23:23:44 SAMPLE   ram=79.0% (13.23GB used, 3.52GB free) cpu=82.3% (15s mean 83.4%) jobs=6 amber=1 queued=0 lanes=8
2026-09-13T23:24:44 SAMPLE   ram=79.4% (13.30GB used, 3.44GB free) cpu=85.1% (15s mean 84.7%) jobs=6 amber=1 queued=0 lanes=8
2026-09-13T23:25:09 ADOPT    ph_cis_floor2 was suspended before this governor started; adopted
2026-09-13T23:25:44 SAMPLE   ram=78.9% (13.22GB used, 3.53GB free) cpu=86.0% (15s mean 86.7%) jobs=6 amber=0 queued=0 lanes=8
2026-09-13T23:26:44 SAMPLE   ram=80.2% (13.43GB used, 3.32GB free) cpu=86.5% (15s mean 84.7%) jobs=6 amber=0 queued=0 lanes=8
2026-09-13T23:27:29 REAP     ph_branch_report (pid 15968) is gone; registration removed
2026-09-13T23:27:44 SAMPLE   ram=84.0% (14.06GB used, 2.69GB free) cpu=94.6% (15s mean 94.8%) jobs=6 amber=0 queued=0 lanes=8
2026-09-13T23:27:44 SUSPEND  w_train_out_2LMF agent=W tag=CPU rss=1.25GB
2026-09-13T23:27:49 SUSPEND  p_train_raw_fold1 agent=P tag=CPU rss=1.15GB
2026-09-13T23:27:54 RESUME   ph_cis_floor2 agent=PH tag=CPU
2026-09-13T23:28:04 RESUME   w_train_out_2LMF agent=W tag=CPU
2026-09-13T23:28:09 RESUME   p_train_raw_fold1 agent=P tag=CPU
2026-09-13T23:28:19 SUSPEND  w_train_out_2LMF agent=W tag=CPU rss=1.23GB
2026-09-13T23:28:24 SUSPEND  ph_cis_floor2 agent=PH tag=CPU rss=0.07GB
2026-09-13T23:28:44 SAMPLE   ram=84.3% (14.12GB used, 2.63GB free) cpu=75.0% (15s mean 82.4%) jobs=6 amber=0 queued=0 lanes=8
2026-09-13T23:28:49 RESUME   ph_cis_floor2 agent=PH tag=CPU
2026-09-13T23:29:34 REAP     ph_cis_floor2 (pid 4744) is gone; registration removed
2026-09-13T23:29:44 SAMPLE   ram=85.3% (14.29GB used, 2.46GB free) cpu=71.7% (15s mean 75.4%) jobs=5 amber=0 queued=0 lanes=8
2026-09-13T23:29:44 RESUME   w_train_out_2LMF agent=W tag=CPU
2026-09-13T23:29:59 SUSPEND  w_amberprior_endpoint agent=W tag=CPU rss=0.13GB
2026-09-13T23:30:04 SUSPEND  w_train_out_2LMF agent=W tag=CPU rss=1.23GB
2026-09-13T23:30:19 RESUME   w_amberprior_endpoint agent=W tag=CPU
2026-09-13T23:30:24 RESUME   w_train_out_2LMF agent=W tag=CPU
2026-09-13T23:30:34 SUSPEND  w_amberprior_endpoint agent=W tag=CPU rss=0.13GB
2026-09-13T23:30:39 SUSPEND  w_train_out_2LMF agent=W tag=CPU rss=1.24GB
2026-09-13T23:30:44 SAMPLE   ram=85.5% (14.32GB used, 2.43GB free) cpu=79.6% (15s mean 92.8%) jobs=6 amber=0 queued=0 lanes=8
2026-09-13T23:30:54 RESUME   w_amberprior_endpoint agent=W tag=CPU
2026-09-13T23:31:09 SUSPEND  w_amberprior_endpoint agent=W tag=CPU rss=0.13GB
2026-09-13T23:31:24 RESUME   w_train_out_2LMF agent=W tag=CPU
2026-09-13T23:31:39 SUSPEND  w_train_out_2LMF agent=W tag=CPU rss=1.23GB
2026-09-13T23:31:44 SAMPLE   ram=85.3% (14.28GB used, 2.47GB free) cpu=77.7% (15s mean 90.9%) jobs=6 amber=0 queued=0 lanes=8
2026-09-13T23:31:54 RESUME   w_amberprior_endpoint agent=W tag=CPU
2026-09-13T23:31:59 RESUME   w_train_out_2LMF agent=W tag=CPU
2026-09-13T23:32:14 SUSPEND  w_amberprior_endpoint agent=W tag=CPU rss=0.13GB
2026-09-13T23:32:19 SUSPEND  w_train_out_2LMF agent=W tag=CPU rss=1.24GB
2026-09-13T23:32:34 RESUME   w_amberprior_endpoint agent=W tag=CPU
2026-09-13T23:32:39 RESUME   w_train_out_2LMF agent=W tag=CPU
2026-09-13T23:32:44 SAMPLE   ram=85.6% (14.34GB used, 2.41GB free) cpu=98.5% (15s mean 82.7%) jobs=6 amber=0 queued=0 lanes=8
2026-09-13T23:32:54 SUSPEND  w_amberprior_endpoint agent=W tag=CPU rss=0.13GB
2026-09-13T23:32:59 SUSPEND  w_train_out_2LMF agent=W tag=CPU rss=1.22GB
2026-09-13T23:33:14 RESUME   w_amberprior_endpoint agent=W tag=CPU
2026-09-13T23:33:19 RESUME   w_train_out_2LMF agent=W tag=CPU
2026-09-13T23:33:29 SUSPEND  w_amberprior_endpoint agent=W tag=CPU rss=0.13GB
2026-09-13T23:33:34 SUSPEND  w_train_out_2LMF agent=W tag=CPU rss=1.23GB
2026-09-13T23:33:44 SAMPLE   ram=85.5% (14.32GB used, 2.43GB free) cpu=75.2% (15s mean 80.7%) jobs=6 amber=0 queued=0 lanes=8
2026-09-13T23:33:49 RESUME   w_amberprior_endpoint agent=W tag=CPU
2026-09-13T23:33:54 RESUME   w_train_out_2LMF agent=W tag=CPU
2026-09-13T23:34:04 SUSPEND  w_amberprior_endpoint agent=W tag=CPU rss=0.13GB
2026-09-13T23:34:09 SUSPEND  w_train_out_2LMF agent=W tag=CPU rss=1.23GB
2026-09-13T23:34:24 RESUME   w_amberprior_endpoint agent=W tag=CPU
2026-09-13T23:34:29 RESUME   w_train_out_2LMF agent=W tag=CPU
2026-09-13T23:34:39 SUSPEND  w_amberprior_endpoint agent=W tag=CPU rss=0.13GB
2026-09-13T23:34:44 SAMPLE   ram=85.5% (14.32GB used, 2.43GB free) cpu=98.7% (15s mean 99.4%) jobs=6 amber=0 queued=0 lanes=8
2026-09-13T23:34:44 SUSPEND  w_train_out_2LMF agent=W tag=CPU rss=1.23GB
2026-09-13T23:34:49 SUSPEND  p_train_raw_fold1 agent=P tag=CPU rss=1.06GB
2026-09-13T23:34:59 RESUME   w_amberprior_endpoint agent=W tag=CPU
2026-09-13T23:35:04 RESUME   w_train_out_2LMF agent=W tag=CPU
2026-09-13T23:35:09 RESUME   p_train_raw_fold1 agent=P tag=CPU
2026-09-13T23:35:19 SUSPEND  w_amberprior_endpoint agent=W tag=CPU rss=0.13GB
2026-09-13T23:35:24 SUSPEND  w_train_out_2LMF agent=W tag=CPU rss=1.24GB
2026-09-13T23:35:39 RESUME   w_amberprior_endpoint agent=W tag=CPU
2026-09-13T23:35:44 SAMPLE   ram=87.2% (14.60GB used, 2.15GB free) cpu=87.2% (15s mean 74.9%) jobs=6 amber=0 queued=0 lanes=8
2026-09-13T23:35:44 RESUME   w_train_out_2LMF agent=W tag=CPU
2026-09-13T23:35:49 REAP     p_eval_mix (pid 5124) is gone; registration removed
2026-09-13T23:35:54 SUSPEND  ph_validity agent=PH tag=AMBER rss=0.26GB
2026-09-13T23:35:59 SUSPEND  w_amberprior_endpoint agent=W tag=CPU rss=0.13GB
2026-09-13T23:36:04 SUSPEND  w_train_out_2LMF agent=W tag=CPU rss=1.22GB
2026-09-13T23:36:19 RESUME   w_amberprior_endpoint agent=W tag=CPU
2026-09-13T23:36:24 RESUME   w_train_out_2LMF agent=W tag=CPU
2026-09-13T23:36:44 SAMPLE   ram=87.2% (14.61GB used, 2.14GB free) cpu=98.2% (15s mean 95.6%) jobs=6 amber=1 queued=0 lanes=8
2026-09-13T23:36:44 SUSPEND  ph_validity agent=PH tag=AMBER rss=0.26GB
2026-09-13T23:36:49 SUSPEND  w_amberprior_endpoint agent=W tag=CPU rss=0.13GB
2026-09-13T23:36:54 SUSPEND  w_train_out_2LMF agent=W tag=CPU rss=1.23GB
2026-09-13T23:37:04 RESUME   ph_validity agent=PH tag=AMBER
2026-09-13T23:37:09 RESUME   w_amberprior_endpoint agent=W tag=CPU
2026-09-13T23:37:14 RESUME   w_train_out_2LMF agent=W tag=CPU
2026-09-13T23:37:29 SUSPEND  ph_validity agent=PH tag=AMBER rss=0.26GB
2026-09-13T23:37:34 SUSPEND  w_amberprior_endpoint agent=W tag=CPU rss=0.13GB
2026-09-13T23:37:44 SAMPLE   ram=85.9% (14.38GB used, 2.37GB free) cpu=88.8% (15s mean 89.0%) jobs=6 amber=0 queued=0 lanes=8
2026-09-13T23:38:44 SAMPLE   ram=86.1% (14.43GB used, 2.32GB free) cpu=86.4% (15s mean 86.2%) jobs=6 amber=0 queued=0 lanes=8
2026-09-13T23:39:44 SAMPLE   ram=86.8% (14.54GB used, 2.21GB free) cpu=83.8% (15s mean 85.0%) jobs=6 amber=0 queued=0 lanes=8
2026-09-13T23:40:44 SAMPLE   ram=85.2% (14.27GB used, 2.48GB free) cpu=85.4% (15s mean 84.6%) jobs=6 amber=0 queued=0 lanes=8
2026-09-13T23:41:44 SAMPLE   ram=85.8% (14.37GB used, 2.38GB free) cpu=90.8% (15s mean 88.9%) jobs=6 amber=0 queued=0 lanes=8
2026-09-13T23:42:44 SAMPLE   ram=86.2% (14.43GB used, 2.32GB free) cpu=83.6% (15s mean 83.8%) jobs=6 amber=0 queued=0 lanes=8
2026-09-13T23:43:44 SAMPLE   ram=86.7% (14.52GB used, 2.23GB free) cpu=86.1% (15s mean 85.9%) jobs=6 amber=0 queued=0 lanes=8
2026-09-13T23:44:29 SUSPEND  w_train_out_2LMF agent=W tag=CPU rss=1.20GB
2026-09-13T23:44:39 RESUME   w_amberprior_endpoint agent=W tag=CPU
2026-09-13T23:44:44 SAMPLE   ram=85.6% (14.35GB used, 2.40GB free) cpu=70.2% (15s mean 69.2%) jobs=6 amber=0 queued=0 lanes=8
2026-09-13T23:44:44 RESUME   ph_validity agent=PH tag=AMBER
2026-09-13T23:44:49 RESUME   w_train_out_2LMF agent=W tag=CPU
2026-09-13T23:44:54 REAP     w_train_out_2LMF (pid 6636) is gone; registration removed
2026-09-13T23:45:29 SUSPEND  w_train_out_2P5J agent=W tag=CPU rss=1.21GB
2026-09-13T23:45:44 SAMPLE   ram=87.6% (14.67GB used, 2.08GB free) cpu=65.6% (15s mean 69.9%) jobs=6 amber=1 queued=0 lanes=8
2026-09-13T23:45:49 RESUME   w_train_out_2P5J agent=W tag=CPU
2026-09-13T23:46:04 SUSPEND  w_train_out_2P5J agent=W tag=CPU rss=1.23GB
2026-09-13T23:46:24 RESUME   w_train_out_2P5J agent=W tag=CPU
2026-09-13T23:46:39 SUSPEND  w_train_out_2P5J agent=W tag=CPU rss=1.23GB
2026-09-13T23:46:44 SAMPLE   ram=87.0% (14.58GB used, 2.17GB free) cpu=70.4% (15s mean 88.6%) jobs=6 amber=1 queued=0 lanes=8
2026-09-13T23:46:59 RESUME   w_train_out_2P5J agent=W tag=CPU
2026-09-13T23:47:14 SUSPEND  w_train_out_2P5J agent=W tag=CPU rss=1.24GB
2026-09-13T23:47:34 RESUME   w_train_out_2P5J agent=W tag=CPU
2026-09-13T23:47:44 SAMPLE   ram=85.6% (14.34GB used, 2.41GB free) cpu=96.9% (15s mean 87.7%) jobs=6 amber=1 queued=0 lanes=8
2026-09-13T23:47:49 SUSPEND  w_train_out_2P5J agent=W tag=CPU rss=1.20GB
2026-09-13T23:48:04 ADOPT    ph_validity was suspended before this governor started; adopted
2026-09-13T23:48:04 RESUME   ph_validity agent=PH tag=AMBER
2026-09-13T23:48:09 RESUME   w_train_out_2P5J agent=W tag=CPU
2026-09-13T23:48:19 SUSPEND  w_train_out_2P5J agent=W tag=CPU rss=1.23GB
2026-09-13T23:48:24 SUSPEND  ph_validity agent=PH tag=AMBER rss=0.26GB
2026-09-13T23:48:44 SAMPLE   ram=85.8% (14.37GB used, 2.38GB free) cpu=71.6% (15s mean 79.7%) jobs=6 amber=0 queued=0 lanes=8
2026-09-13T23:48:44 RESUME   ph_validity agent=PH tag=AMBER
2026-09-13T23:49:44 SAMPLE   ram=87.3% (14.62GB used, 2.13GB free) cpu=83.8% (15s mean 84.3%) jobs=6 amber=1 queued=0 lanes=8
2026-09-13T23:50:04 RESUME   w_train_out_2P5J agent=W tag=CPU
2026-09-13T23:50:14 SUSPEND  w_train_out_2P5J agent=W tag=CPU rss=1.24GB
2026-09-13T23:50:19 SUSPEND  ph_validity agent=PH tag=AMBER rss=0.27GB
2026-09-13T23:50:34 RESUME   w_train_out_2P5J agent=W tag=CPU
2026-09-13T23:50:39 RESUME   ph_validity agent=PH tag=AMBER
2026-09-13T23:50:44 SAMPLE   ram=85.3% (14.29GB used, 2.46GB free) cpu=100.0% (15s mean 89.5%) jobs=6 amber=1 queued=0 lanes=8
2026-09-13T23:50:49 SUSPEND  w_train_out_2P5J agent=W tag=CPU rss=1.22GB
2026-09-13T23:50:54 SUSPEND  ph_validity agent=PH tag=AMBER rss=0.27GB
2026-09-13T23:51:09 RESUME   w_train_out_2P5J agent=W tag=CPU
2026-09-13T23:51:14 RESUME   ph_validity agent=PH tag=AMBER
2026-09-13T23:51:24 SUSPEND  w_train_out_2P5J agent=W tag=CPU rss=1.24GB
2026-09-13T23:51:29 SUSPEND  ph_validity agent=PH tag=AMBER rss=0.27GB
2026-09-13T23:51:44 SAMPLE   ram=86.7% (14.52GB used, 2.23GB free) cpu=69.1% (15s mean 68.2%) jobs=6 amber=0 queued=0 lanes=8
2026-09-13T23:51:44 RESUME   w_train_out_2P5J agent=W tag=CPU
2026-09-13T23:51:49 RESUME   ph_validity agent=PH tag=AMBER
2026-09-13T23:51:59 SUSPEND  w_train_out_2P5J agent=W tag=CPU rss=1.24GB
2026-09-13T23:52:04 SUSPEND  ph_validity agent=PH tag=AMBER rss=0.27GB
2026-09-13T23:52:19 RESUME   w_train_out_2P5J agent=W tag=CPU
2026-09-13T23:52:34 SUSPEND  w_train_out_2P5J agent=W tag=CPU rss=1.21GB
2026-09-13T23:52:44 SAMPLE   ram=87.4% (14.64GB used, 2.11GB free) cpu=91.2% (15s mean 87.0%) jobs=6 amber=0 queued=0 lanes=8
2026-09-13T23:53:04 RESUME   w_train_out_2P5J agent=W tag=CPU
2026-09-13T23:53:44 SAMPLE   ram=85.0% (14.24GB used, 2.50GB free) cpu=91.4% (15s mean 90.9%) jobs=6 amber=0 queued=0 lanes=8
2026-09-13T23:54:14 SUSPEND  w_train_out_2P5J agent=W tag=CPU rss=1.22GB
2026-09-13T23:54:24 RESUME   ph_validity agent=PH tag=AMBER
2026-09-13T23:54:34 RESUME   w_train_out_2P5J agent=W tag=CPU
2026-09-13T23:54:44 SAMPLE   ram=85.6% (14.34GB used, 2.41GB free) cpu=98.9% (15s mean 93.0%) jobs=6 amber=1 queued=0 lanes=8
2026-09-13T23:54:49 SUSPEND  w_train_out_2P5J agent=W tag=CPU rss=1.23GB
2026-09-13T23:55:44 SAMPLE   ram=87.4% (14.64GB used, 2.11GB free) cpu=79.6% (15s mean 81.2%) jobs=6 amber=1 queued=0 lanes=8
2026-09-13T23:55:54 RESUME   w_train_out_2P5J agent=W tag=CPU
2026-09-13T23:56:09 SUSPEND  w_train_out_2P5J agent=W tag=CPU rss=1.23GB
2026-09-13T23:56:34 RESUME   w_train_out_2P5J agent=W tag=CPU
2026-09-13T23:56:44 SAMPLE   ram=85.5% (14.32GB used, 2.43GB free) cpu=98.4% (15s mean 91.8%) jobs=6 amber=1 queued=0 lanes=8
2026-09-13T23:56:49 SUSPEND  w_train_out_2P5J agent=W tag=CPU rss=1.23GB
2026-09-13T23:57:09 RESUME   w_train_out_2P5J agent=W tag=CPU
2026-09-13T23:57:44 SAMPLE   ram=77.4% (12.96GB used, 3.79GB free) cpu=81.0% (15s mean 80.8%) jobs=5 amber=1 queued=0 lanes=8
2026-09-13T23:58:44 SAMPLE   ram=77.6% (13.00GB used, 3.75GB free) cpu=84.2% (15s mean 82.5%) jobs=5 amber=1 queued=0 lanes=8
2026-09-13T23:59:44 SAMPLE   ram=77.6% (12.99GB used, 3.76GB free) cpu=81.7% (15s mean 81.4%) jobs=5 amber=1 queued=0 lanes=8
2026-09-14T00:00:44 SAMPLE   ram=78.1% (13.08GB used, 3.67GB free) cpu=81.8% (15s mean 81.6%) jobs=5 amber=1 queued=0 lanes=8
2026-09-14T00:01:44 SAMPLE   ram=78.0% (13.07GB used, 3.68GB free) cpu=81.7% (15s mean 81.6%) jobs=5 amber=1 queued=0 lanes=8
2026-09-14T00:02:44 SAMPLE   ram=77.7% (13.02GB used, 3.73GB free) cpu=80.3% (15s mean 81.2%) jobs=5 amber=1 queued=0 lanes=8
2026-09-14T00:02:49 REAP     w_train_out_2P5J (pid 30784) is gone; registration removed
2026-09-14T00:03:44 SAMPLE   ram=70.7% (11.84GB used, 4.91GB free) cpu=61.1% (15s mean 58.3%) jobs=4 amber=1 queued=0 lanes=8
2026-09-14T00:04:44 SAMPLE   ram=78.1% (13.08GB used, 3.67GB free) cpu=98.0% (15s mean 86.9%) jobs=6 amber=1 queued=0 lanes=8
2026-09-14T00:04:54 SUSPEND  w_recall_endpoint agent=W tag=CPU rss=0.11GB
2026-09-14T00:04:59 SUSPEND  w_train_out_1U6V agent=W tag=CPU rss=1.23GB
2026-09-14T00:05:14 RESUME   w_recall_endpoint agent=W tag=CPU
2026-09-14T00:05:19 RESUME   w_train_out_1U6V agent=W tag=CPU
2026-09-14T00:05:24 REAP     w_recall_endpoint (pid 40620) is gone; registration removed
2026-09-14T00:05:44 SAMPLE   ram=78.6% (13.17GB used, 3.58GB free) cpu=92.4% (15s mean 86.4%) jobs=5 amber=1 queued=0 lanes=8
2026-09-14T00:05:55 SUSPEND  w_ladder agent=W tag=CPU rss=0.27GB
2026-09-14T00:06:00 SUSPEND  w_train_out_1U6V agent=W tag=CPU rss=1.22GB
2026-09-14T00:06:14 RESUME   w_ladder agent=W tag=CPU
2026-09-14T00:06:19 RESUME   w_train_out_1U6V agent=W tag=CPU
2026-09-14T00:06:29 SUSPEND  w_train_out_1U6V agent=W tag=CPU rss=1.24GB
2026-09-14T00:06:44 SAMPLE   ram=78.8% (13.21GB used, 3.54GB free) cpu=58.7% (15s mean 64.4%) jobs=5 amber=1 queued=0 lanes=8
2026-09-14T00:06:49 RESUME   w_train_out_1U6V agent=W tag=CPU
2026-09-14T00:07:44 SAMPLE   ram=78.3% (13.11GB used, 3.64GB free) cpu=89.9% (15s mean 92.6%) jobs=5 amber=1 queued=0 lanes=8
2026-09-14T00:08:44 SAMPLE   ram=78.5% (13.14GB used, 3.60GB free) cpu=87.2% (15s mean 89.3%) jobs=5 amber=1 queued=0 lanes=8
2026-09-14T00:09:04 SUSPEND  w_train_out_1U6V agent=W tag=CPU rss=1.23GB
2026-09-14T00:09:10 SUSPEND  ph_validity agent=PH tag=AMBER rss=0.12GB
2026-09-14T00:09:24 RESUME   w_train_out_1U6V agent=W tag=CPU
2026-09-14T00:09:29 RESUME   ph_validity agent=PH tag=AMBER
2026-09-14T00:09:45 SAMPLE   ram=83.0% (13.89GB used, 2.85GB free) cpu=90.3% (15s mean 92.5%) jobs=6 amber=1 queued=0 lanes=8
2026-09-14T00:09:49 SUSPEND  p_eval_esm8m2 agent=P tag=CPU rss=0.44GB
2026-09-14T00:09:55 SUSPEND  w_train_out_1U6V agent=W tag=CPU rss=1.21GB
2026-09-14T00:10:09 RESUME   p_eval_esm8m2 agent=P tag=CPU
2026-09-14T00:10:14 RESUME   w_train_out_1U6V agent=W tag=CPU
2026-09-14T00:10:25 SUSPEND  p_eval_esm8m2 agent=P tag=CPU rss=0.44GB
2026-09-14T00:10:30 SUSPEND  w_train_out_1U6V agent=W tag=CPU rss=1.22GB
2026-09-14T00:10:44 SAMPLE   ram=84.3% (14.13GB used, 2.62GB free) cpu=79.5% (15s mean 75.1%) jobs=6 amber=1 queued=0 lanes=8
2026-09-14T00:10:45 RESUME   p_eval_esm8m2 agent=P tag=CPU
2026-09-14T00:11:00 SUSPEND  p_eval_esm8m2 agent=P tag=CPU rss=0.43GB
2026-09-14T00:11:04 SUSPEND  ph_validity agent=PH tag=AMBER rss=0.12GB
2026-09-14T00:11:15 RESUME   w_train_out_1U6V agent=W tag=CPU
2026-09-14T00:11:20 RESUME   p_eval_esm8m2 agent=P tag=CPU
2026-09-14T00:11:30 SUSPEND  p_eval_esm8m2 agent=P tag=CPU rss=0.43GB
2026-09-14T00:11:35 SUSPEND  w_train_out_1U6V agent=W tag=CPU rss=1.21GB
2026-09-14T00:11:44 SAMPLE   ram=83.8% (14.04GB used, 2.71GB free) cpu=58.7% (15s mean 69.7%) jobs=6 amber=0 queued=0 lanes=8
2026-09-14T00:11:44 RESUME   ph_validity agent=PH tag=AMBER
2026-09-14T00:11:49 RESUME   p_eval_esm8m2 agent=P tag=CPU
2026-09-14T00:11:55 RESUME   w_train_out_1U6V agent=W tag=CPU
2026-09-14T00:12:05 SUSPEND  p_eval_esm8m2 agent=P tag=CPU rss=0.44GB
2026-09-14T00:12:10 SUSPEND  w_train_out_1U6V agent=W tag=CPU rss=1.19GB
2026-09-14T00:12:14 SUSPEND  ph_validity agent=PH tag=AMBER rss=0.12GB
2026-09-14T00:12:24 RESUME   p_eval_esm8m2 agent=P tag=CPU
2026-09-14T00:12:29 RESUME   w_train_out_1U6V agent=W tag=CPU
2026-09-14T00:12:34 RESUME   ph_validity agent=PH tag=AMBER
2026-09-14T00:12:45 SAMPLE   ram=83.2% (13.94GB used, 2.81GB free) cpu=93.8% (15s mean 93.8%) jobs=6 amber=1 queued=0 lanes=8
2026-09-14T00:12:45 SUSPEND  p_eval_esm8m2 agent=P tag=CPU rss=0.44GB
2026-09-14T00:13:00 SUSPEND  w_train_out_1U6V agent=W tag=CPU rss=1.24GB
2026-09-14T00:13:09 RESUME   p_eval_esm8m2 agent=P tag=CPU
2026-09-14T00:13:19 RESUME   w_train_out_1U6V agent=W tag=CPU
2026-09-14T00:13:34 REAP     p_eval_esm8m2 (pid 29904) is gone; registration removed
2026-09-14T00:13:34 SUSPEND  w_train_out_1U6V agent=W tag=CPU rss=1.24GB
2026-09-14T00:13:44 REAP     pytest_slow_integration (pid 37440) is gone; registration removed
2026-09-14T00:13:44 SAMPLE   ram=79.2% (13.26GB used, 3.49GB free) cpu=74.1% (15s mean 74.2%) jobs=5 amber=1 queued=0 lanes=8
2026-09-14T00:13:55 RESUME   w_train_out_1U6V agent=W tag=CPU
2026-09-14T00:14:05 SUSPEND  a2_dla_a1 agent=Q tag=CPU rss=0.05GB
2026-09-14T00:14:10 SUSPEND  a2_dla_a1 agent=Q tag=CPU rss=0.06GB
2026-09-14T00:14:15 SUSPEND  a2_dla_a1 agent=Q tag=CPU rss=0.06GB
2026-09-14T00:14:20 SUSPEND  a2_dla_a1 agent=Q tag=CPU rss=0.06GB
2026-09-14T00:14:24 SUSPEND  a2_dla_a1 agent=Q tag=CPU rss=0.06GB
2026-09-14T00:14:30 SUSPEND  a2_dla_a1 agent=Q tag=CPU rss=0.06GB
2026-09-14T00:14:45 SAMPLE   ram=80.7% (13.51GB used, 3.24GB free) cpu=99.8% (15s mean 95.3%) jobs=6 amber=1 queued=0 lanes=8
2026-09-14T00:14:45 SUSPEND  a2_dla_a1 agent=Q tag=CPU rss=0.06GB
2026-09-14T00:14:50 SUSPEND  a2_dla_a1 agent=Q tag=CPU rss=0.06GB
2026-09-14T00:14:55 SUSPEND  a2_dla_a1 agent=Q tag=CPU rss=0.06GB
2026-09-14T00:15:00 SUSPEND  a2_dla_a1 agent=Q tag=CPU rss=0.06GB
2026-09-14T00:15:15 SUSPEND  a2_dla_a1 agent=Q tag=CPU rss=0.06GB
2026-09-14T00:15:20 SUSPEND  a2_dla_a1 agent=Q tag=CPU rss=0.06GB
2026-09-14T00:15:25 SUSPEND  a2_dla_a1 agent=Q tag=CPU rss=0.06GB
2026-09-14T00:15:30 SUSPEND  a2_dla_a1 agent=Q tag=CPU rss=0.06GB
2026-09-14T00:15:35 SUSPEND  a2_dla_a1 agent=Q tag=CPU rss=0.06GB
2026-09-14T00:15:40 SUSPEND  a2_dla_a1 agent=Q tag=CPU rss=0.06GB
2026-09-14T00:15:45 SAMPLE   ram=80.7% (13.52GB used, 3.23GB free) cpu=99.6% (15s mean 99.9%) jobs=6 amber=1 queued=0 lanes=8
2026-09-14T00:15:45 SUSPEND  a2_dla_a1 agent=Q tag=CPU rss=0.06GB
2026-09-14T00:15:50 SUSPEND  a2_dla_a1 agent=Q tag=CPU rss=0.06GB
2026-09-14T00:15:55 SUSPEND  a2_dla_a1 agent=Q tag=CPU rss=0.06GB
2026-09-14T00:16:00 SUSPEND  a2_dla_a1 agent=Q tag=CPU rss=0.06GB
2026-09-14T00:16:05 SUSPEND  a2_dla_a1 agent=Q tag=CPU rss=0.06GB
2026-09-14T00:16:20 SUSPEND  a2_dla_a1 agent=Q tag=CPU rss=0.06GB
2026-09-14T00:16:25 SUSPEND  a2_dla_a1 agent=Q tag=CPU rss=0.06GB
2026-09-14T00:16:44 SAMPLE   ram=81.3% (13.62GB used, 3.13GB free) cpu=83.1% (15s mean 89.9%) jobs=6 amber=1 queued=0 lanes=8
2026-09-14T00:17:45 SAMPLE   ram=79.6% (13.34GB used, 3.42GB free) cpu=82.2% (15s mean 83.3%) jobs=6 amber=1 queued=0 lanes=8
2026-09-14T00:18:35 REAP     ph_validity (pid 34648) is gone; registration removed
2026-09-14T00:18:45 SAMPLE   ram=79.4% (13.29GB used, 3.46GB free) cpu=88.4% (15s mean 82.4%) jobs=6 amber=1 queued=0 lanes=8
2026-09-14T00:19:45 SAMPLE   ram=76.2% (12.77GB used, 3.98GB free) cpu=77.0% (15s mean 74.4%) jobs=6 amber=1 queued=0 lanes=8
2026-09-14T00:20:45 SAMPLE   ram=76.4% (12.79GB used, 3.96GB free) cpu=69.2% (15s mean 69.6%) jobs=6 amber=1 queued=0 lanes=8
2026-09-14T00:21:45 SAMPLE   ram=76.4% (12.79GB used, 3.96GB free) cpu=70.9% (15s mean 72.3%) jobs=6 amber=1 queued=0 lanes=8
2026-09-14T00:22:04 REAP     pytest_slow_equivalence2 (pid 38904) is gone; registration removed
2026-09-14T00:22:19 REAP     e_report_check5 (pid 2220) is gone; registration removed
2026-09-14T00:22:45 SAMPLE   ram=77.4% (12.96GB used, 3.79GB free) cpu=86.3% (15s mean 78.5%) jobs=6 amber=0 queued=0 lanes=8
2026-09-14T00:23:30 SUSPEND  p_train_raw_fold2 agent=P tag=CPU rss=1.64GB
2026-09-14T00:23:45 SAMPLE   ram=81.7% (13.68GB used, 3.07GB free) cpu=71.4% (15s mean 67.5%) jobs=6 amber=0 queued=0 lanes=8
2026-09-14T00:23:50 RESUME   p_train_raw_fold2 agent=P tag=CPU
2026-09-14T00:24:20 SUSPEND  p_train_raw_fold2 agent=P tag=CPU rss=1.77GB
2026-09-14T00:24:40 RESUME   p_train_raw_fold2 agent=P tag=CPU
2026-09-14T00:24:45 SAMPLE   ram=81.8% (13.71GB used, 3.04GB free) cpu=95.8% (15s mean 70.4%) jobs=6 amber=0 queued=0 lanes=8
2026-09-14T00:25:45 SAMPLE   ram=85.6% (14.34GB used, 2.41GB free) cpu=92.7% (15s mean 90.0%) jobs=6 amber=0 queued=0 lanes=8
2026-09-14T00:25:50 SUSPEND  p_train_raw_fold2 agent=P tag=CPU rss=1.82GB
2026-09-14T00:26:10 RESUME   p_train_raw_fold2 agent=P tag=CPU
2026-09-14T00:26:45 SAMPLE   ram=82.2% (13.76GB used, 2.98GB free) cpu=79.6% (15s mean 82.1%) jobs=6 amber=0 queued=0 lanes=8
2026-09-14T00:27:45 SAMPLE   ram=81.6% (13.68GB used, 3.07GB free) cpu=78.8% (15s mean 81.5%) jobs=6 amber=0 queued=0 lanes=8
2026-09-14T00:28:45 SAMPLE   ram=81.5% (13.65GB used, 3.10GB free) cpu=80.8% (15s mean 80.8%) jobs=6 amber=0 queued=0 lanes=8
2026-09-14T00:28:50 REAP     p_eval_pairnet (pid 17144) is gone; registration removed
2026-09-14T00:29:30 REAP     pytest_slow_equivalence3 (pid 26052) is gone; registration removed
2026-09-14T00:29:45 SAMPLE   ram=81.0% (13.57GB used, 3.18GB free) cpu=76.0% (15s mean 75.0%) jobs=6 amber=0 queued=0 lanes=8
2026-09-14T00:30:30 SUSPEND  a_strain_vs_spread agent=A tag=CPU rss=0.12GB
2026-09-14T00:30:45 SAMPLE   ram=82.5% (13.81GB used, 2.94GB free) cpu=87.8% (15s mean 83.3%) jobs=6 amber=0 queued=0 lanes=8
2026-09-14T00:31:20 RESUME   a_strain_vs_spread agent=A tag=CPU
2026-09-14T00:31:45 SAMPLE   ram=83.5% (13.99GB used, 2.76GB free) cpu=92.8% (15s mean 86.1%) jobs=6 amber=0 queued=0 lanes=8
2026-09-14T00:31:55 SUSPEND  a_strain_vs_spread agent=A tag=CPU rss=0.12GB
2026-09-14T00:32:25 RESUME   a_strain_vs_spread agent=A tag=CPU
2026-09-14T00:32:30 REAP     a_strain_vs_spread (pid 35824) is gone; registration removed
2026-09-14T00:32:45 SAMPLE   ram=87.2% (14.61GB used, 2.14GB free) cpu=98.9% (15s mean 98.2%) jobs=6 amber=0 queued=0 lanes=8
2026-09-14T00:32:45 SUSPEND  w_train_out_9BAF_f0 agent=W tag=CPU rss=1.06GB
2026-09-14T00:32:50 SUSPEND  p_train_raw_fold2 agent=P tag=CPU rss=1.59GB
2026-09-14T00:33:05 RESUME   w_train_out_9BAF_f0 agent=W tag=CPU
2026-09-14T00:33:10 RESUME   p_train_raw_fold2 agent=P tag=CPU
2026-09-14T00:33:25 SUSPEND  w_train_out_9BAF_f0 agent=W tag=CPU rss=1.22GB
2026-09-14T00:33:45 SAMPLE   ram=82.9% (13.88GB used, 2.87GB free) cpu=69.0% (15s mean 69.0%) jobs=6 amber=0 queued=0 lanes=8
2026-09-14T00:33:45 RESUME   w_train_out_9BAF_f0 agent=W tag=CPU
2026-09-14T00:34:00 SUSPEND  w_train_out_9BAF_f0 agent=W tag=CPU rss=1.22GB
2026-09-14T00:34:20 RESUME   w_train_out_9BAF_f0 agent=W tag=CPU
2026-09-14T00:34:35 SUSPEND  w_train_out_9BAF_f0 agent=W tag=CPU rss=1.21GB
2026-09-14T00:34:45 SAMPLE   ram=84.0% (14.06GB used, 2.69GB free) cpu=80.6% (15s mean 83.7%) jobs=6 amber=0 queued=0 lanes=8
2026-09-14T00:35:05 RESUME   w_train_out_9BAF_f0 agent=W tag=CPU
2026-09-14T00:35:20 SUSPEND  w_train_out_9BAF_f0 agent=W tag=CPU rss=1.24GB
2026-09-14T00:35:40 RESUME   w_train_out_9BAF_f0 agent=W tag=CPU
2026-09-14T00:35:45 SAMPLE   ram=84.8% (14.21GB used, 2.54GB free) cpu=96.2% (15s mean 77.8%) jobs=6 amber=0 queued=0 lanes=8
2026-09-14T00:35:55 SUSPEND  w_train_out_9BAF_f0 agent=W tag=CPU rss=1.23GB
2026-09-14T00:36:15 RESUME   w_train_out_9BAF_f0 agent=W tag=CPU
2026-09-14T00:36:30 SUSPEND  w_train_out_9BAF_f0 agent=W tag=CPU rss=1.20GB
2026-09-14T00:36:35 SUSPEND  p_train_raw_fold2 agent=P tag=CPU rss=1.61GB
2026-09-14T00:36:45 SAMPLE   ram=83.2% (13.93GB used, 2.82GB free) cpu=44.3% (15s mean 62.8%) jobs=6 amber=0 queued=0 lanes=8
2026-09-14T00:36:50 RESUME   w_train_out_9BAF_f0 agent=W tag=CPU
2026-09-14T00:36:55 RESUME   p_train_raw_fold2 agent=P tag=CPU
2026-09-14T00:37:15 SUSPEND  w_train_out_9BAF_f0 agent=W tag=CPU rss=1.21GB
2026-09-14T00:37:35 RESUME   w_train_out_9BAF_f0 agent=W tag=CPU
2026-09-14T00:37:45 SAMPLE   ram=82.7% (13.84GB used, 2.91GB free) cpu=96.4% (15s mean 86.5%) jobs=6 amber=0 queued=0 lanes=8
2026-09-14T00:37:50 SUSPEND  w_train_out_9BAF_f0 agent=W tag=CPU rss=1.21GB
2026-09-14T00:38:10 RESUME   w_train_out_9BAF_f0 agent=W tag=CPU
2026-09-14T00:38:25 SUSPEND  w_train_out_9BAF_f0 agent=W tag=CPU rss=1.22GB
2026-09-14T00:38:45 SAMPLE   ram=83.1% (13.92GB used, 2.83GB free) cpu=68.2% (15s mean 70.4%) jobs=6 amber=0 queued=0 lanes=8
2026-09-14T00:38:45 RESUME   w_train_out_9BAF_f0 agent=W tag=CPU
2026-09-14T00:39:00 SUSPEND  w_train_out_9BAF_f0 agent=W tag=CPU rss=1.21GB
2026-09-14T00:39:25 RESUME   w_train_out_9BAF_f0 agent=W tag=CPU
2026-09-14T00:39:40 SUSPEND  w_train_out_9BAF_f0 agent=W tag=CPU rss=1.21GB
2026-09-14T00:39:45 SAMPLE   ram=84.4% (14.14GB used, 2.61GB free) cpu=78.8% (15s mean 91.6%) jobs=6 amber=0 queued=0 lanes=8
2026-09-14T00:40:00 RESUME   w_train_out_9BAF_f0 agent=W tag=CPU
2026-09-14T00:40:15 SUSPEND  w_train_out_9BAF_f0 agent=W tag=CPU rss=1.22GB
2026-09-14T00:40:35 RESUME   w_train_out_9BAF_f0 agent=W tag=CPU
2026-09-14T00:40:45 SAMPLE   ram=83.4% (13.97GB used, 2.78GB free) cpu=97.8% (15s mean 90.9%) jobs=6 amber=0 queued=0 lanes=8
2026-09-14T00:40:50 SUSPEND  w_train_out_9BAF_f0 agent=W tag=CPU rss=1.22GB
2026-09-14T00:41:10 RESUME   w_train_out_9BAF_f0 agent=W tag=CPU
2026-09-14T00:41:25 SUSPEND  w_train_out_9BAF_f0 agent=W tag=CPU rss=1.23GB
2026-09-14T00:41:45 SAMPLE   ram=83.6% (14.00GB used, 2.75GB free) cpu=68.7% (15s mean 69.8%) jobs=6 amber=0 queued=0 lanes=8
2026-09-14T00:41:45 RESUME   w_train_out_9BAF_f0 agent=W tag=CPU
2026-09-14T00:42:05 SUSPEND  w_train_out_9BAF_f0 agent=W tag=CPU rss=1.22GB
2026-09-14T00:42:25 RESUME   w_train_out_9BAF_f0 agent=W tag=CPU
2026-09-14T00:42:40 SUSPEND  w_train_out_9BAF_f0 agent=W tag=CPU rss=1.24GB
2026-09-14T00:42:45 SAMPLE   ram=82.6% (13.84GB used, 2.91GB free) cpu=70.0% (15s mean 88.1%) jobs=6 amber=0 queued=0 lanes=8
2026-09-14T00:43:35 RESUME   w_train_out_9BAF_f0 agent=W tag=CPU
2026-09-14T00:43:45 SAMPLE   ram=82.5% (13.82GB used, 2.93GB free) cpu=96.5% (15s mean 88.9%) jobs=6 amber=0 queued=0 lanes=8
2026-09-14T00:43:50 SUSPEND  w_train_out_9BAF_f0 agent=W tag=CPU rss=1.22GB
2026-09-14T00:44:10 RESUME   w_train_out_9BAF_f0 agent=W tag=CPU
2026-09-14T00:44:25 SUSPEND  w_train_out_9BAF_f0 agent=W tag=CPU rss=1.20GB
2026-09-14T00:44:30 SUSPEND  p_train_raw_fold2 agent=P tag=CPU rss=1.90GB
2026-09-14T00:44:45 SAMPLE   ram=82.8% (13.86GB used, 2.89GB free) cpu=44.3% (15s mean 50.8%) jobs=6 amber=0 queued=0 lanes=8
2026-09-14T00:44:45 RESUME   w_train_out_9BAF_f0 agent=W tag=CPU
2026-09-14T00:44:50 RESUME   p_train_raw_fold2 agent=P tag=CPU
2026-09-14T00:45:05 SUSPEND  w_train_out_9BAF_f0 agent=W tag=CPU rss=1.20GB
2026-09-14T00:45:25 RESUME   w_train_out_9BAF_f0 agent=W tag=CPU
2026-09-14T00:45:40 SUSPEND  w_train_out_9BAF_f0 agent=W tag=CPU rss=1.22GB
2026-09-14T00:45:45 SAMPLE   ram=82.3% (13.79GB used, 2.96GB free) cpu=69.0% (15s mean 88.4%) jobs=6 amber=0 queued=0 lanes=8
2026-09-14T00:46:00 RESUME   w_train_out_9BAF_f0 agent=W tag=CPU
2026-09-14T00:46:15 SUSPEND  w_train_out_9BAF_f0 agent=W tag=CPU rss=1.24GB
2026-09-14T00:46:35 RESUME   w_train_out_9BAF_f0 agent=W tag=CPU
2026-09-14T00:46:45 SAMPLE   ram=84.4% (14.13GB used, 2.62GB free) cpu=96.1% (15s mean 87.5%) jobs=6 amber=0 queued=0 lanes=8
2026-09-14T00:46:50 SUSPEND  w_train_out_9BAF_f0 agent=W tag=CPU rss=1.23GB
2026-09-14T00:47:10 RESUME   w_train_out_9BAF_f0 agent=W tag=CPU
2026-09-14T00:47:25 SUSPEND  w_train_out_9BAF_f0 agent=W tag=CPU rss=1.24GB
2026-09-14T00:47:45 SAMPLE   ram=82.4% (13.80GB used, 2.95GB free) cpu=69.3% (15s mean 69.9%) jobs=6 amber=0 queued=0 lanes=8
2026-09-14T00:47:45 RESUME   w_train_out_9BAF_f0 agent=W tag=CPU
2026-09-14T00:48:00 SUSPEND  w_train_out_9BAF_f0 agent=W tag=CPU rss=1.22GB
2026-09-14T00:48:20 RESUME   w_train_out_9BAF_f0 agent=W tag=CPU
2026-09-14T00:48:35 SUSPEND  w_train_out_9BAF_f0 agent=W tag=CPU rss=1.22GB
2026-09-14T00:48:45 SAMPLE   ram=81.5% (13.64GB used, 3.11GB free) cpu=70.1% (15s mean 82.3%) jobs=6 amber=0 queued=0 lanes=8
2026-09-14T00:48:55 RESUME   w_train_out_9BAF_f0 agent=W tag=CPU
2026-09-14T00:49:10 SUSPEND  w_train_out_9BAF_f0 agent=W tag=CPU rss=1.20GB
2026-09-14T00:49:30 REAP     w_amberprior_endpoint (pid 26940) is gone; registration removed
2026-09-14T00:49:30 RESUME   w_train_out_9BAF_f0 agent=W tag=CPU
2026-09-14T00:49:45 SAMPLE   ram=84.2% (14.11GB used, 2.64GB free) cpu=97.5% (15s mean 98.1%) jobs=6 amber=0 queued=0 lanes=8
2026-09-14T00:49:45 SUSPEND  w_endpoint_report2 agent=W tag=CPU rss=0.29GB
2026-09-14T00:49:50 SUSPEND  w_train_out_9BAF_f0 agent=W tag=CPU rss=1.22GB
2026-09-14T00:50:05 RESUME   w_endpoint_report2 agent=W tag=CPU
2026-09-14T00:50:20 SUSPEND  w_endpoint_report2 agent=W tag=CPU rss=0.29GB
2026-09-14T00:50:30 RESUME   w_train_out_9BAF_f0 agent=W tag=CPU
2026-09-14T00:50:45 SAMPLE   ram=85.1% (14.25GB used, 2.50GB free) cpu=97.8% (15s mean 95.3%) jobs=6 amber=0 queued=0 lanes=8
2026-09-14T00:50:45 SUSPEND  w_train_out_9BAF_f0 agent=W tag=CPU rss=1.22GB
2026-09-14T00:51:00 RESUME   w_endpoint_report2 agent=W tag=CPU
2026-09-14T00:51:05 RESUME   w_train_out_9BAF_f0 agent=W tag=CPU
2026-09-14T00:51:15 SUSPEND  w_endpoint_report2 agent=W tag=CPU rss=0.29GB
2026-09-14T00:51:20 SUSPEND  w_train_out_9BAF_f0 agent=W tag=CPU rss=1.23GB
2026-09-14T00:51:35 RESUME   w_endpoint_report2 agent=W tag=CPU
2026-09-14T00:51:40 RESUME   w_train_out_9BAF_f0 agent=W tag=CPU
2026-09-14T00:51:45 SAMPLE   ram=83.8% (14.04GB used, 2.71GB free) cpu=91.0% (15s mean 73.0%) jobs=6 amber=0 queued=0 lanes=8
2026-09-14T00:51:55 SUSPEND  w_train_out_9BAF_f0 agent=W tag=CPU rss=1.22GB
2026-09-14T00:52:05 REAP     ph_relief_probe (pid 20412) is gone; registration removed
2026-09-14T00:52:15 RESUME   w_train_out_9BAF_f0 agent=W tag=CPU
2026-09-14T00:52:30 SUSPEND  p_b3_run agent=P tag=CPU rss=0.05GB
2026-09-14T00:52:35 SUSPEND  w_train_out_9BAF_f0 agent=W tag=CPU rss=1.23GB
2026-09-14T00:52:45 SAMPLE   ram=85.6% (14.34GB used, 2.41GB free) cpu=88.1% (15s mean 83.7%) jobs=6 amber=0 queued=0 lanes=8
2026-09-14T00:52:50 RESUME   p_b3_run agent=P tag=CPU
2026-09-14T00:52:55 RESUME   w_train_out_9BAF_f0 agent=W tag=CPU
2026-09-14T00:53:10 SUSPEND  p_b3_run agent=P tag=CPU rss=0.05GB
2026-09-14T00:53:15 SUSPEND  w_train_out_9BAF_f0 agent=W tag=CPU rss=1.21GB
2026-09-14T00:53:20 SUSPEND  p_train_raw_fold2 agent=P tag=CPU rss=1.79GB
2026-09-14T00:53:30 RESUME   p_b3_run agent=P tag=CPU
2026-09-14T00:53:35 RESUME   w_train_out_9BAF_f0 agent=W tag=CPU
2026-09-14T00:53:40 RESUME   p_train_raw_fold2 agent=P tag=CPU
2026-09-14T00:53:45 SAMPLE   ram=83.6% (14.00GB used, 2.75GB free) cpu=97.4% (15s mean 73.0%) jobs=6 amber=0 queued=0 lanes=8
2026-09-14T00:53:50 REAP     p_b3_run (pid 23696) is gone; registration removed
2026-09-14T00:53:55 SUSPEND  ph_relief_probe2 agent=PH tag=AMBER rss=0.27GB
2026-09-14T00:54:00 SUSPEND  w_train_out_9BAF_f0 agent=W tag=CPU rss=1.19GB
2026-09-14T00:54:20 RESUME   w_train_out_9BAF_f0 agent=W tag=CPU
2026-09-14T00:54:45 SAMPLE   ram=85.0% (14.24GB used, 2.51GB free) cpu=86.2% (15s mean 89.9%) jobs=6 amber=1 queued=0 lanes=8
2026-09-14T00:55:45 SAMPLE   ram=86.1% (14.43GB used, 2.32GB free) cpu=89.7% (15s mean 89.4%) jobs=6 amber=1 queued=0 lanes=8
2026-09-14T00:56:25 REAP     w_train_out_9BAF_f0 (pid 35648) is gone; registration removed
2026-09-14T00:56:45 SAMPLE   ram=78.7% (13.18GB used, 3.57GB free) cpu=68.8% (15s mean 69.8%) jobs=6 amber=1 queued=0 lanes=8
2026-09-14T00:57:10 ADOPT    ph_relief_probe2 was suspended before this governor started; adopted
2026-09-14T00:57:10 RESUME   ph_relief_probe2 agent=PH tag=AMBER
2026-09-14T00:57:15 REAP     ph_relief_probe2 (pid 15764) is gone; registration removed
2026-09-14T00:57:30 REAP     e_report_check7 (pid 26988) is gone; registration removed
2026-09-14T00:57:45 SAMPLE   ram=77.2% (12.94GB used, 3.81GB free) cpu=85.1% (15s mean 90.7%) jobs=6 amber=0 queued=0 lanes=8
2026-09-14T00:58:00 SUSPEND  p_c4_run agent=P tag=CPU rss=0.11GB
2026-09-14T00:58:05 SUSPEND  a4_var_boot agent=Q tag=CPU rss=0.06GB
2026-09-14T00:58:20 RESUME   p_c4_run agent=P tag=CPU
2026-09-14T00:58:25 RESUME   a4_var_boot agent=Q tag=CPU
2026-09-14T00:58:45 SAMPLE   ram=77.9% (13.05GB used, 3.70GB free) cpu=81.9% (15s mean 83.8%) jobs=6 amber=0 queued=0 lanes=8
2026-09-14T00:59:05 SUSPEND  p_c4_run agent=P tag=CPU rss=0.11GB
2026-09-14T00:59:10 SUSPEND  a4_var_boot agent=Q tag=CPU rss=0.07GB
2026-09-14T00:59:25 RESUME   p_c4_run agent=P tag=CPU
2026-09-14T00:59:30 RESUME   a4_var_boot agent=Q tag=CPU
2026-09-14T00:59:45 SAMPLE   ram=78.5% (13.15GB used, 3.60GB free) cpu=88.7% (15s mean 90.3%) jobs=6 amber=0 queued=0 lanes=8
2026-09-14T01:00:40 SUSPEND  p_c4_run agent=P tag=CPU rss=0.11GB
2026-09-14T01:00:45 SAMPLE   ram=78.6% (13.16GB used, 3.59GB free) cpu=71.6% (15s mean 86.7%) jobs=6 amber=0 queued=0 lanes=8
2026-09-14T01:01:00 SUSPEND  a4_var_boot agent=Q tag=CPU rss=0.07GB
2026-09-14T01:01:05 SUSPEND  p_train_raw_fold2 agent=P tag=CPU rss=1.05GB
2026-09-14T01:01:10 RESUME   p_c4_run agent=P tag=CPU
2026-09-14T01:01:20 RESUME   a4_var_boot agent=Q tag=CPU
2026-09-14T01:01:25 RESUME   p_train_raw_fold2 agent=P tag=CPU
2026-09-14T01:01:40 SUSPEND  p_c4_run agent=P tag=CPU rss=0.11GB
2026-09-14T01:01:45 SAMPLE   ram=80.5% (13.48GB used, 3.27GB free) cpu=97.6% (15s mean 98.6%) jobs=6 amber=0 queued=0 lanes=8
2026-09-14T01:01:45 SUSPEND  a4_var_boot agent=Q tag=CPU rss=0.07GB
2026-09-14T01:01:50 SUSPEND  p_train_raw_fold2 agent=P tag=CPU rss=1.26GB
2026-09-14T01:02:00 RESUME   p_c4_run agent=P tag=CPU
2026-09-14T01:02:05 RESUME   a4_var_boot agent=Q tag=CPU
2026-09-14T01:02:10 RESUME   p_train_raw_fold2 agent=P tag=CPU
2026-09-14T01:02:25 SUSPEND  p_c4_run agent=P tag=CPU rss=0.11GB
2026-09-14T01:02:30 SUSPEND  a4_var_boot agent=Q tag=CPU rss=0.07GB
2026-09-14T01:02:45 SAMPLE   ram=79.9% (13.38GB used, 3.37GB free) cpu=70.3% (15s mean 77.5%) jobs=6 amber=0 queued=0 lanes=8
2026-09-14T01:02:45 RESUME   p_c4_run agent=P tag=CPU
2026-09-14T01:02:50 RESUME   a4_var_boot agent=Q tag=CPU
2026-09-14T01:03:10 SUSPEND  p_c4_run agent=P tag=CPU rss=0.11GB
2026-09-14T01:03:45 SAMPLE   ram=81.2% (13.60GB used, 3.15GB free) cpu=68.0% (15s mean 76.1%) jobs=6 amber=1 queued=0 lanes=8
2026-09-14T01:03:45 RESUME   p_c4_run agent=P tag=CPU
2026-09-14T01:04:45 SAMPLE   ram=80.6% (13.50GB used, 3.25GB free) cpu=94.8% (15s mean 94.8%) jobs=6 amber=1 queued=0 lanes=8
2026-09-14T01:04:45 SUSPEND  ph_relief_run agent=PH tag=AMBER rss=0.27GB
2026-09-14T01:04:50 SUSPEND  p_c4_run agent=P tag=CPU rss=0.11GB
2026-09-14T01:05:05 RESUME   ph_relief_run agent=PH tag=AMBER
2026-09-14T01:05:10 RESUME   p_c4_run agent=P tag=CPU
2026-09-14T01:05:40 SUSPEND  ph_relief_run agent=PH tag=AMBER rss=0.27GB
2026-09-14T01:05:45 SAMPLE   ram=81.9% (13.72GB used, 3.03GB free) cpu=76.5% (15s mean 87.5%) jobs=6 amber=0 queued=0 lanes=8
2026-09-14T01:06:00 RESUME   ph_relief_run agent=PH tag=AMBER
2026-09-14T01:06:45 SAMPLE   ram=80.9% (13.55GB used, 3.20GB free) cpu=87.9% (15s mean 88.0%) jobs=6 amber=1 queued=0 lanes=8
2026-09-14T01:07:45 SAMPLE   ram=80.5% (13.48GB used, 3.27GB free) cpu=87.1% (15s mean 85.8%) jobs=6 amber=1 queued=0 lanes=8
2026-09-14T01:08:45 SAMPLE   ram=79.8% (13.37GB used, 3.38GB free) cpu=91.2% (15s mean 90.5%) jobs=6 amber=1 queued=0 lanes=8
2026-09-14T01:09:05 SUSPEND  ph_relief_run agent=PH tag=AMBER rss=0.29GB
2026-09-14T01:09:10 SUSPEND  p_c4_run agent=P tag=CPU rss=0.11GB
2026-09-14T01:09:25 RESUME   ph_relief_run agent=PH tag=AMBER
2026-09-14T01:09:30 RESUME   p_c4_run agent=P tag=CPU
2026-09-14T01:09:45 SAMPLE   ram=81.7% (13.68GB used, 3.07GB free) cpu=89.5% (15s mean 88.3%) jobs=6 amber=1 queued=0 lanes=8
2026-09-14T01:10:45 SAMPLE   ram=81.2% (13.61GB used, 3.14GB free) cpu=90.8% (15s mean 89.4%) jobs=6 amber=1 queued=0 lanes=8
2026-09-14T01:11:45 SAMPLE   ram=82.3% (13.79GB used, 2.96GB free) cpu=89.3% (15s mean 84.2%) jobs=6 amber=1 queued=0 lanes=8
2026-09-14T01:12:45 SAMPLE   ram=81.4% (13.64GB used, 3.11GB free) cpu=91.2% (15s mean 85.3%) jobs=6 amber=1 queued=0 lanes=8
2026-09-14T01:13:45 SAMPLE   ram=80.9% (13.55GB used, 3.20GB free) cpu=79.7% (15s mean 83.2%) jobs=6 amber=1 queued=0 lanes=8
2026-09-14T01:14:45 SAMPLE   ram=79.9% (13.38GB used, 3.37GB free) cpu=79.4% (15s mean 80.6%) jobs=6 amber=1 queued=0 lanes=8
2026-09-14T01:15:45 SAMPLE   ram=80.3% (13.45GB used, 3.30GB free) cpu=81.2% (15s mean 85.8%) jobs=6 amber=1 queued=0 lanes=8
2026-09-14T01:16:45 SAMPLE   ram=80.6% (13.49GB used, 3.26GB free) cpu=85.0% (15s mean 81.6%) jobs=6 amber=1 queued=0 lanes=8
2026-09-14T01:17:45 SAMPLE   ram=81.1% (13.59GB used, 3.17GB free) cpu=81.4% (15s mean 82.6%) jobs=6 amber=1 queued=0 lanes=8
2026-09-14T01:18:45 SAMPLE   ram=80.4% (13.47GB used, 3.28GB free) cpu=88.7% (15s mean 85.8%) jobs=6 amber=1 queued=0 lanes=8
2026-09-14T01:19:45 SAMPLE   ram=79.8% (13.37GB used, 3.38GB free) cpu=85.4% (15s mean 81.5%) jobs=6 amber=1 queued=0 lanes=8
2026-09-14T01:20:45 SAMPLE   ram=81.4% (13.63GB used, 3.12GB free) cpu=89.0% (15s mean 88.7%) jobs=6 amber=1 queued=0 lanes=8
2026-09-14T01:21:45 SAMPLE   ram=80.2% (13.44GB used, 3.31GB free) cpu=86.1% (15s mean 85.0%) jobs=6 amber=1 queued=0 lanes=8
2026-09-14T01:22:45 SAMPLE   ram=82.6% (13.84GB used, 2.92GB free) cpu=96.4% (15s mean 86.5%) jobs=6 amber=1 queued=0 lanes=8
2026-09-14T01:23:45 SAMPLE   ram=80.6% (13.50GB used, 3.25GB free) cpu=82.3% (15s mean 82.9%) jobs=6 amber=1 queued=0 lanes=8
2026-09-14T01:24:45 SAMPLE   ram=78.8% (13.20GB used, 3.55GB free) cpu=81.2% (15s mean 80.5%) jobs=6 amber=1 queued=0 lanes=8
2026-09-14T01:25:45 SAMPLE   ram=79.9% (13.39GB used, 3.36GB free) cpu=84.3% (15s mean 83.8%) jobs=6 amber=1 queued=0 lanes=8
2026-09-14T01:26:45 SAMPLE   ram=79.0% (13.22GB used, 3.52GB free) cpu=79.9% (15s mean 81.9%) jobs=6 amber=1 queued=0 lanes=8
2026-09-14T01:27:45 SAMPLE   ram=78.9% (13.21GB used, 3.54GB free) cpu=80.7% (15s mean 81.0%) jobs=6 amber=1 queued=0 lanes=8
2026-09-14T01:28:45 SAMPLE   ram=77.6% (13.00GB used, 3.75GB free) cpu=81.0% (15s mean 84.5%) jobs=6 amber=1 queued=0 lanes=8
2026-09-14T01:29:45 SAMPLE   ram=77.8% (13.04GB used, 3.71GB free) cpu=81.1% (15s mean 80.6%) jobs=6 amber=1 queued=0 lanes=8
2026-09-14T01:30:45 SAMPLE   ram=79.7% (13.36GB used, 3.39GB free) cpu=78.1% (15s mean 79.3%) jobs=6 amber=1 queued=0 lanes=8
2026-09-14T01:31:45 SAMPLE   ram=78.1% (13.08GB used, 3.67GB free) cpu=86.7% (15s mean 89.1%) jobs=6 amber=1 queued=0 lanes=8
2026-09-14T01:32:45 SAMPLE   ram=77.7% (13.02GB used, 3.73GB free) cpu=85.5% (15s mean 83.8%) jobs=6 amber=1 queued=0 lanes=8
2026-09-14T01:33:25 SUSPEND  ph_relief_run agent=PH tag=AMBER rss=0.31GB
2026-09-14T01:33:45 SAMPLE   ram=77.6% (13.00GB used, 3.75GB free) cpu=87.7% (15s mean 79.4%) jobs=7 amber=1 queued=0 lanes=8
2026-09-14T01:33:45 RESUME   ph_relief_run agent=PH tag=AMBER
2026-09-14T01:33:55 SUSPEND  pytest_slow_integration2 agent=I tag=AMBER rss=0.34GB
2026-09-14T01:34:00 SUSPEND  ph_relief_run agent=PH tag=AMBER rss=0.23GB
2026-09-14T01:34:05 SUSPEND  p_c4_run agent=P tag=CPU rss=0.06GB
2026-09-14T01:34:15 RESUME   pytest_slow_integration2 agent=I tag=AMBER
2026-09-14T01:34:20 RESUME   ph_relief_run agent=PH tag=AMBER
2026-09-14T01:34:40 SUSPEND  pytest_slow_integration2 agent=I tag=AMBER rss=0.57GB
2026-09-14T01:34:45 SAMPLE   ram=81.6% (13.67GB used, 3.08GB free) cpu=89.5% (15s mean 94.4%) jobs=7 amber=1 queued=0 lanes=8
2026-09-14T01:34:45 SUSPEND  ph_relief_run agent=PH tag=AMBER rss=0.23GB
2026-09-14T01:35:00 RESUME   pytest_slow_integration2 agent=I tag=AMBER
2026-09-14T01:35:45 SAMPLE   ram=83.4% (13.97GB used, 2.78GB free) cpu=84.9% (15s mean 84.1%) jobs=7 amber=1 queued=0 lanes=8
2026-09-14T01:36:00 RESUME   ph_relief_run agent=PH tag=AMBER
2026-09-14T01:36:45 SAMPLE   ram=76.3% (12.78GB used, 3.97GB free) cpu=83.0% (15s mean 87.1%) jobs=7 amber=1 queued=0 lanes=8
2026-09-14T01:37:35 SUSPEND  resultslab_rebuild agent=I tag=CPU rss=0.11GB
2026-09-14T01:37:40 SUSPEND  ph_relief_run agent=PH tag=AMBER rss=0.22GB
2026-09-14T01:37:45 SAMPLE   ram=76.6% (12.84GB used, 3.91GB free) cpu=76.0% (15s mean 86.6%) jobs=7 amber=0 queued=0 lanes=8
2026-09-14T01:37:55 RESUME   resultslab_rebuild agent=I tag=CPU
2026-09-14T01:38:00 RESUME   ph_relief_run agent=PH tag=AMBER
2026-09-14T01:38:45 SAMPLE   ram=76.0% (12.72GB used, 4.03GB free) cpu=83.3% (15s mean 83.9%) jobs=7 amber=1 queued=0 lanes=8
2026-09-14T01:38:50 ADOPT    p_c4_run was suspended before this governor started; adopted
2026-09-14T01:39:45 SAMPLE   ram=75.3% (12.61GB used, 4.14GB free) cpu=82.5% (15s mean 83.6%) jobs=7 amber=1 queued=0 lanes=8
2026-09-14T01:40:45 SAMPLE   ram=77.7% (13.01GB used, 3.74GB free) cpu=81.1% (15s mean 82.4%) jobs=7 amber=1 queued=0 lanes=8
2026-09-14T01:41:25 REAP     p_train_raw_fold2 (pid 4584) is gone; registration removed
2026-09-14T01:41:25 RESUME   p_c4_run agent=P tag=CPU
2026-09-14T01:41:45 SAMPLE   ram=68.1% (11.40GB used, 5.34GB free) cpu=80.2% (15s mean 83.9%) jobs=7 amber=1 queued=0 lanes=8
2026-09-14T01:42:45 SAMPLE   ram=67.9% (11.37GB used, 5.38GB free) cpu=83.6% (15s mean 83.4%) jobs=7 amber=1 queued=0 lanes=8
2026-09-14T01:43:45 SAMPLE   ram=68.0% (11.40GB used, 5.35GB free) cpu=83.5% (15s mean 83.5%) jobs=7 amber=1 queued=0 lanes=8
2026-09-14T01:44:45 SAMPLE   ram=69.2% (11.60GB used, 5.15GB free) cpu=87.1% (15s mean 84.6%) jobs=7 amber=1 queued=0 lanes=8
2026-09-14T01:45:30 SUSPEND  p_c5_run agent=P tag=CPU rss=0.09GB
2026-09-14T01:45:45 SAMPLE   ram=69.4% (11.62GB used, 5.12GB free) cpu=72.8% (15s mean 72.5%) jobs=7 amber=1 queued=0 lanes=8
2026-09-14T01:45:50 RESUME   p_c5_run agent=P tag=CPU
2026-09-14T01:46:45 SAMPLE   ram=69.7% (11.68GB used, 5.07GB free) cpu=85.1% (15s mean 84.4%) jobs=7 amber=1 queued=0 lanes=8
2026-09-14T01:47:45 SAMPLE   ram=69.1% (11.57GB used, 5.17GB free) cpu=83.1% (15s mean 82.0%) jobs=7 amber=1 queued=0 lanes=8
2026-09-14T01:48:45 SAMPLE   ram=68.6% (11.49GB used, 5.26GB free) cpu=91.1% (15s mean 87.6%) jobs=7 amber=1 queued=0 lanes=8
2026-09-14T01:49:45 SAMPLE   ram=68.8% (11.52GB used, 5.23GB free) cpu=83.3% (15s mean 81.4%) jobs=7 amber=1 queued=0 lanes=8
2026-09-14T01:50:10 SUSPEND  p_c5_run agent=P tag=CPU rss=0.09GB
2026-09-14T01:50:30 RESUME   p_c5_run agent=P tag=CPU
2026-09-14T01:50:45 SAMPLE   ram=69.1% (11.58GB used, 5.17GB free) cpu=84.0% (15s mean 83.4%) jobs=7 amber=1 queued=0 lanes=8
2026-09-14T01:50:50 REAP     p_deliver_shipped (pid 29936) is gone; registration removed
2026-09-14T01:51:10 REAP     verify_vqe_lfo_audit (pid 7068) is gone; registration removed
2026-09-14T01:51:31 SUSPEND  p_train_raw_fold3 agent=P tag=CPU rss=0.64GB
2026-09-14T01:51:35 SUSPEND  p_c5_run agent=P tag=CPU rss=0.09GB
2026-09-14T01:51:45 SAMPLE   ram=72.5% (12.15GB used, 4.60GB free) cpu=86.8% (15s mean 85.7%) jobs=7 amber=1 queued=0 lanes=8
2026-09-14T01:51:50 RESUME   p_train_raw_fold3 agent=P tag=CPU
2026-09-14T01:52:46 SAMPLE   ram=79.0% (13.23GB used, 3.52GB free) cpu=98.0% (15s mean 91.4%) jobs=7 amber=1 queued=0 lanes=8
2026-09-14T01:53:46 SAMPLE   ram=79.8% (13.37GB used, 3.38GB free) cpu=96.1% (15s mean 94.0%) jobs=7 amber=1 queued=0 lanes=8
2026-09-14T01:53:46 SUSPEND  p_train_raw_fold3 agent=P tag=CPU rss=1.63GB
2026-09-14T01:53:55 RESUME   p_c5_run agent=P tag=CPU
2026-09-14T01:54:05 RESUME   p_train_raw_fold3 agent=P tag=CPU
2026-09-14T01:54:20 SUSPEND  p_train_raw_fold3 agent=P tag=CPU rss=1.59GB
2026-09-14T01:54:40 RESUME   p_train_raw_fold3 agent=P tag=CPU
2026-09-14T01:54:45 SAMPLE   ram=79.1% (13.24GB used, 3.51GB free) cpu=91.8% (15s mean 78.8%) jobs=7 amber=1 queued=0 lanes=8
2026-09-14T01:55:11 SUSPEND  p_train_raw_fold3 agent=P tag=CPU rss=1.85GB
2026-09-14T01:55:31 RESUME   p_train_raw_fold3 agent=P tag=CPU
2026-09-14T01:55:46 SAMPLE   ram=81.2% (13.60GB used, 3.15GB free) cpu=98.3% (15s mean 95.2%) jobs=7 amber=1 queued=0 lanes=8
2026-09-14T01:55:46 SUSPEND  p_train_raw_fold3 agent=P tag=CPU rss=1.91GB
2026-09-14T01:56:06 RESUME   p_train_raw_fold3 agent=P tag=CPU
2026-09-14T01:56:21 SUSPEND  p_train_raw_fold3 agent=P tag=CPU rss=1.85GB
2026-09-14T01:56:40 RESUME   p_train_raw_fold3 agent=P tag=CPU
2026-09-14T01:56:46 SAMPLE   ram=79.6% (13.33GB used, 3.42GB free) cpu=93.8% (15s mean 79.1%) jobs=7 amber=1 queued=0 lanes=8
2026-09-14T01:57:26 SUSPEND  p_train_raw_fold3 agent=P tag=CPU rss=1.60GB
2026-09-14T01:57:46 SAMPLE   ram=78.5% (13.15GB used, 3.60GB free) cpu=72.2% (15s mean 72.2%) jobs=7 amber=1 queued=0 lanes=8
2026-09-14T01:57:46 RESUME   p_train_raw_fold3 agent=P tag=CPU
2026-09-14T01:58:06 SUSPEND  p_train_raw_fold3 agent=P tag=CPU rss=1.93GB
2026-09-14T01:58:25 RESUME   p_train_raw_fold3 agent=P tag=CPU
2026-09-14T01:58:46 SAMPLE   ram=78.7% (13.19GB used, 3.56GB free) cpu=93.4% (15s mean 92.1%) jobs=7 amber=1 queued=0 lanes=8
2026-09-14T01:58:56 SUSPEND  p_train_raw_fold3 agent=P tag=CPU rss=1.60GB
2026-09-14T01:59:16 RESUME   p_train_raw_fold3 agent=P tag=CPU
2026-09-14T01:59:46 SAMPLE   ram=78.6% (13.17GB used, 3.58GB free) cpu=92.4% (15s mean 92.0%) jobs=7 amber=1 queued=0 lanes=8
2026-09-14T02:00:01 SUSPEND  p_train_raw_fold3 agent=P tag=CPU rss=1.81GB
2026-09-14T02:00:20 RESUME   p_train_raw_fold3 agent=P tag=CPU
2026-09-14T02:00:36 SUSPEND  p_train_raw_fold3 agent=P tag=CPU rss=1.61GB
2026-09-14T02:00:45 SAMPLE   ram=79.2% (13.26GB used, 3.49GB free) cpu=72.2% (15s mean 80.4%) jobs=7 amber=1 queued=0 lanes=8
2026-09-14T02:00:56 RESUME   p_train_raw_fold3 agent=P tag=CPU
2026-09-14T02:01:11 SUSPEND  p_train_raw_fold3 agent=P tag=CPU rss=1.61GB
2026-09-14T02:01:31 RESUME   p_train_raw_fold3 agent=P tag=CPU
2026-09-14T02:01:46 SAMPLE   ram=79.1% (13.24GB used, 3.51GB free) cpu=98.6% (15s mean 97.9%) jobs=7 amber=1 queued=0 lanes=8
2026-09-14T02:01:46 SUSPEND  p_train_raw_fold3 agent=P tag=CPU rss=1.61GB
2026-09-14T02:02:06 RESUME   p_train_raw_fold3 agent=P tag=CPU
2026-09-14T02:02:20 REAP     e_report_check9 (pid 15976) is gone; registration removed
2026-09-14T02:02:21 SUSPEND  p_train_raw_fold3 agent=P tag=CPU rss=1.92GB
2026-09-14T02:02:31 REAP     ph_c3_verify (pid 37476) is gone; registration removed
2026-09-14T02:02:31 REAP     verify_cvar_audit (pid 17448) is gone; registration removed
2026-09-14T02:02:41 REAP     verify_ansatz_audit (pid 5192) is gone; registration removed
2026-09-14T02:02:41 RESUME   p_train_raw_fold3 agent=P tag=CPU
2026-09-14T02:02:46 REAP     verify_headline_audit (pid 27108) is gone; registration removed
2026-09-14T02:02:46 SAMPLE   ram=80.2% (13.44GB used, 3.31GB free) cpu=89.5% (15s mean 80.1%) jobs=6 amber=1 queued=0 lanes=8
2026-09-14T02:02:56 SUSPEND  verify_legacy_audit agent=I tag=CPU rss=0.13GB
2026-09-14T02:03:01 SUSPEND  p_train_raw_fold3 agent=P tag=CPU rss=1.71GB
2026-09-14T02:03:16 RESUME   verify_legacy_audit agent=I tag=CPU
2026-09-14T02:03:31 SUSPEND  verify_amber_audit agent=I tag=AMBER rss=0.27GB
2026-09-14T02:03:36 SUSPEND  p_c5_run agent=P tag=CPU rss=0.09GB
2026-09-14T02:03:46 SAMPLE   ram=81.5% (13.65GB used, 3.10GB free) cpu=76.8% (15s mean 80.7%) jobs=7 amber=1 queued=0 lanes=8
2026-09-14T02:03:51 RESUME   verify_amber_audit agent=I tag=AMBER
2026-09-14T02:03:56 RESUME   p_c5_run agent=P tag=CPU
2026-09-14T02:04:01 RESUME   p_train_raw_fold3 agent=P tag=CPU
2026-09-14T02:04:11 SUSPEND  verify_amber_platform agent=I tag=AMBER rss=0.02GB
2026-09-14T02:04:16 SUSPEND  p_train_raw_fold3 agent=P tag=CPU rss=1.85GB
2026-09-14T02:04:21 SUSPEND  p_c5_run agent=P tag=CPU rss=0.09GB
2026-09-14T02:04:31 RESUME   verify_amber_platform agent=I tag=AMBER
2026-09-14T02:04:36 RESUME   p_train_raw_fold3 agent=P tag=CPU
2026-09-14T02:04:41 RESUME   p_c5_run agent=P tag=CPU
2026-09-14T02:04:46 SAMPLE   ram=82.6% (13.83GB used, 2.92GB free) cpu=100.0% (15s mean 89.9%) jobs=7 amber=2 queued=0 lanes=8
2026-09-14T02:04:51 SUSPEND  verify_amber_platform agent=I tag=AMBER rss=0.30GB
2026-09-14T02:04:56 SUSPEND  p_train_raw_fold3 agent=P tag=CPU rss=1.59GB
2026-09-14T02:05:01 SUSPEND  p_c5_run agent=P tag=CPU rss=0.09GB
2026-09-14T02:05:06 SUSPEND  resultslab_rebuild agent=I tag=CPU rss=0.11GB
2026-09-14T02:05:11 RESUME   verify_amber_platform agent=I tag=AMBER
2026-09-14T02:05:16 RESUME   p_train_raw_fold3 agent=P tag=CPU
2026-09-14T02:05:21 RESUME   p_c5_run agent=P tag=CPU
2026-09-14T02:05:26 RESUME   resultslab_rebuild agent=I tag=CPU
2026-09-14T02:05:36 SUSPEND  verify_leak_audit agent=I tag=AMBER rss=0.29GB
2026-09-14T02:05:41 SUSPEND  e_report_check10 agent=E tag=CPU rss=0.10GB
2026-09-14T02:05:46 SAMPLE   ram=83.3% (13.96GB used, 2.79GB free) cpu=99.8% (15s mean 99.9%) jobs=8 amber=1 queued=0 lanes=8
2026-09-14T02:05:46 SUSPEND  p_train_raw_fold3 agent=P tag=CPU rss=1.61GB
2026-09-14T02:05:56 RESUME   verify_leak_audit agent=I tag=AMBER
2026-09-14T02:06:01 RESUME   e_report_check10 agent=E tag=CPU
2026-09-14T02:06:36 RESUME   p_train_raw_fold3 agent=P tag=CPU
2026-09-14T02:06:46 SAMPLE   ram=83.4% (13.97GB used, 2.78GB free) cpu=96.0% (15s mean 89.1%) jobs=7 amber=2 queued=0 lanes=8
2026-09-14T02:06:51 SUSPEND  verify_leak_audit agent=I tag=AMBER rss=0.57GB
2026-09-14T02:07:01 SUSPEND  p_train_raw_fold3 agent=P tag=CPU rss=1.63GB
2026-09-14T02:07:16 RESUME   verify_leak_audit agent=I tag=AMBER
2026-09-14T02:07:21 RESUME   p_train_raw_fold3 agent=P tag=CPU
2026-09-14T02:07:31 SUSPEND  p_train_raw_fold3 agent=P tag=CPU rss=1.61GB
2026-09-14T02:07:46 SAMPLE   ram=79.5% (13.32GB used, 3.43GB free) cpu=63.7% (15s mean 61.5%) jobs=7 amber=2 queued=0 lanes=8
2026-09-14T02:07:51 RESUME   p_train_raw_fold3 agent=P tag=CPU
2026-09-14T02:08:01 SUSPEND  verify_grad_key_collision agent=I tag=AMBER rss=0.58GB
2026-09-14T02:08:06 SUSPEND  verify_grad_key_collision agent=I tag=AMBER rss=0.58GB
2026-09-14T02:08:46 SAMPLE   ram=82.5% (13.83GB used, 2.92GB free) cpu=80.8% (15s mean 87.0%) jobs=7 amber=2 queued=0 lanes=8
2026-09-14T02:09:46 SAMPLE   ram=82.5% (13.82GB used, 2.93GB free) cpu=90.6% (15s mean 86.5%) jobs=7 amber=2 queued=0 lanes=8
2026-09-14T02:10:06 SUSPEND  verify_grad_key_collision agent=I tag=AMBER rss=0.58GB
2026-09-14T02:10:11 SUSPEND  verify_grad_key_collision agent=I tag=AMBER rss=0.58GB
2026-09-14T02:10:16 SUSPEND  verify_grad_key_collision agent=I tag=AMBER rss=0.58GB
2026-09-14T02:10:21 SUSPEND  verify_grad_key_collision agent=I tag=AMBER rss=0.58GB
2026-09-14T02:10:26 SUSPEND  verify_grad_key_collision agent=I tag=AMBER rss=0.58GB
2026-09-14T02:10:31 SUSPEND  verify_grad_key_collision agent=I tag=AMBER rss=0.58GB
2026-09-14T02:10:46 SAMPLE   ram=82.8% (13.88GB used, 2.87GB free) cpu=95.1% (15s mean 88.8%) jobs=7 amber=2 queued=0 lanes=8
2026-09-14T02:11:11 SUSPEND  verify_grad_key_collision agent=I tag=AMBER rss=0.58GB
2026-09-14T02:11:16 SUSPEND  verify_grad_key_collision agent=I tag=AMBER rss=0.58GB
2026-09-14T02:11:21 SUSPEND  verify_grad_key_collision agent=I tag=AMBER rss=0.58GB
2026-09-14T02:11:26 SUSPEND  verify_grad_key_collision agent=I tag=AMBER rss=0.58GB
2026-09-14T02:11:31 SUSPEND  verify_grad_key_collision agent=I tag=AMBER rss=0.58GB
2026-09-14T02:11:36 SUSPEND  verify_grad_key_collision agent=I tag=AMBER rss=0.58GB
2026-09-14T02:11:46 SAMPLE   ram=82.2% (13.77GB used, 2.98GB free) cpu=90.5% (15s mean 87.3%) jobs=7 amber=2 queued=0 lanes=8
2026-09-14T02:12:46 SAMPLE   ram=83.0% (13.90GB used, 2.85GB free) cpu=81.1% (15s mean 83.1%) jobs=7 amber=2 queued=0 lanes=8
2026-09-14T02:13:46 SAMPLE   ram=82.8% (13.87GB used, 2.88GB free) cpu=79.8% (15s mean 80.5%) jobs=7 amber=2 queued=0 lanes=8
2026-09-14T02:14:46 SAMPLE   ram=82.3% (13.78GB used, 2.97GB free) cpu=80.0% (15s mean 80.8%) jobs=7 amber=2 queued=0 lanes=8
2026-09-14T02:15:46 SAMPLE   ram=81.8% (13.70GB used, 3.05GB free) cpu=80.4% (15s mean 80.0%) jobs=7 amber=2 queued=0 lanes=8
2026-09-14T02:16:46 SAMPLE   ram=83.4% (13.96GB used, 2.79GB free) cpu=81.6% (15s mean 80.0%) jobs=7 amber=2 queued=0 lanes=8
2026-09-14T02:17:46 SAMPLE   ram=83.9% (14.05GB used, 2.70GB free) cpu=95.1% (15s mean 89.6%) jobs=7 amber=2 queued=0 lanes=8
2026-09-14T02:17:51 REAP     e_report_check11 (pid 7368) is gone; registration removed
2026-09-14T02:18:46 SAMPLE   ram=82.6% (13.84GB used, 2.92GB free) cpu=72.5% (15s mean 70.3%) jobs=6 amber=2 queued=0 lanes=8
2026-09-14T02:19:11 SUSPEND  a3_label agent=Q tag=CPU rss=0.40GB
2026-09-14T02:19:16 SUSPEND  verify_grad_key_collision agent=I tag=AMBER rss=0.58GB
2026-09-14T02:19:31 RESUME   a3_label agent=Q tag=CPU
2026-09-14T02:19:41 REAP     a3_label (pid 17500) is gone; registration removed
2026-09-14T02:19:46 SAMPLE   ram=82.6% (13.83GB used, 2.92GB free) cpu=94.6% (15s mean 96.2%) jobs=6 amber=2 queued=0 lanes=8
2026-09-14T02:19:46 SUSPEND  verify_grad_key_collision agent=I tag=AMBER rss=0.58GB
2026-09-14T02:19:51 SUSPEND  verify_grad_key_collision agent=I tag=AMBER rss=0.58GB
2026-09-14T02:20:46 SAMPLE   ram=83.0% (13.91GB used, 2.84GB free) cpu=77.0% (15s mean 76.0%) jobs=6 amber=2 queued=0 lanes=8
2026-09-14T02:21:41 REAP     e_report_check12 (pid 37196) is gone; registration removed
2026-09-14T02:21:46 SAMPLE   ram=82.9% (13.89GB used, 2.86GB free) cpu=87.3% (15s mean 89.2%) jobs=6 amber=2 queued=0 lanes=8
2026-09-14T02:22:46 SAMPLE   ram=84.9% (14.22GB used, 2.53GB free) cpu=93.5% (15s mean 84.0%) jobs=6 amber=2 queued=0 lanes=8
2026-09-14T02:23:46 SAMPLE   ram=82.4% (13.79GB used, 2.96GB free) cpu=69.7% (15s mean 74.5%) jobs=6 amber=2 queued=0 lanes=8
2026-09-14T02:24:11 SUSPEND  a1s1_build agent=Q tag=CPU rss=0.33GB
2026-09-14T02:24:46 SAMPLE   ram=84.4% (14.14GB used, 2.61GB free) cpu=75.6% (15s mean 81.4%) jobs=7 amber=2 queued=0 lanes=8
2026-09-14T02:24:51 RESUME   a1s1_build agent=Q tag=CPU
2026-09-14T02:25:31 SUSPEND  a1s1_build agent=Q tag=CPU rss=0.33GB
2026-09-14T02:25:46 SAMPLE   ram=84.7% (14.19GB used, 2.56GB free) cpu=72.9% (15s mean 76.3%) jobs=7 amber=2 queued=0 lanes=8
2026-09-14T02:25:51 RESUME   a1s1_build agent=Q tag=CPU
2026-09-14T02:26:06 SUSPEND  a1s1_build agent=Q tag=CPU rss=0.33GB
2026-09-14T02:26:11 SUSPEND  verify_grad_key_collision agent=I tag=AMBER rss=0.58GB
2026-09-14T02:26:46 SAMPLE   ram=83.1% (13.92GB used, 2.83GB free) cpu=70.5% (15s mean 74.2%) jobs=7 amber=2 queued=0 lanes=8
2026-09-14T02:26:46 RESUME   a1s1_build agent=Q tag=CPU
2026-09-14T02:27:06 SUSPEND  a1s1_build agent=Q tag=CPU rss=0.33GB
2026-09-14T02:27:26 RESUME   a1s1_build agent=Q tag=CPU
2026-09-14T02:27:46 SAMPLE   ram=83.2% (13.94GB used, 2.81GB free) cpu=91.2% (15s mean 91.8%) jobs=7 amber=2 queued=0 lanes=8
2026-09-14T02:28:46 SAMPLE   ram=82.3% (13.79GB used, 2.96GB free) cpu=79.8% (15s mean 79.4%) jobs=7 amber=2 queued=0 lanes=8
2026-09-14T02:29:46 SAMPLE   ram=84.9% (14.22GB used, 2.53GB free) cpu=81.9% (15s mean 82.2%) jobs=7 amber=2 queued=0 lanes=8
2026-09-14T02:30:46 SAMPLE   ram=84.1% (14.09GB used, 2.66GB free) cpu=80.9% (15s mean 80.8%) jobs=7 amber=2 queued=0 lanes=8
2026-09-14T02:31:46 SAMPLE   ram=84.3% (14.12GB used, 2.63GB free) cpu=84.9% (15s mean 82.8%) jobs=7 amber=2 queued=0 lanes=8
2026-09-14T02:32:46 SAMPLE   ram=82.3% (13.79GB used, 2.96GB free) cpu=81.2% (15s mean 82.4%) jobs=7 amber=2 queued=0 lanes=8
2026-09-14T02:33:21 SUSPEND  a1s1_build agent=Q tag=CPU rss=0.34GB
2026-09-14T02:33:46 SAMPLE   ram=84.1% (14.08GB used, 2.67GB free) cpu=82.9% (15s mean 81.6%) jobs=7 amber=2 queued=0 lanes=8
2026-09-14T02:34:46 SAMPLE   ram=82.2% (13.77GB used, 2.98GB free) cpu=88.9% (15s mean 88.8%) jobs=7 amber=2 queued=0 lanes=8
2026-09-14T02:35:06 ADOPT    a1s1_build was suspended before this governor started; adopted
2026-09-14T02:35:06 RESUME   a1s1_build agent=Q tag=CPU
2026-09-14T02:35:46 SAMPLE   ram=82.8% (13.86GB used, 2.89GB free) cpu=83.3% (15s mean 82.6%) jobs=7 amber=2 queued=0 lanes=8
2026-09-14T02:36:46 SAMPLE   ram=83.7% (14.02GB used, 2.73GB free) cpu=80.5% (15s mean 80.7%) jobs=7 amber=2 queued=0 lanes=8
2026-09-14T02:37:46 SAMPLE   ram=83.9% (14.06GB used, 2.69GB free) cpu=98.8% (15s mean 91.0%) jobs=7 amber=2 queued=0 lanes=8
2026-09-14T02:37:51 SUSPEND  a1s1_build agent=Q tag=CPU rss=0.34GB
2026-09-14T02:38:16 RESUME   a1s1_build agent=Q tag=CPU
2026-09-14T02:38:46 SAMPLE   ram=83.3% (13.95GB used, 2.80GB free) cpu=92.7% (15s mean 89.2%) jobs=7 amber=2 queued=0 lanes=8
2026-09-14T02:39:46 SAMPLE   ram=81.9% (13.71GB used, 3.04GB free) cpu=80.6% (15s mean 81.9%) jobs=7 amber=2 queued=0 lanes=8
2026-09-14T02:40:46 SAMPLE   ram=82.3% (13.79GB used, 2.96GB free) cpu=85.5% (15s mean 85.0%) jobs=7 amber=2 queued=0 lanes=8
2026-09-14T02:41:46 SAMPLE   ram=83.5% (13.99GB used, 2.76GB free) cpu=82.1% (15s mean 82.7%) jobs=7 amber=2 queued=0 lanes=8
2026-09-14T02:42:46 SAMPLE   ram=81.9% (13.72GB used, 3.03GB free) cpu=82.8% (15s mean 80.8%) jobs=7 amber=2 queued=0 lanes=8
2026-09-14T02:43:46 SAMPLE   ram=81.9% (13.71GB used, 3.04GB free) cpu=83.7% (15s mean 80.1%) jobs=7 amber=2 queued=0 lanes=8
2026-09-14T02:44:46 SAMPLE   ram=81.2% (13.60GB used, 3.15GB free) cpu=83.2% (15s mean 81.1%) jobs=7 amber=2 queued=0 lanes=8
2026-09-14T02:45:46 SAMPLE   ram=81.5% (13.66GB used, 3.09GB free) cpu=84.7% (15s mean 80.9%) jobs=7 amber=2 queued=0 lanes=8
2026-09-14T02:46:46 SAMPLE   ram=81.4% (13.64GB used, 3.11GB free) cpu=80.6% (15s mean 81.5%) jobs=7 amber=2 queued=0 lanes=8
2026-09-14T02:47:16 SUSPEND  a1s1_build agent=Q tag=CPU rss=0.36GB
2026-09-14T02:47:36 RESUME   a1s1_build agent=Q tag=CPU
2026-09-14T02:47:46 SAMPLE   ram=81.9% (13.72GB used, 3.02GB free) cpu=82.3% (15s mean 78.6%) jobs=7 amber=2 queued=0 lanes=8
2026-09-14T02:48:46 SAMPLE   ram=81.8% (13.70GB used, 3.05GB free) cpu=83.3% (15s mean 81.6%) jobs=7 amber=2 queued=0 lanes=8
2026-09-14T02:49:46 SAMPLE   ram=81.0% (13.57GB used, 3.18GB free) cpu=80.6% (15s mean 86.2%) jobs=7 amber=2 queued=0 lanes=8
2026-09-14T02:50:06 SUSPEND  a1s1_build agent=Q tag=CPU rss=0.36GB
2026-09-14T02:50:26 RESUME   a1s1_build agent=Q tag=CPU
2026-09-14T02:50:46 SAMPLE   ram=81.4% (13.64GB used, 3.11GB free) cpu=98.4% (15s mean 90.1%) jobs=7 amber=2 queued=0 lanes=8
2026-09-14T02:51:01 REAP     resultslab_rebuild (pid 38444) is gone; registration removed
2026-09-14T02:51:46 SAMPLE   ram=81.5% (13.65GB used, 3.10GB free) cpu=88.7% (15s mean 81.0%) jobs=6 amber=2 queued=0 lanes=8
2026-09-14T02:52:46 SAMPLE   ram=81.9% (13.71GB used, 3.04GB free) cpu=78.7% (15s mean 75.9%) jobs=6 amber=2 queued=0 lanes=8
2026-09-14T02:53:46 SAMPLE   ram=82.5% (13.82GB used, 2.93GB free) cpu=67.9% (15s mean 82.8%) jobs=6 amber=2 queued=0 lanes=8
2026-09-14T02:54:46 SAMPLE   ram=80.8% (13.54GB used, 3.21GB free) cpu=70.8% (15s mean 70.8%) jobs=6 amber=2 queued=0 lanes=8
2026-09-14T02:55:31 ADOPT    verify_grad_key_collision was suspended before this governor started; adopted
2026-09-14T02:55:31 RESUME   verify_grad_key_collision agent=I tag=AMBER
2026-09-14T02:55:36 ADOPT    verify_grad_key_collision was suspended before this governor started; adopted
2026-09-14T02:55:36 RESUME   verify_grad_key_collision agent=I tag=AMBER
2026-09-14T02:55:41 ADOPT    verify_grad_key_collision was suspended before this governor started; adopted
2026-09-14T02:55:41 RESUME   verify_grad_key_collision agent=I tag=AMBER
2026-09-14T02:55:46 SAMPLE   ram=79.7% (13.36GB used, 3.39GB free) cpu=71.3% (15s mean 69.9%) jobs=6 amber=1 queued=0 lanes=8
2026-09-14T02:55:46 ADOPT    verify_grad_key_collision was suspended before this governor started; adopted
2026-09-14T02:55:46 RESUME   verify_grad_key_collision agent=I tag=AMBER
2026-09-14T02:55:51 ADOPT    verify_grad_key_collision was suspended before this governor started; adopted
2026-09-14T02:55:51 RESUME   verify_grad_key_collision agent=I tag=AMBER
2026-09-14T02:55:56 ADOPT    verify_grad_key_collision was suspended before this governor started; adopted
2026-09-14T02:55:56 RESUME   verify_grad_key_collision agent=I tag=AMBER
2026-09-14T02:56:01 ADOPT    verify_grad_key_collision was suspended before this governor started; adopted
2026-09-14T02:56:01 RESUME   verify_grad_key_collision agent=I tag=AMBER
2026-09-14T02:56:06 ADOPT    verify_grad_key_collision was suspended before this governor started; adopted
2026-09-14T02:56:06 RESUME   verify_grad_key_collision agent=I tag=AMBER
2026-09-14T02:56:11 ADOPT    verify_grad_key_collision was suspended before this governor started; adopted
2026-09-14T02:56:11 RESUME   verify_grad_key_collision agent=I tag=AMBER
2026-09-14T02:56:16 ADOPT    verify_grad_key_collision was suspended before this governor started; adopted
2026-09-14T02:56:16 RESUME   verify_grad_key_collision agent=I tag=AMBER
2026-09-14T02:56:21 ADOPT    verify_grad_key_collision was suspended before this governor started; adopted
2026-09-14T02:56:21 RESUME   verify_grad_key_collision agent=I tag=AMBER
2026-09-14T02:56:26 ADOPT    verify_grad_key_collision was suspended before this governor started; adopted
2026-09-14T02:56:26 RESUME   verify_grad_key_collision agent=I tag=AMBER
2026-09-14T02:56:31 ADOPT    verify_grad_key_collision was suspended before this governor started; adopted
2026-09-14T02:56:31 RESUME   verify_grad_key_collision agent=I tag=AMBER
2026-09-14T02:56:36 ADOPT    verify_grad_key_collision was suspended before this governor started; adopted
2026-09-14T02:56:36 RESUME   verify_grad_key_collision agent=I tag=AMBER
2026-09-14T02:56:41 ADOPT    verify_grad_key_collision was suspended before this governor started; adopted
2026-09-14T02:56:41 RESUME   verify_grad_key_collision agent=I tag=AMBER
2026-09-14T02:56:46 SAMPLE   ram=79.3% (13.29GB used, 3.46GB free) cpu=67.3% (15s mean 68.6%) jobs=6 amber=1 queued=0 lanes=8
2026-09-14T02:56:46 ADOPT    verify_grad_key_collision was suspended before this governor started; adopted
2026-09-14T02:56:46 RESUME   verify_grad_key_collision agent=I tag=AMBER
2026-09-14T02:56:51 ADOPT    verify_grad_key_collision was suspended before this governor started; adopted
2026-09-14T02:56:51 RESUME   verify_grad_key_collision agent=I tag=AMBER
2026-09-14T02:56:56 ADOPT    verify_grad_key_collision was suspended before this governor started; adopted
2026-09-14T02:56:56 RESUME   verify_grad_key_collision agent=I tag=AMBER
2026-09-14T02:57:41 REAP     verify_grad_key_collision (pid 18428) is gone; registration removed
2026-09-14T02:57:46 SAMPLE   ram=79.1% (13.24GB used, 3.51GB free) cpu=64.8% (15s mean 76.0%) jobs=5 amber=1 queued=0 lanes=8
2026-09-14T02:58:16 REAP     verify_equiv_compare (pid 10404) is gone; registration removed
2026-09-14T02:58:31 REAP     ph_relief_run (pid 37456) is gone; registration removed
2026-09-14T02:58:31 REAP     verify_project_arms (pid 13204) is gone; registration removed
2026-09-14T02:58:35 RESTART  governor v2.3 stopped by the coordinator for v2.4 (own suspension memory; ledger L129)
2026-09-14T02:58:47 START    governor v2 pid 22104 ceiling=93.0% hard(ram)=95.0%/15s cpu_resume=80.0% cpu_window=3 min_suspend=20s low=88.0%/60s sample=5s max_amber=2
2026-09-14T02:58:47 SAMPLE   ram=81.0% (13.57GB used, 3.18GB free) cpu=98.3% (15s mean 98.3%) jobs=5 amber=1 queued=0 lanes=8
2026-09-14T02:58:47 SUSPEND  verify_determinism_audit agent=I tag=AMBER rss=0.58GB
2026-09-14T02:59:07 RESUME   verify_determinism_audit agent=I tag=AMBER
2026-09-14T02:59:12 REAP     ph_relief_report (pid 26328) is gone; registration removed
2026-09-14T02:59:47 SAMPLE   ram=82.0% (13.73GB used, 3.02GB free) cpu=73.4% (15s mean 75.1%) jobs=6 amber=1 queued=0 lanes=8
2026-09-14T02:59:57 REAP     verify_hazard_audit (pid 4084) is gone; registration removed
2026-09-14T03:00:02 REAP     verify_project_selfcheck (pid 5088) is gone; registration removed
2026-09-14T03:00:47 SAMPLE   ram=78.6% (13.17GB used, 3.58GB free) cpu=79.5% (15s mean 82.6%) jobs=6 amber=0 queued=0 lanes=8
2026-09-14T03:01:47 SAMPLE   ram=78.7% (13.19GB used, 3.56GB free) cpu=81.2% (15s mean 81.0%) jobs=6 amber=0 queued=0 lanes=8
2026-09-14T03:02:47 SAMPLE   ram=78.2% (13.10GB used, 3.65GB free) cpu=83.8% (15s mean 83.3%) jobs=6 amber=0 queued=0 lanes=8
2026-09-14T03:03:47 SAMPLE   ram=78.7% (13.18GB used, 3.57GB free) cpu=91.3% (15s mean 85.9%) jobs=6 amber=0 queued=0 lanes=8
2026-09-14T03:04:47 SAMPLE   ram=78.3% (13.12GB used, 3.63GB free) cpu=90.4% (15s mean 83.2%) jobs=6 amber=0 queued=0 lanes=8
2026-09-14T03:05:47 SAMPLE   ram=69.8% (11.70GB used, 5.05GB free) cpu=62.1% (15s mean 74.4%) jobs=5 amber=0 queued=0 lanes=8
2026-09-14T03:06:47 SAMPLE   ram=69.5% (11.65GB used, 5.10GB free) cpu=43.5% (15s mean 46.4%) jobs=4 amber=0 queued=0 lanes=8
2026-09-14T03:07:47 SAMPLE   ram=69.3% (11.61GB used, 5.14GB free) cpu=44.0% (15s mean 45.5%) jobs=4 amber=0 queued=0 lanes=8
2026-09-14T03:08:47 SAMPLE   ram=69.6% (11.65GB used, 5.10GB free) cpu=42.3% (15s mean 43.0%) jobs=4 amber=0 queued=0 lanes=8
2026-09-14T03:09:47 SAMPLE   ram=69.4% (11.62GB used, 5.13GB free) cpu=71.7% (15s mean 52.5%) jobs=4 amber=0 queued=0 lanes=8
2026-09-14T03:09:57 REAP     verify_project_exactness (pid 25720) is gone; registration removed
2026-09-14T03:10:47 SAMPLE   ram=70.7% (11.85GB used, 4.90GB free) cpu=50.4% (15s mean 48.1%) jobs=4 amber=0 queued=0 lanes=8
2026-09-14T03:11:47 SAMPLE   ram=70.7% (11.84GB used, 4.91GB free) cpu=49.1% (15s mean 49.6%) jobs=4 amber=0 queued=0 lanes=8
2026-09-14T03:12:47 SAMPLE   ram=71.0% (11.90GB used, 4.85GB free) cpu=44.7% (15s mean 46.9%) jobs=4 amber=0 queued=0 lanes=8
2026-09-14T03:13:47 SAMPLE   ram=70.9% (11.87GB used, 4.88GB free) cpu=34.0% (15s mean 35.9%) jobs=3 amber=0 queued=0 lanes=8
2026-09-14T03:14:47 SAMPLE   ram=69.9% (11.71GB used, 5.04GB free) cpu=29.3% (15s mean 29.7%) jobs=3 amber=0 queued=0 lanes=8
2026-09-14T03:15:47 SAMPLE   ram=70.0% (11.73GB used, 5.02GB free) cpu=30.5% (15s mean 31.5%) jobs=3 amber=0 queued=0 lanes=8
2026-09-14T03:16:47 SAMPLE   ram=69.6% (11.66GB used, 5.09GB free) cpu=28.9% (15s mean 30.9%) jobs=3 amber=0 queued=0 lanes=8
2026-09-14T03:17:47 SAMPLE   ram=69.5% (11.63GB used, 5.12GB free) cpu=29.2% (15s mean 31.1%) jobs=3 amber=0 queued=0 lanes=8
2026-09-14T03:18:47 SAMPLE   ram=69.7% (11.68GB used, 5.07GB free) cpu=28.8% (15s mean 30.8%) jobs=3 amber=0 queued=0 lanes=8
2026-09-14T03:19:47 SAMPLE   ram=69.7% (11.67GB used, 5.08GB free) cpu=30.9% (15s mean 31.4%) jobs=3 amber=0 queued=0 lanes=8
2026-09-14T03:20:47 SAMPLE   ram=70.1% (11.74GB used, 5.01GB free) cpu=30.2% (15s mean 31.6%) jobs=3 amber=0 queued=0 lanes=8
2026-09-14T03:21:47 SAMPLE   ram=69.8% (11.68GB used, 5.07GB free) cpu=30.5% (15s mean 31.0%) jobs=3 amber=0 queued=0 lanes=8
2026-09-14T03:22:47 SAMPLE   ram=68.9% (11.54GB used, 5.21GB free) cpu=49.8% (15s mean 42.6%) jobs=3 amber=0 queued=0 lanes=8
2026-09-14T03:23:47 SAMPLE   ram=69.1% (11.58GB used, 5.17GB free) cpu=31.7% (15s mean 31.6%) jobs=3 amber=0 queued=0 lanes=8
2026-09-14T03:24:47 SAMPLE   ram=69.2% (11.59GB used, 5.16GB free) cpu=29.6% (15s mean 31.1%) jobs=3 amber=0 queued=0 lanes=8
2026-09-14T03:25:47 SAMPLE   ram=69.7% (11.68GB used, 5.07GB free) cpu=32.3% (15s mean 31.8%) jobs=3 amber=0 queued=0 lanes=8
2026-09-14T03:26:47 SAMPLE   ram=69.1% (11.58GB used, 5.17GB free) cpu=29.6% (15s mean 30.8%) jobs=3 amber=0 queued=0 lanes=8
2026-09-14T03:27:47 SAMPLE   ram=68.9% (11.55GB used, 5.20GB free) cpu=32.0% (15s mean 31.4%) jobs=3 amber=0 queued=0 lanes=8
2026-09-14T03:28:47 SAMPLE   ram=69.0% (11.55GB used, 5.20GB free) cpu=29.5% (15s mean 30.6%) jobs=3 amber=0 queued=0 lanes=8
2026-09-14T03:29:47 SAMPLE   ram=69.1% (11.58GB used, 5.17GB free) cpu=46.3% (15s mean 36.1%) jobs=3 amber=0 queued=0 lanes=8
2026-09-14T03:30:47 SAMPLE   ram=69.7% (11.68GB used, 5.07GB free) cpu=37.0% (15s mean 34.4%) jobs=3 amber=0 queued=0 lanes=8
2026-09-14T03:31:47 SAMPLE   ram=69.4% (11.63GB used, 5.12GB free) cpu=43.7% (15s mean 41.3%) jobs=3 amber=0 queued=0 lanes=8
2026-09-14T03:32:47 SAMPLE   ram=69.0% (11.57GB used, 5.18GB free) cpu=39.3% (15s mean 37.7%) jobs=3 amber=0 queued=0 lanes=8
2026-09-14T03:33:47 SAMPLE   ram=69.2% (11.60GB used, 5.16GB free) cpu=33.7% (15s mean 36.0%) jobs=3 amber=0 queued=0 lanes=8
2026-09-14T03:34:47 SAMPLE   ram=68.5% (11.47GB used, 5.28GB free) cpu=52.3% (15s mean 50.9%) jobs=3 amber=0 queued=0 lanes=8
2026-09-14T03:35:47 SAMPLE   ram=69.6% (11.66GB used, 5.08GB free) cpu=39.2% (15s mean 45.9%) jobs=3 amber=0 queued=0 lanes=8
2026-09-14T03:36:47 SAMPLE   ram=69.9% (11.70GB used, 5.05GB free) cpu=39.6% (15s mean 38.5%) jobs=3 amber=0 queued=0 lanes=8
2026-09-14T03:37:47 SAMPLE   ram=70.3% (11.77GB used, 4.97GB free) cpu=47.5% (15s mean 43.7%) jobs=3 amber=0 queued=0 lanes=8
2026-09-14T03:38:47 SAMPLE   ram=71.4% (11.96GB used, 4.79GB free) cpu=38.0% (15s mean 38.4%) jobs=3 amber=0 queued=0 lanes=8
2026-09-14T03:39:47 SAMPLE   ram=71.0% (11.90GB used, 4.85GB free) cpu=40.3% (15s mean 36.7%) jobs=3 amber=0 queued=0 lanes=8
2026-09-14T03:40:02 REAP     verify_project_equiv (pid 1784) is gone; registration removed
2026-09-14T03:40:47 SAMPLE   ram=72.4% (12.13GB used, 4.62GB free) cpu=51.0% (15s mean 45.0%) jobs=3 amber=0 queued=0 lanes=8
2026-09-14T03:41:47 SAMPLE   ram=71.4% (11.96GB used, 4.79GB free) cpu=46.3% (15s mean 40.0%) jobs=3 amber=0 queued=0 lanes=8
2026-09-14T03:42:47 SAMPLE   ram=71.6% (12.00GB used, 4.75GB free) cpu=40.2% (15s mean 38.2%) jobs=3 amber=0 queued=0 lanes=8
2026-09-14T03:43:47 SAMPLE   ram=72.0% (12.06GB used, 4.69GB free) cpu=48.3% (15s mean 41.7%) jobs=3 amber=0 queued=0 lanes=8
2026-09-14T03:44:47 SAMPLE   ram=71.6% (11.99GB used, 4.76GB free) cpu=47.9% (15s mean 41.6%) jobs=3 amber=0 queued=0 lanes=8
2026-09-14T03:45:47 SAMPLE   ram=72.2% (12.09GB used, 4.66GB free) cpu=38.7% (15s mean 39.1%) jobs=3 amber=0 queued=0 lanes=8
2026-09-14T03:46:47 SAMPLE   ram=72.0% (12.05GB used, 4.70GB free) cpu=37.8% (15s mean 38.2%) jobs=3 amber=0 queued=0 lanes=8
2026-09-14T03:47:47 SAMPLE   ram=71.5% (11.97GB used, 4.78GB free) cpu=43.6% (15s mean 42.2%) jobs=3 amber=0 queued=0 lanes=8
2026-09-14T03:48:47 SAMPLE   ram=71.7% (12.01GB used, 4.74GB free) cpu=43.5% (15s mean 38.0%) jobs=3 amber=0 queued=0 lanes=8
2026-09-14T03:49:47 SAMPLE   ram=71.2% (11.92GB used, 4.83GB free) cpu=38.9% (15s mean 38.1%) jobs=3 amber=0 queued=0 lanes=8
2026-09-14T03:50:47 SAMPLE   ram=72.2% (12.10GB used, 4.65GB free) cpu=36.7% (15s mean 39.6%) jobs=3 amber=0 queued=0 lanes=8
2026-09-14T03:51:47 SAMPLE   ram=72.8% (12.19GB used, 4.56GB free) cpu=41.0% (15s mean 44.0%) jobs=3 amber=0 queued=0 lanes=8
2026-09-14T03:52:47 SAMPLE   ram=73.5% (12.31GB used, 4.44GB free) cpu=71.3% (15s mean 62.2%) jobs=3 amber=0 queued=0 lanes=8
2026-09-14T03:53:47 SAMPLE   ram=74.1% (12.42GB used, 4.33GB free) cpu=65.1% (15s mean 53.9%) jobs=3 amber=0 queued=0 lanes=8
2026-09-14T03:54:47 SAMPLE   ram=74.0% (12.40GB used, 4.35GB free) cpu=56.7% (15s mean 49.1%) jobs=3 amber=0 queued=0 lanes=8
2026-09-14T03:55:47 SAMPLE   ram=74.8% (12.53GB used, 4.22GB free) cpu=50.2% (15s mean 58.9%) jobs=3 amber=0 queued=0 lanes=8
2026-09-14T03:56:47 SAMPLE   ram=78.8% (13.20GB used, 3.54GB free) cpu=56.6% (15s mean 52.0%) jobs=3 amber=0 queued=0 lanes=8
2026-09-14T03:57:47 SAMPLE   ram=73.6% (12.33GB used, 4.42GB free) cpu=39.4% (15s mean 43.1%) jobs=3 amber=0 queued=0 lanes=8
2026-09-14T03:58:47 SAMPLE   ram=74.9% (12.55GB used, 4.20GB free) cpu=52.5% (15s mean 50.4%) jobs=3 amber=0 queued=0 lanes=8
2026-09-14T03:59:47 SAMPLE   ram=74.1% (12.41GB used, 4.33GB free) cpu=45.0% (15s mean 53.3%) jobs=3 amber=0 queued=0 lanes=8
2026-09-14T04:00:47 SAMPLE   ram=75.0% (12.56GB used, 4.19GB free) cpu=66.9% (15s mean 52.2%) jobs=3 amber=0 queued=0 lanes=8
2026-09-14T04:01:47 SAMPLE   ram=73.8% (12.36GB used, 4.39GB free) cpu=41.0% (15s mean 46.5%) jobs=3 amber=0 queued=0 lanes=8
2026-09-14T04:02:47 SAMPLE   ram=74.6% (12.50GB used, 4.25GB free) cpu=51.4% (15s mean 47.0%) jobs=3 amber=0 queued=0 lanes=8
2026-09-14T04:03:47 SAMPLE   ram=74.0% (12.39GB used, 4.36GB free) cpu=37.5% (15s mean 44.8%) jobs=3 amber=0 queued=0 lanes=8
2026-09-14T04:04:47 SAMPLE   ram=73.5% (12.31GB used, 4.44GB free) cpu=50.2% (15s mean 46.7%) jobs=3 amber=0 queued=0 lanes=8
2026-09-14T04:05:47 SAMPLE   ram=74.5% (12.47GB used, 4.28GB free) cpu=43.0% (15s mean 40.9%) jobs=3 amber=0 queued=0 lanes=8
2026-09-14T04:06:47 SAMPLE   ram=73.5% (12.31GB used, 4.44GB free) cpu=33.2% (15s mean 31.2%) jobs=3 amber=0 queued=0 lanes=8
2026-09-14T04:07:47 SAMPLE   ram=73.3% (12.28GB used, 4.47GB free) cpu=32.1% (15s mean 31.7%) jobs=3 amber=0 queued=0 lanes=8
2026-09-14T04:08:47 SAMPLE   ram=72.5% (12.14GB used, 4.61GB free) cpu=20.7% (15s mean 20.8%) jobs=2 amber=0 queued=0 lanes=8
2026-09-14T04:09:47 SAMPLE   ram=71.7% (12.00GB used, 4.75GB free) cpu=23.6% (15s mean 24.1%) jobs=2 amber=0 queued=0 lanes=8
2026-09-14T04:10:47 SAMPLE   ram=72.1% (12.07GB used, 4.68GB free) cpu=19.9% (15s mean 19.3%) jobs=2 amber=0 queued=0 lanes=8
2026-09-14T04:11:47 SAMPLE   ram=72.6% (12.16GB used, 4.59GB free) cpu=30.7% (15s mean 26.5%) jobs=2 amber=0 queued=0 lanes=8
2026-09-14T04:12:47 REAP     verify_project_stability (pid 20036) is gone; registration removed
2026-09-14T04:12:47 SAMPLE   ram=70.4% (11.79GB used, 4.96GB free) cpu=19.8% (15s mean 20.2%) jobs=1 amber=0 queued=0 lanes=8
2026-09-14T04:13:47 SAMPLE   ram=70.8% (11.86GB used, 4.89GB free) cpu=14.1% (15s mean 15.4%) jobs=1 amber=0 queued=0 lanes=8
2026-09-14T04:14:47 SAMPLE   ram=71.0% (11.90GB used, 4.85GB free) cpu=7.2% (15s mean 14.8%) jobs=1 amber=0 queued=0 lanes=8
2026-09-14T04:15:47 SAMPLE   ram=71.5% (11.98GB used, 4.77GB free) cpu=14.5% (15s mean 10.3%) jobs=1 amber=0 queued=0 lanes=8
2026-09-14T04:16:47 SAMPLE   ram=71.1% (11.91GB used, 4.84GB free) cpu=19.2% (15s mean 17.8%) jobs=1 amber=0 queued=0 lanes=8
2026-09-14T04:17:47 SAMPLE   ram=70.4% (11.79GB used, 4.96GB free) cpu=17.0% (15s mean 18.3%) jobs=1 amber=0 queued=0 lanes=8
2026-09-14T04:18:47 SAMPLE   ram=70.4% (11.80GB used, 4.95GB free) cpu=5.3% (15s mean 17.3%) jobs=1 amber=0 queued=0 lanes=8
2026-09-14T04:19:32 WARN     0 lanes recorded in lanes.json; the campaign requires 4-8
2026-09-14T04:19:47 SAMPLE   ram=69.9% (11.70GB used, 5.05GB free) cpu=8.6% (15s mean 10.0%) jobs=1 amber=0 queued=0 lanes=0
2026-09-14T04:20:47 SAMPLE   ram=70.0% (11.72GB used, 5.03GB free) cpu=3.7% (15s mean 5.3%) jobs=1 amber=0 queued=0 lanes=0
2026-09-14T04:21:47 SAMPLE   ram=69.2% (11.59GB used, 5.16GB free) cpu=5.0% (15s mean 5.2%) jobs=1 amber=0 queued=0 lanes=0
2026-09-14T04:22:47 SAMPLE   ram=68.9% (11.55GB used, 5.20GB free) cpu=8.9% (15s mean 8.8%) jobs=1 amber=0 queued=0 lanes=0
2026-09-14T04:23:47 SAMPLE   ram=69.0% (11.56GB used, 5.19GB free) cpu=5.2% (15s mean 4.8%) jobs=1 amber=0 queued=0 lanes=0
2026-09-14T04:24:47 SAMPLE   ram=68.5% (11.48GB used, 5.27GB free) cpu=6.0% (15s mean 7.0%) jobs=1 amber=0 queued=0 lanes=0
2026-09-14T04:25:47 SAMPLE   ram=68.9% (11.54GB used, 5.21GB free) cpu=6.2% (15s mean 5.5%) jobs=1 amber=0 queued=0 lanes=0
2026-09-14T04:26:47 SAMPLE   ram=68.5% (11.47GB used, 5.28GB free) cpu=4.3% (15s mean 5.3%) jobs=1 amber=0 queued=0 lanes=0
2026-09-14T04:27:47 SAMPLE   ram=68.8% (11.53GB used, 5.22GB free) cpu=4.3% (15s mean 5.4%) jobs=1 amber=0 queued=0 lanes=0
2026-09-14T04:28:47 SAMPLE   ram=68.7% (11.51GB used, 5.24GB free) cpu=6.3% (15s mean 6.0%) jobs=1 amber=0 queued=0 lanes=0
2026-09-14T04:29:32 WARN     0 lanes recorded in lanes.json; the campaign requires 4-8
2026-09-14T04:29:47 SAMPLE   ram=68.6% (11.48GB used, 5.27GB free) cpu=8.2% (15s mean 6.7%) jobs=1 amber=0 queued=0 lanes=0
2026-09-14T04:30:47 SAMPLE   ram=68.8% (11.53GB used, 5.22GB free) cpu=4.6% (15s mean 11.2%) jobs=1 amber=0 queued=0 lanes=0
2026-09-14T04:31:47 SAMPLE   ram=70.6% (11.83GB used, 4.92GB free) cpu=4.7% (15s mean 12.7%) jobs=1 amber=0 queued=0 lanes=0
2026-09-14T04:32:47 SAMPLE   ram=70.6% (11.82GB used, 4.92GB free) cpu=8.5% (15s mean 7.4%) jobs=1 amber=0 queued=0 lanes=0
2026-09-14T04:33:47 SAMPLE   ram=70.6% (11.82GB used, 4.93GB free) cpu=5.6% (15s mean 5.5%) jobs=1 amber=0 queued=0 lanes=0
2026-09-14T04:34:47 SAMPLE   ram=70.2% (11.76GB used, 4.99GB free) cpu=10.3% (15s mean 8.0%) jobs=1 amber=0 queued=0 lanes=0
2026-09-14T04:35:47 SAMPLE   ram=80.8% (13.53GB used, 3.22GB free) cpu=82.5% (15s mean 41.3%) jobs=1 amber=0 queued=0 lanes=0
2026-09-14T04:36:47 SAMPLE   ram=82.6% (13.84GB used, 2.91GB free) cpu=3.7% (15s mean 4.6%) jobs=1 amber=0 queued=0 lanes=0
2026-09-14T04:37:47 SAMPLE   ram=82.6% (13.84GB used, 2.91GB free) cpu=39.5% (15s mean 32.6%) jobs=1 amber=0 queued=0 lanes=0
2026-09-14T04:38:47 SAMPLE   ram=79.2% (13.27GB used, 3.48GB free) cpu=12.3% (15s mean 11.1%) jobs=1 amber=0 queued=0 lanes=0
2026-09-14T04:39:32 WARN     0 lanes recorded in lanes.json; the campaign requires 4-8
2026-09-14T04:39:47 SAMPLE   ram=79.7% (13.35GB used, 3.40GB free) cpu=3.9% (15s mean 9.5%) jobs=1 amber=0 queued=0 lanes=0
2026-09-14T04:40:47 SAMPLE   ram=78.0% (13.07GB used, 3.68GB free) cpu=6.0% (15s mean 5.0%) jobs=1 amber=0 queued=0 lanes=0
2026-09-14T04:41:47 SAMPLE   ram=77.7% (13.01GB used, 3.74GB free) cpu=2.5% (15s mean 4.8%) jobs=1 amber=0 queued=0 lanes=0
2026-09-14T04:42:47 SAMPLE   ram=78.1% (13.09GB used, 3.66GB free) cpu=3.8% (15s mean 3.9%) jobs=1 amber=0 queued=0 lanes=0
2026-09-14T04:43:47 SAMPLE   ram=78.0% (13.06GB used, 3.69GB free) cpu=7.6% (15s mean 6.2%) jobs=1 amber=0 queued=0 lanes=0
2026-09-14T04:44:47 SAMPLE   ram=77.7% (13.02GB used, 3.73GB free) cpu=5.1% (15s mean 6.7%) jobs=1 amber=0 queued=0 lanes=0
2026-09-14T04:45:47 SAMPLE   ram=78.4% (13.12GB used, 3.62GB free) cpu=5.9% (15s mean 5.1%) jobs=1 amber=0 queued=0 lanes=0
2026-09-14T04:46:47 SAMPLE   ram=77.5% (12.98GB used, 3.77GB free) cpu=7.5% (15s mean 5.8%) jobs=1 amber=0 queued=0 lanes=0
2026-09-14T04:47:47 SAMPLE   ram=77.5% (12.98GB used, 3.77GB free) cpu=9.9% (15s mean 7.4%) jobs=1 amber=0 queued=0 lanes=0
2026-09-14T04:48:47 SAMPLE   ram=77.9% (13.04GB used, 3.71GB free) cpu=7.0% (15s mean 5.6%) jobs=1 amber=0 queued=0 lanes=0
2026-09-14T04:49:32 WARN     0 lanes recorded in lanes.json; the campaign requires 4-8
2026-09-14T04:49:47 SAMPLE   ram=77.2% (12.94GB used, 3.81GB free) cpu=6.6% (15s mean 6.3%) jobs=1 amber=0 queued=0 lanes=0
2026-09-14T04:50:47 SAMPLE   ram=77.5% (12.98GB used, 3.77GB free) cpu=6.6% (15s mean 5.4%) jobs=1 amber=0 queued=0 lanes=0
2026-09-14T04:51:47 SAMPLE   ram=77.4% (12.96GB used, 3.79GB free) cpu=8.2% (15s mean 8.3%) jobs=1 amber=0 queued=0 lanes=0
2026-09-14T04:52:47 SAMPLE   ram=77.6% (12.99GB used, 3.75GB free) cpu=17.7% (15s mean 14.0%) jobs=1 amber=0 queued=0 lanes=0
2026-09-14T04:53:47 SAMPLE   ram=78.5% (13.15GB used, 3.60GB free) cpu=7.1% (15s mean 7.0%) jobs=1 amber=0 queued=0 lanes=0
2026-09-14T04:54:47 SAMPLE   ram=78.2% (13.10GB used, 3.65GB free) cpu=5.5% (15s mean 6.1%) jobs=1 amber=0 queued=0 lanes=0
2026-09-14T04:55:47 SAMPLE   ram=78.8% (13.19GB used, 3.56GB free) cpu=7.3% (15s mean 7.7%) jobs=1 amber=0 queued=0 lanes=0
2026-09-14T04:56:47 SAMPLE   ram=78.5% (13.14GB used, 3.61GB free) cpu=8.4% (15s mean 7.5%) jobs=1 amber=0 queued=0 lanes=0
2026-09-14T04:57:47 SAMPLE   ram=78.3% (13.12GB used, 3.63GB free) cpu=3.4% (15s mean 3.8%) jobs=1 amber=0 queued=0 lanes=0
2026-09-14T04:58:47 SAMPLE   ram=78.7% (13.19GB used, 3.56GB free) cpu=27.0% (15s mean 20.1%) jobs=1 amber=0 queued=0 lanes=0
2026-09-14T04:59:32 WARN     0 lanes recorded in lanes.json; the campaign requires 4-8
2026-09-14T04:59:47 SAMPLE   ram=78.3% (13.12GB used, 3.63GB free) cpu=5.3% (15s mean 5.6%) jobs=1 amber=0 queued=0 lanes=0
2026-09-14T05:00:47 SAMPLE   ram=78.9% (13.21GB used, 3.54GB free) cpu=5.7% (15s mean 5.9%) jobs=1 amber=0 queued=0 lanes=0
2026-09-14T05:01:47 SAMPLE   ram=78.5% (13.14GB used, 3.61GB free) cpu=9.0% (15s mean 6.0%) jobs=1 amber=0 queued=0 lanes=0
2026-09-14T05:02:47 SAMPLE   ram=78.3% (13.11GB used, 3.64GB free) cpu=3.3% (15s mean 6.4%) jobs=1 amber=0 queued=0 lanes=0
2026-09-14T05:03:47 SAMPLE   ram=79.0% (13.22GB used, 3.52GB free) cpu=7.1% (15s mean 6.8%) jobs=1 amber=0 queued=0 lanes=0
2026-09-14T05:04:47 SAMPLE   ram=77.9% (13.05GB used, 3.70GB free) cpu=7.2% (15s mean 6.9%) jobs=1 amber=0 queued=0 lanes=0
2026-09-14T05:05:47 SAMPLE   ram=78.2% (13.09GB used, 3.66GB free) cpu=8.0% (15s mean 7.3%) jobs=1 amber=0 queued=0 lanes=0
2026-09-14T05:06:47 SAMPLE   ram=78.1% (13.08GB used, 3.67GB free) cpu=8.7% (15s mean 7.5%) jobs=1 amber=0 queued=0 lanes=0
2026-09-14T05:07:47 SAMPLE   ram=78.0% (13.07GB used, 3.68GB free) cpu=6.8% (15s mean 6.5%) jobs=1 amber=0 queued=0 lanes=0
2026-09-14T05:08:47 SAMPLE   ram=78.1% (13.09GB used, 3.66GB free) cpu=5.1% (15s mean 5.2%) jobs=1 amber=0 queued=0 lanes=0
2026-09-14T05:09:32 WARN     0 lanes recorded in lanes.json; the campaign requires 4-8
2026-09-14T05:09:47 SAMPLE   ram=74.0% (12.40GB used, 4.35GB free) cpu=9.4% (15s mean 7.3%) jobs=1 amber=0 queued=0 lanes=0
2026-09-14T05:10:47 SAMPLE   ram=74.3% (12.45GB used, 4.30GB free) cpu=3.0% (15s mean 6.8%) jobs=1 amber=0 queued=0 lanes=0
2026-09-14T05:11:47 SAMPLE   ram=74.0% (12.39GB used, 4.36GB free) cpu=8.4% (15s mean 6.8%) jobs=1 amber=0 queued=0 lanes=0
2026-09-14T05:12:47 SAMPLE   ram=74.1% (12.42GB used, 4.33GB free) cpu=5.7% (15s mean 5.7%) jobs=1 amber=0 queued=0 lanes=0
2026-09-14T05:13:47 SAMPLE   ram=74.0% (12.40GB used, 4.35GB free) cpu=6.3% (15s mean 6.8%) jobs=1 amber=0 queued=0 lanes=0
2026-09-14T05:14:47 SAMPLE   ram=72.4% (12.13GB used, 4.62GB free) cpu=5.7% (15s mean 5.5%) jobs=1 amber=0 queued=0 lanes=0
2026-09-14T05:15:47 SAMPLE   ram=73.1% (12.24GB used, 4.50GB free) cpu=6.1% (15s mean 5.9%) jobs=1 amber=0 queued=0 lanes=0
2026-09-14T05:16:47 SAMPLE   ram=72.6% (12.17GB used, 4.58GB free) cpu=7.0% (15s mean 7.9%) jobs=1 amber=0 queued=0 lanes=0
2026-09-14T05:17:47 SAMPLE   ram=72.8% (12.20GB used, 4.55GB free) cpu=9.1% (15s mean 8.4%) jobs=1 amber=0 queued=0 lanes=0
2026-09-14T05:18:47 SAMPLE   ram=73.4% (12.30GB used, 4.45GB free) cpu=6.5% (15s mean 7.4%) jobs=1 amber=0 queued=0 lanes=0
2026-09-14T05:19:32 WARN     0 lanes recorded in lanes.json; the campaign requires 4-8
2026-09-14T05:19:47 SAMPLE   ram=72.5% (12.14GB used, 4.61GB free) cpu=9.6% (15s mean 6.0%) jobs=1 amber=0 queued=0 lanes=0
2026-09-14T05:20:47 SAMPLE   ram=72.4% (12.13GB used, 4.62GB free) cpu=10.3% (15s mean 7.2%) jobs=1 amber=0 queued=0 lanes=0
2026-09-14T05:21:47 SAMPLE   ram=72.0% (12.06GB used, 4.69GB free) cpu=6.3% (15s mean 6.0%) jobs=1 amber=0 queued=0 lanes=0
2026-09-14T05:22:47 SAMPLE   ram=72.2% (12.09GB used, 4.66GB free) cpu=2.2% (15s mean 6.2%) jobs=1 amber=0 queued=0 lanes=0
2026-09-14T05:23:47 SAMPLE   ram=72.5% (12.14GB used, 4.61GB free) cpu=7.3% (15s mean 8.6%) jobs=1 amber=0 queued=0 lanes=0
2026-09-14T05:24:47 SAMPLE   ram=74.2% (12.44GB used, 4.31GB free) cpu=16.3% (15s mean 14.3%) jobs=1 amber=0 queued=0 lanes=0
2026-09-14T05:25:47 SAMPLE   ram=74.3% (12.45GB used, 4.30GB free) cpu=7.3% (15s mean 8.0%) jobs=1 amber=0 queued=0 lanes=0
2026-09-14T05:26:47 SAMPLE   ram=74.0% (12.40GB used, 4.35GB free) cpu=12.2% (15s mean 9.8%) jobs=1 amber=0 queued=0 lanes=0
2026-09-14T05:27:47 SAMPLE   ram=80.8% (13.54GB used, 3.21GB free) cpu=8.8% (15s mean 11.5%) jobs=1 amber=0 queued=0 lanes=0
2026-09-14T16:22:21 START    governor v2 pid 22868 ceiling=93.0% hard(ram)=95.0%/15s cpu_resume=80.0% cpu_window=3 min_suspend=20s low=88.0%/60s sample=5s max_amber=2
2026-09-14T16:22:21 SAMPLE   ram=94.2% (15.78GB used, 0.97GB free) cpu=0.0% (15s mean 0.0%) jobs=0 amber=0 queued=0 lanes=0
2026-09-14T16:22:21 WARN     0 lanes recorded in lanes.json; the campaign requires 4-8
2026-09-14T16:23:21 SAMPLE   ram=93.8% (15.72GB used, 1.03GB free) cpu=29.8% (15s mean 32.0%) jobs=0 amber=0 queued=0 lanes=0
2026-09-14T16:24:06 WARN     ram at 93.9% with no registered jobs: the pressure is outside the campaign's processes
2026-09-14T16:24:21 SAMPLE   ram=87.7% (14.70GB used, 2.05GB free) cpu=39.0% (15s mean 44.0%) jobs=0 amber=0 queued=0 lanes=0
2026-09-14T16:25:21 SAMPLE   ram=79.0% (13.23GB used, 3.52GB free) cpu=21.3% (15s mean 23.1%) jobs=0 amber=0 queued=0 lanes=0
2026-09-14T16:26:21 SAMPLE   ram=79.3% (13.28GB used, 3.47GB free) cpu=18.2% (15s mean 20.3%) jobs=0 amber=0 queued=0 lanes=0
2026-09-14T16:27:21 SAMPLE   ram=79.6% (13.34GB used, 3.41GB free) cpu=29.7% (15s mean 28.8%) jobs=0 amber=0 queued=0 lanes=0
2026-09-14T16:28:21 SAMPLE   ram=78.4% (13.14GB used, 3.61GB free) cpu=37.3% (15s mean 31.4%) jobs=0 amber=0 queued=0 lanes=0
2026-09-14T16:29:21 SAMPLE   ram=82.0% (13.73GB used, 3.02GB free) cpu=30.7% (15s mean 30.4%) jobs=0 amber=0 queued=0 lanes=0
2026-09-14T16:30:22 SAMPLE   ram=81.8% (13.70GB used, 3.05GB free) cpu=32.0% (15s mean 29.0%) jobs=1 amber=0 queued=0 lanes=0
2026-09-14T16:31:22 SAMPLE   ram=81.4% (13.63GB used, 3.12GB free) cpu=34.6% (15s mean 31.7%) jobs=1 amber=0 queued=0 lanes=0
2026-09-14T16:32:22 SAMPLE   ram=80.8% (13.53GB used, 3.22GB free) cpu=29.8% (15s mean 26.6%) jobs=1 amber=0 queued=0 lanes=0
2026-09-14T16:32:22 WARN     0 lanes recorded in lanes.json; the campaign requires 4-8
2026-09-14T16:33:22 SAMPLE   ram=81.4% (13.63GB used, 3.12GB free) cpu=29.0% (15s mean 29.7%) jobs=1 amber=0 queued=0 lanes=0
2026-09-14T16:34:22 SAMPLE   ram=81.5% (13.65GB used, 3.10GB free) cpu=31.5% (15s mean 30.1%) jobs=1 amber=0 queued=0 lanes=0
2026-09-14T16:35:22 SAMPLE   ram=82.8% (13.86GB used, 2.89GB free) cpu=44.2% (15s mean 33.6%) jobs=1 amber=0 queued=0 lanes=0
2026-09-14T16:36:22 SAMPLE   ram=81.9% (13.71GB used, 3.04GB free) cpu=26.2% (15s mean 25.5%) jobs=1 amber=0 queued=0 lanes=0
2026-09-14T16:37:22 SAMPLE   ram=80.5% (13.48GB used, 3.27GB free) cpu=34.1% (15s mean 32.2%) jobs=1 amber=0 queued=0 lanes=0
2026-09-14T16:38:22 SAMPLE   ram=80.0% (13.39GB used, 3.36GB free) cpu=20.2% (15s mean 21.3%) jobs=1 amber=0 queued=0 lanes=0
2026-09-14T16:39:22 SAMPLE   ram=80.5% (13.48GB used, 3.27GB free) cpu=19.4% (15s mean 20.5%) jobs=1 amber=0 queued=0 lanes=0
2026-09-14T16:40:22 SAMPLE   ram=80.9% (13.55GB used, 3.20GB free) cpu=21.5% (15s mean 20.9%) jobs=1 amber=0 queued=0 lanes=0
2026-09-14T16:41:22 SAMPLE   ram=80.0% (13.40GB used, 3.35GB free) cpu=24.2% (15s mean 22.4%) jobs=1 amber=0 queued=0 lanes=0
2026-09-14T16:42:22 SAMPLE   ram=80.2% (13.43GB used, 3.32GB free) cpu=21.2% (15s mean 21.2%) jobs=1 amber=0 queued=0 lanes=0
2026-09-14T16:42:22 WARN     0 lanes recorded in lanes.json; the campaign requires 4-8
2026-09-14T16:43:22 SAMPLE   ram=78.1% (13.07GB used, 3.67GB free) cpu=9.1% (15s mean 16.3%) jobs=0 amber=0 queued=0 lanes=0
2026-09-14T16:44:22 SAMPLE   ram=78.9% (13.21GB used, 3.54GB free) cpu=29.8% (15s mean 24.8%) jobs=0 amber=0 queued=0 lanes=0
2026-09-14T16:45:22 SAMPLE   ram=79.0% (13.24GB used, 3.51GB free) cpu=8.4% (15s mean 8.0%) jobs=0 amber=0 queued=0 lanes=0
2026-09-14T16:46:22 SAMPLE   ram=77.3% (12.94GB used, 3.81GB free) cpu=10.3% (15s mean 9.9%) jobs=0 amber=0 queued=0 lanes=0
2026-09-14T16:47:22 SAMPLE   ram=78.8% (13.19GB used, 3.56GB free) cpu=20.0% (15s mean 21.1%) jobs=1 amber=0 queued=0 lanes=0
2026-09-14T16:48:22 SAMPLE   ram=78.7% (13.19GB used, 3.56GB free) cpu=20.8% (15s mean 21.4%) jobs=1 amber=0 queued=0 lanes=0
2026-09-14T16:49:22 SAMPLE   ram=78.9% (13.21GB used, 3.54GB free) cpu=21.0% (15s mean 21.6%) jobs=1 amber=0 queued=0 lanes=0
2026-09-14T16:50:22 SAMPLE   ram=78.3% (13.12GB used, 3.63GB free) cpu=26.3% (15s mean 23.3%) jobs=1 amber=0 queued=0 lanes=0
2026-09-14T16:51:22 SAMPLE   ram=77.0% (12.89GB used, 3.86GB free) cpu=20.6% (15s mean 20.9%) jobs=1 amber=0 queued=0 lanes=0
2026-09-14T16:52:22 SAMPLE   ram=77.0% (12.90GB used, 3.85GB free) cpu=21.7% (15s mean 22.7%) jobs=1 amber=0 queued=0 lanes=0
2026-09-14T16:52:22 WARN     0 lanes recorded in lanes.json; the campaign requires 4-8
2026-09-14T16:53:22 SAMPLE   ram=75.7% (12.68GB used, 4.07GB free) cpu=15.0% (15s mean 18.3%) jobs=0 amber=0 queued=0 lanes=0
2026-09-14T16:54:22 SAMPLE   ram=75.8% (12.69GB used, 4.06GB free) cpu=7.0% (15s mean 16.6%) jobs=0 amber=0 queued=0 lanes=0
2026-09-14T16:55:22 SAMPLE   ram=79.4% (13.31GB used, 3.44GB free) cpu=40.4% (15s mean 37.9%) jobs=2 amber=0 queued=0 lanes=0
2026-09-14T16:56:22 SAMPLE   ram=77.4% (12.97GB used, 3.78GB free) cpu=47.2% (15s mean 51.0%) jobs=3 amber=0 queued=0 lanes=0
2026-09-14T16:57:22 SAMPLE   ram=77.4% (12.96GB used, 3.79GB free) cpu=51.9% (15s mean 50.1%) jobs=3 amber=0 queued=0 lanes=0
2026-09-14T16:58:22 SAMPLE   ram=76.8% (12.86GB used, 3.89GB free) cpu=46.1% (15s mean 39.7%) jobs=2 amber=0 queued=0 lanes=0
2026-09-14T16:59:22 SAMPLE   ram=75.9% (12.72GB used, 4.03GB free) cpu=49.7% (15s mean 41.1%) jobs=2 amber=0 queued=0 lanes=0
2026-09-14T17:00:22 SAMPLE   ram=78.2% (13.10GB used, 3.65GB free) cpu=49.5% (15s mean 46.3%) jobs=3 amber=0 queued=0 lanes=0
2026-09-14T17:00:37 REAP     s27_wave3 (pid 8832) is gone; registration removed
2026-09-14T17:01:22 SAMPLE   ram=75.2% (12.60GB used, 4.15GB free) cpu=32.1% (15s mean 32.5%) jobs=2 amber=0 queued=0 lanes=0
2026-09-14T17:02:22 SAMPLE   ram=75.0% (12.56GB used, 4.19GB free) cpu=33.4% (15s mean 37.0%) jobs=2 amber=0 queued=0 lanes=0
2026-09-14T17:02:22 WARN     0 lanes recorded in lanes.json; the campaign requires 4-8
2026-09-14T17:03:22 SAMPLE   ram=75.5% (12.65GB used, 4.10GB free) cpu=34.9% (15s mean 35.0%) jobs=2 amber=0 queued=0 lanes=0
2026-09-14T17:04:22 SAMPLE   ram=74.4% (12.47GB used, 4.28GB free) cpu=32.6% (15s mean 35.2%) jobs=2 amber=0 queued=0 lanes=0
2026-09-14T17:05:22 SAMPLE   ram=74.6% (12.49GB used, 4.26GB free) cpu=36.0% (15s mean 35.7%) jobs=2 amber=0 queued=0 lanes=0
2026-09-14T17:06:22 SAMPLE   ram=74.2% (12.43GB used, 4.32GB free) cpu=33.2% (15s mean 35.8%) jobs=2 amber=0 queued=0 lanes=0
2026-09-14T17:07:22 SAMPLE   ram=73.6% (12.33GB used, 4.42GB free) cpu=35.9% (15s mean 34.8%) jobs=2 amber=0 queued=0 lanes=0
2026-09-14T17:08:22 SAMPLE   ram=74.0% (12.40GB used, 4.35GB free) cpu=33.5% (15s mean 34.1%) jobs=2 amber=0 queued=0 lanes=0
2026-09-14T17:09:22 SAMPLE   ram=74.3% (12.45GB used, 4.30GB free) cpu=35.2% (15s mean 36.4%) jobs=2 amber=0 queued=0 lanes=0
2026-09-14T17:10:22 SAMPLE   ram=74.9% (12.54GB used, 4.21GB free) cpu=40.8% (15s mean 36.8%) jobs=2 amber=0 queued=0 lanes=0
2026-09-14T17:11:22 SAMPLE   ram=73.9% (12.38GB used, 4.37GB free) cpu=35.1% (15s mean 35.3%) jobs=2 amber=0 queued=0 lanes=0
2026-09-14T17:12:22 SAMPLE   ram=73.7% (12.34GB used, 4.41GB free) cpu=33.2% (15s mean 33.3%) jobs=2 amber=0 queued=0 lanes=0
2026-09-14T17:12:22 WARN     0 lanes recorded in lanes.json; the campaign requires 4-8
2026-09-14T17:13:22 SAMPLE   ram=73.9% (12.38GB used, 4.37GB free) cpu=33.3% (15s mean 33.6%) jobs=2 amber=0 queued=0 lanes=0
2026-09-14T17:14:22 SAMPLE   ram=73.9% (12.38GB used, 4.37GB free) cpu=39.8% (15s mean 36.5%) jobs=2 amber=0 queued=0 lanes=0
2026-09-14T17:15:22 SAMPLE   ram=74.4% (12.46GB used, 4.29GB free) cpu=36.1% (15s mean 34.8%) jobs=2 amber=0 queued=0 lanes=0
2026-09-14T17:16:22 SAMPLE   ram=74.3% (12.45GB used, 4.30GB free) cpu=34.5% (15s mean 33.6%) jobs=2 amber=0 queued=0 lanes=0
2026-09-14T17:17:22 SAMPLE   ram=73.6% (12.32GB used, 4.43GB free) cpu=33.0% (15s mean 34.3%) jobs=2 amber=0 queued=0 lanes=0
2026-09-14T17:18:22 SAMPLE   ram=73.7% (12.35GB used, 4.40GB free) cpu=34.4% (15s mean 35.6%) jobs=2 amber=0 queued=0 lanes=0
2026-09-14T17:19:22 SAMPLE   ram=73.8% (12.36GB used, 4.39GB free) cpu=35.0% (15s mean 34.5%) jobs=2 amber=0 queued=0 lanes=0
2026-09-14T17:20:22 SAMPLE   ram=74.4% (12.47GB used, 4.28GB free) cpu=35.9% (15s mean 35.1%) jobs=2 amber=0 queued=0 lanes=0
2026-09-14T17:21:22 SAMPLE   ram=74.3% (12.45GB used, 4.30GB free) cpu=35.3% (15s mean 35.5%) jobs=2 amber=0 queued=0 lanes=0
2026-09-14T17:22:22 SAMPLE   ram=74.0% (12.40GB used, 4.35GB free) cpu=33.2% (15s mean 34.1%) jobs=2 amber=0 queued=0 lanes=0
2026-09-14T17:22:22 WARN     0 lanes recorded in lanes.json; the campaign requires 4-8
2026-09-14T17:23:22 SAMPLE   ram=74.3% (12.45GB used, 4.30GB free) cpu=33.1% (15s mean 34.0%) jobs=2 amber=0 queued=0 lanes=0
2026-09-14T17:24:22 SAMPLE   ram=74.5% (12.48GB used, 4.26GB free) cpu=33.6% (15s mean 35.3%) jobs=2 amber=0 queued=0 lanes=0
2026-09-14T17:25:22 SAMPLE   ram=74.5% (12.49GB used, 4.26GB free) cpu=36.3% (15s mean 35.6%) jobs=2 amber=0 queued=0 lanes=0
2026-09-14T17:26:22 SAMPLE   ram=73.5% (12.32GB used, 4.43GB free) cpu=36.6% (15s mean 34.5%) jobs=2 amber=0 queued=0 lanes=0
2026-09-14T17:27:22 SAMPLE   ram=73.8% (12.36GB used, 4.39GB free) cpu=35.1% (15s mean 34.4%) jobs=2 amber=0 queued=0 lanes=0
2026-09-14T17:28:22 SAMPLE   ram=73.8% (12.36GB used, 4.39GB free) cpu=35.6% (15s mean 34.8%) jobs=2 amber=0 queued=0 lanes=0
2026-09-14T17:29:22 SAMPLE   ram=73.9% (12.38GB used, 4.37GB free) cpu=39.0% (15s mean 35.4%) jobs=2 amber=0 queued=0 lanes=0
2026-09-14T17:30:22 SAMPLE   ram=74.3% (12.45GB used, 4.30GB free) cpu=38.6% (15s mean 35.1%) jobs=2 amber=0 queued=0 lanes=0
2026-09-14T17:31:22 SAMPLE   ram=73.4% (12.29GB used, 4.46GB free) cpu=38.9% (15s mean 35.9%) jobs=2 amber=0 queued=0 lanes=0
2026-09-14T17:32:22 SAMPLE   ram=73.1% (12.24GB used, 4.51GB free) cpu=34.8% (15s mean 33.7%) jobs=2 amber=0 queued=0 lanes=0
2026-09-14T17:32:22 WARN     0 lanes recorded in lanes.json; the campaign requires 4-8
2026-09-14T17:33:22 SAMPLE   ram=73.3% (12.28GB used, 4.47GB free) cpu=36.4% (15s mean 37.2%) jobs=2 amber=0 queued=0 lanes=0
2026-09-14T17:34:22 SAMPLE   ram=73.5% (12.31GB used, 4.44GB free) cpu=31.9% (15s mean 35.4%) jobs=2 amber=0 queued=0 lanes=0
2026-09-14T17:35:22 SAMPLE   ram=73.5% (12.32GB used, 4.43GB free) cpu=36.0% (15s mean 35.3%) jobs=2 amber=0 queued=0 lanes=0
2026-09-14T17:36:22 SAMPLE   ram=73.7% (12.34GB used, 4.41GB free) cpu=32.2% (15s mean 32.6%) jobs=2 amber=0 queued=0 lanes=0
2026-09-14T17:37:22 SAMPLE   ram=73.3% (12.28GB used, 4.47GB free) cpu=34.8% (15s mean 33.9%) jobs=2 amber=0 queued=0 lanes=0
2026-09-14T17:38:22 SAMPLE   ram=73.4% (12.29GB used, 4.46GB free) cpu=32.7% (15s mean 36.1%) jobs=2 amber=0 queued=0 lanes=0
2026-09-14T17:39:22 SAMPLE   ram=73.8% (12.36GB used, 4.39GB free) cpu=33.0% (15s mean 34.6%) jobs=2 amber=0 queued=0 lanes=0
2026-09-14T17:40:22 SAMPLE   ram=74.3% (12.45GB used, 4.30GB free) cpu=42.2% (15s mean 37.8%) jobs=2 amber=0 queued=0 lanes=0
2026-09-14T17:41:22 SAMPLE   ram=73.5% (12.30GB used, 4.45GB free) cpu=33.7% (15s mean 36.3%) jobs=2 amber=0 queued=0 lanes=0
2026-09-14T17:42:22 SAMPLE   ram=72.6% (12.17GB used, 4.58GB free) cpu=39.2% (15s mean 36.2%) jobs=2 amber=0 queued=0 lanes=0
2026-09-14T17:42:22 WARN     0 lanes recorded in lanes.json; the campaign requires 4-8
2026-09-14T17:43:22 SAMPLE   ram=72.8% (12.19GB used, 4.56GB free) cpu=31.5% (15s mean 33.7%) jobs=2 amber=0 queued=0 lanes=0
2026-09-14T17:44:22 SAMPLE   ram=73.3% (12.27GB used, 4.48GB free) cpu=42.8% (15s mean 37.2%) jobs=2 amber=0 queued=0 lanes=0
2026-09-14T17:45:22 SAMPLE   ram=73.7% (12.34GB used, 4.41GB free) cpu=40.3% (15s mean 35.0%) jobs=2 amber=0 queued=0 lanes=0
2026-09-14T17:46:22 SAMPLE   ram=73.2% (12.26GB used, 4.49GB free) cpu=36.5% (15s mean 35.2%) jobs=2 amber=0 queued=0 lanes=0
2026-09-14T17:47:22 SAMPLE   ram=72.9% (12.21GB used, 4.53GB free) cpu=34.3% (15s mean 33.7%) jobs=2 amber=0 queued=0 lanes=0
2026-09-14T17:48:22 SAMPLE   ram=73.5% (12.31GB used, 4.44GB free) cpu=35.3% (15s mean 36.5%) jobs=2 amber=0 queued=0 lanes=0
2026-09-14T17:49:22 SAMPLE   ram=73.7% (12.34GB used, 4.41GB free) cpu=34.6% (15s mean 34.8%) jobs=2 amber=0 queued=0 lanes=0
2026-09-14T17:50:22 SAMPLE   ram=73.8% (12.36GB used, 4.39GB free) cpu=39.0% (15s mean 35.3%) jobs=2 amber=0 queued=0 lanes=0
2026-09-14T17:51:22 SAMPLE   ram=73.4% (12.29GB used, 4.46GB free) cpu=33.2% (15s mean 34.4%) jobs=2 amber=0 queued=0 lanes=0
2026-09-14T17:52:22 SAMPLE   ram=73.4% (12.29GB used, 4.46GB free) cpu=36.8% (15s mean 35.1%) jobs=2 amber=0 queued=0 lanes=0
2026-09-14T17:52:22 WARN     0 lanes recorded in lanes.json; the campaign requires 4-8
2026-09-14T17:53:22 SAMPLE   ram=73.8% (12.37GB used, 4.38GB free) cpu=38.9% (15s mean 36.7%) jobs=2 amber=0 queued=0 lanes=0
2026-09-14T17:54:22 SAMPLE   ram=73.7% (12.34GB used, 4.41GB free) cpu=35.6% (15s mean 34.0%) jobs=2 amber=0 queued=0 lanes=0
2026-09-14T17:55:22 SAMPLE   ram=74.3% (12.45GB used, 4.30GB free) cpu=36.1% (15s mean 34.5%) jobs=2 amber=0 queued=0 lanes=0
2026-09-14T17:56:22 SAMPLE   ram=73.2% (12.25GB used, 4.50GB free) cpu=34.5% (15s mean 35.8%) jobs=2 amber=0 queued=0 lanes=0
2026-09-14T17:57:22 SAMPLE   ram=73.3% (12.28GB used, 4.46GB free) cpu=34.1% (15s mean 33.9%) jobs=2 amber=0 queued=0 lanes=0
2026-09-14T17:58:22 SAMPLE   ram=73.4% (12.29GB used, 4.46GB free) cpu=36.6% (15s mean 35.8%) jobs=2 amber=0 queued=0 lanes=0
2026-09-14T17:59:22 SAMPLE   ram=73.3% (12.28GB used, 4.47GB free) cpu=33.1% (15s mean 33.4%) jobs=2 amber=0 queued=0 lanes=0
2026-09-14T18:00:22 SAMPLE   ram=73.7% (12.34GB used, 4.41GB free) cpu=35.9% (15s mean 36.3%) jobs=2 amber=0 queued=0 lanes=0
2026-09-14T18:01:22 SAMPLE   ram=72.8% (12.20GB used, 4.55GB free) cpu=33.2% (15s mean 33.2%) jobs=2 amber=0 queued=0 lanes=0
2026-09-14T18:02:22 SAMPLE   ram=72.5% (12.14GB used, 4.61GB free) cpu=32.8% (15s mean 34.8%) jobs=2 amber=0 queued=0 lanes=0
2026-09-14T18:02:22 WARN     0 lanes recorded in lanes.json; the campaign requires 4-8
2026-09-14T18:03:22 SAMPLE   ram=73.5% (12.31GB used, 4.44GB free) cpu=37.2% (15s mean 37.6%) jobs=2 amber=0 queued=0 lanes=0
2026-09-14T18:04:22 SAMPLE   ram=73.1% (12.24GB used, 4.51GB free) cpu=33.7% (15s mean 33.5%) jobs=2 amber=0 queued=0 lanes=0
2026-09-14T18:05:22 SAMPLE   ram=72.5% (12.14GB used, 4.61GB free) cpu=26.2% (15s mean 23.5%) jobs=1 amber=0 queued=0 lanes=0
2026-09-14T18:06:22 SAMPLE   ram=72.7% (12.19GB used, 4.56GB free) cpu=23.9% (15s mean 23.8%) jobs=1 amber=0 queued=0 lanes=0
2026-09-14T18:07:22 SAMPLE   ram=72.5% (12.14GB used, 4.61GB free) cpu=20.0% (15s mean 22.0%) jobs=1 amber=0 queued=0 lanes=0
2026-09-14T18:08:22 SAMPLE   ram=72.4% (12.12GB used, 4.62GB free) cpu=29.0% (15s mean 25.4%) jobs=1 amber=0 queued=0 lanes=0
2026-09-14T18:09:22 SAMPLE   ram=72.6% (12.16GB used, 4.59GB free) cpu=21.6% (15s mean 22.0%) jobs=1 amber=0 queued=0 lanes=0
2026-09-14T18:10:22 SAMPLE   ram=72.7% (12.18GB used, 4.57GB free) cpu=24.3% (15s mean 22.2%) jobs=1 amber=0 queued=0 lanes=0
2026-09-14T18:11:22 SAMPLE   ram=71.9% (12.05GB used, 4.70GB free) cpu=21.9% (15s mean 22.6%) jobs=1 amber=0 queued=0 lanes=0
2026-09-14T18:12:22 SAMPLE   ram=72.0% (12.06GB used, 4.69GB free) cpu=22.1% (15s mean 22.2%) jobs=1 amber=0 queued=0 lanes=0
2026-09-14T18:12:22 WARN     0 lanes recorded in lanes.json; the campaign requires 4-8
2026-09-14T18:13:22 SAMPLE   ram=71.9% (12.04GB used, 4.71GB free) cpu=21.0% (15s mean 21.8%) jobs=1 amber=0 queued=0 lanes=0
2026-09-14T18:14:22 SAMPLE   ram=71.8% (12.03GB used, 4.72GB free) cpu=20.1% (15s mean 20.8%) jobs=1 amber=0 queued=0 lanes=0
2026-09-14T18:15:22 SAMPLE   ram=72.6% (12.16GB used, 4.58GB free) cpu=22.9% (15s mean 22.0%) jobs=1 amber=0 queued=0 lanes=0
2026-09-14T18:16:22 SAMPLE   ram=71.3% (11.95GB used, 4.80GB free) cpu=21.0% (15s mean 22.7%) jobs=1 amber=0 queued=0 lanes=0
2026-09-14T18:17:22 SAMPLE   ram=70.9% (11.88GB used, 4.87GB free) cpu=20.2% (15s mean 19.9%) jobs=1 amber=0 queued=0 lanes=0
2026-09-14T18:18:22 SAMPLE   ram=71.2% (11.92GB used, 4.83GB free) cpu=20.4% (15s mean 21.3%) jobs=1 amber=0 queued=0 lanes=0
2026-09-14T18:19:22 SAMPLE   ram=71.0% (11.89GB used, 4.86GB free) cpu=21.7% (15s mean 22.8%) jobs=1 amber=0 queued=0 lanes=0
2026-09-14T18:20:22 SAMPLE   ram=71.3% (11.94GB used, 4.81GB free) cpu=24.9% (15s mean 21.5%) jobs=1 amber=0 queued=0 lanes=0
2026-09-14T18:21:22 SAMPLE   ram=71.4% (11.96GB used, 4.79GB free) cpu=21.3% (15s mean 22.4%) jobs=1 amber=0 queued=0 lanes=0
2026-09-14T18:22:22 SAMPLE   ram=71.1% (11.90GB used, 4.84GB free) cpu=19.5% (15s mean 20.7%) jobs=1 amber=0 queued=0 lanes=0
2026-09-14T18:22:22 WARN     0 lanes recorded in lanes.json; the campaign requires 4-8
2026-09-14T18:23:22 SAMPLE   ram=71.4% (11.96GB used, 4.79GB free) cpu=19.2% (15s mean 20.9%) jobs=1 amber=0 queued=0 lanes=0
2026-09-14T18:24:22 SAMPLE   ram=71.7% (12.02GB used, 4.74GB free) cpu=22.6% (15s mean 22.7%) jobs=1 amber=0 queued=0 lanes=0
2026-09-14T18:25:22 SAMPLE   ram=72.5% (12.15GB used, 4.60GB free) cpu=26.4% (15s mean 22.0%) jobs=1 amber=0 queued=0 lanes=0
2026-09-14T18:26:22 SAMPLE   ram=71.9% (12.04GB used, 4.71GB free) cpu=23.8% (15s mean 24.3%) jobs=1 amber=0 queued=0 lanes=0
2026-09-14T18:27:22 SAMPLE   ram=72.4% (12.13GB used, 4.62GB free) cpu=24.2% (15s mean 24.1%) jobs=1 amber=0 queued=0 lanes=0
2026-09-14T18:28:22 SAMPLE   ram=72.0% (12.07GB used, 4.68GB free) cpu=19.0% (15s mean 21.2%) jobs=1 amber=0 queued=0 lanes=0
2026-09-14T18:29:22 SAMPLE   ram=72.6% (12.16GB used, 4.59GB free) cpu=21.8% (15s mean 21.5%) jobs=1 amber=0 queued=0 lanes=0
2026-09-14T18:30:22 SAMPLE   ram=72.3% (12.11GB used, 4.64GB free) cpu=23.0% (15s mean 21.9%) jobs=1 amber=0 queued=0 lanes=0
2026-09-14T18:31:22 SAMPLE   ram=72.0% (12.06GB used, 4.69GB free) cpu=24.2% (15s mean 23.7%) jobs=1 amber=0 queued=0 lanes=0
2026-09-14T18:32:22 SAMPLE   ram=71.9% (12.05GB used, 4.70GB free) cpu=22.3% (15s mean 21.9%) jobs=1 amber=0 queued=0 lanes=0
2026-09-14T18:32:22 WARN     0 lanes recorded in lanes.json; the campaign requires 4-8
2026-09-14T18:33:22 SAMPLE   ram=71.6% (12.00GB used, 4.75GB free) cpu=22.3% (15s mean 23.2%) jobs=1 amber=0 queued=0 lanes=0
2026-09-14T18:34:22 SAMPLE   ram=71.6% (11.99GB used, 4.76GB free) cpu=22.4% (15s mean 21.9%) jobs=1 amber=0 queued=0 lanes=0
2026-09-14T18:35:22 SAMPLE   ram=72.3% (12.11GB used, 4.64GB free) cpu=23.9% (15s mean 22.4%) jobs=1 amber=0 queued=0 lanes=0
2026-09-14T18:36:22 SAMPLE   ram=71.7% (12.01GB used, 4.74GB free) cpu=29.5% (15s mean 24.0%) jobs=1 amber=0 queued=0 lanes=0
2026-09-14T18:37:22 SAMPLE   ram=71.4% (11.96GB used, 4.79GB free) cpu=21.8% (15s mean 21.3%) jobs=1 amber=0 queued=0 lanes=0
2026-09-14T18:38:22 SAMPLE   ram=71.7% (12.01GB used, 4.74GB free) cpu=26.5% (15s mean 23.4%) jobs=1 amber=0 queued=0 lanes=0
2026-09-14T18:39:22 SAMPLE   ram=72.1% (12.08GB used, 4.67GB free) cpu=22.5% (15s mean 21.4%) jobs=1 amber=0 queued=0 lanes=0
2026-09-14T18:40:22 SAMPLE   ram=72.5% (12.14GB used, 4.61GB free) cpu=24.4% (15s mean 23.3%) jobs=1 amber=0 queued=0 lanes=0
2026-09-14T18:41:22 SAMPLE   ram=72.3% (12.10GB used, 4.64GB free) cpu=19.8% (15s mean 23.2%) jobs=1 amber=0 queued=0 lanes=0
2026-09-14T18:42:22 SAMPLE   ram=79.1% (13.25GB used, 3.50GB free) cpu=33.5% (15s mean 32.0%) jobs=0 amber=0 queued=0 lanes=0
2026-09-14T18:42:22 WARN     0 lanes recorded in lanes.json; the campaign requires 4-8
2026-09-14T18:43:22 SAMPLE   ram=81.5% (13.65GB used, 3.10GB free) cpu=12.0% (15s mean 11.3%) jobs=0 amber=0 queued=0 lanes=0
2026-09-14T18:44:22 SAMPLE   ram=82.2% (13.77GB used, 2.98GB free) cpu=12.1% (15s mean 13.3%) jobs=0 amber=0 queued=0 lanes=0
2026-09-14T18:45:22 SAMPLE   ram=82.1% (13.75GB used, 3.00GB free) cpu=27.0% (15s mean 18.1%) jobs=0 amber=0 queued=0 lanes=0
2026-09-14T18:46:22 SAMPLE   ram=81.3% (13.62GB used, 3.12GB free) cpu=15.5% (15s mean 11.9%) jobs=0 amber=0 queued=0 lanes=0
2026-09-14T18:57:31 START    governor v2 pid 22052 ceiling=93.0% hard(ram)=95.0%/15s cpu_resume=80.0% cpu_window=3 min_suspend=20s low=88.0%/60s sample=5s max_amber=2
2026-09-14T18:57:31 SAMPLE   ram=82.8% (13.86GB used, 2.89GB free) cpu=0.0% (15s mean 0.0%) jobs=0 amber=0 queued=0 lanes=0
2026-09-14T18:57:31 WARN     0 lanes recorded in lanes.json; the campaign requires 4-8
2026-09-14T18:58:31 SAMPLE   ram=83.0% (13.91GB used, 2.84GB free) cpu=6.5% (15s mean 8.0%) jobs=0 amber=0 queued=0 lanes=4
2026-09-14T18:59:31 SAMPLE   ram=83.3% (13.95GB used, 2.80GB free) cpu=9.5% (15s mean 10.3%) jobs=0 amber=0 queued=0 lanes=4
2026-09-14T19:00:31 SAMPLE   ram=85.2% (14.26GB used, 2.49GB free) cpu=9.6% (15s mean 16.4%) jobs=0 amber=0 queued=0 lanes=4
2026-09-14T19:01:31 SAMPLE   ram=84.6% (14.17GB used, 2.58GB free) cpu=23.3% (15s mean 22.2%) jobs=0 amber=0 queued=0 lanes=4
2026-09-14T19:02:31 SAMPLE   ram=86.8% (14.55GB used, 2.20GB free) cpu=35.1% (15s mean 31.4%) jobs=1 amber=0 queued=0 lanes=4
2026-09-14T19:03:31 SAMPLE   ram=88.7% (14.86GB used, 1.89GB free) cpu=41.3% (15s mean 44.7%) jobs=1 amber=0 queued=0 lanes=4
2026-09-14T19:04:31 SAMPLE   ram=91.2% (15.27GB used, 1.48GB free) cpu=66.2% (15s mean 63.9%) jobs=1 amber=0 queued=0 lanes=4
2026-09-14T19:05:11 SUSPEND  s28D_pytest_core agent=S28D tag=TEST rss=2.03GB
2026-09-14T19:05:26 KILL     s28D_pytest_core agent=S28D tag=TEST rss=2.03GB reason=ram 95.7% > 95.0% for 15s; sending CTRL_BREAK, grace 25s for a checkpoint
2026-09-14T19:05:26 RESUME   s28D_pytest_core agent=S28D tag=TEST
2026-09-14T19:05:26 WARN     signal to s28D_pytest_core failed: OSError(22, 'The parameter is incorrect', None, 87, None)
2026-09-14T19:05:51 KILLED   s28D_pytest_core terminated
2026-09-14T19:05:51 WARN     s28D_pytest_core was a direct job with no spec; its owner must restart it from its checkpoint
2026-09-14T19:05:51 SAMPLE   ram=85.3% (14.29GB used, 2.46GB free) cpu=15.4% (15s mean 20.9%) jobs=0 amber=0 queued=0 lanes=4
2026-09-14T19:06:51 SAMPLE   ram=88.0% (14.74GB used, 2.01GB free) cpu=21.8% (15s mean 22.0%) jobs=1 amber=0 queued=0 lanes=4
2026-09-14T19:07:51 REAP     s28D_pytest_light (pid 8840) is gone; registration removed
2026-09-14T19:07:51 SAMPLE   ram=85.4% (14.30GB used, 2.45GB free) cpu=21.7% (15s mean 29.3%) jobs=0 amber=0 queued=0 lanes=4
2026-09-14T19:08:46 SUSPEND  s28D_pytest_pipeline agent=S28D tag=TEST rss=0.82GB
2026-09-14T19:08:51 SAMPLE   ram=96.7% (16.19GB used, 0.56GB free) cpu=50.8% (15s mean 44.3%) jobs=1 amber=0 queued=0 lanes=4
2026-09-14T19:09:06 KILL     s28D_pytest_pipeline agent=S28D tag=TEST rss=0.82GB reason=ram 98.2% > 95.0% for 15s; sending CTRL_BREAK, grace 25s for a checkpoint
2026-09-14T19:09:06 RESUME   s28D_pytest_pipeline agent=S28D tag=TEST
2026-09-14T19:09:06 WARN     signal to s28D_pytest_pipeline failed: OSError(22, 'The parameter is incorrect', None, 87, None)
2026-09-14T19:09:31 KILLED   s28D_pytest_pipeline terminated
2026-09-14T19:09:31 WARN     s28D_pytest_pipeline was a direct job with no spec; its owner must restart it from its checkpoint
2026-09-14T19:09:52 SAMPLE   ram=89.1% (14.92GB used, 1.83GB free) cpu=20.8% (15s mean 28.1%) jobs=0 amber=0 queued=2 lanes=4
2026-09-14T19:10:52 SAMPLE   ram=87.4% (14.64GB used, 2.11GB free) cpu=11.0% (15s mean 14.0%) jobs=0 amber=0 queued=2 lanes=4
2026-09-14T19:11:32 REAP     s28C_feat_probe (pid 35312) is gone; registration removed
2026-09-14T19:11:52 SAMPLE   ram=87.9% (14.72GB used, 2.03GB free) cpu=23.9% (15s mean 27.6%) jobs=1 amber=0 queued=2 lanes=4
2026-09-14T19:12:52 SAMPLE   ram=83.4% (13.98GB used, 2.77GB free) cpu=33.4% (15s mean 28.0%) jobs=0 amber=0 queued=2 lanes=4
2026-09-14T19:13:07 LAUNCH   s28D_pytest_pipeline agent=S28D tag=TEST est_ram=1.2GB cmd=C:/Users/abena/miniforge_3/python.exe -m pytest tests/test_pipeline.py -q -p no:cacheprovider -ra
2026-09-14T19:13:52 SAMPLE   ram=88.5% (14.82GB used, 1.93GB free) cpu=54.0% (15s mean 36.2%) jobs=1 amber=0 queued=1 lanes=4
2026-09-14T19:14:52 SAMPLE   ram=87.8% (14.71GB used, 2.04GB free) cpu=49.7% (15s mean 38.3%) jobs=2 amber=0 queued=1 lanes=4
2026-09-14T19:14:57 REAP     s28C_readout_probe (pid 17108) is gone; registration removed
2026-09-14T19:15:12 SUSPEND  s28C_readout_probe2 agent=S28C tag=CPU rss=0.29GB
2026-09-14T19:15:17 SUSPEND  s28C_fail18_run agent=S28C tag=CPU rss=0.31GB
2026-09-14T19:15:22 SUSPEND  s28D_pytest_pipeline agent=S28D tag=TEST rss=1.90GB
2026-09-14T19:15:52 SAMPLE   ram=94.9% (15.89GB used, 0.86GB free) cpu=31.0% (15s mean 33.2%) jobs=3 amber=0 queued=1 lanes=4
2026-09-14T19:16:17 SUSPEND  s28B_probe_1A13 agent=S28B tag=CPU rss=0.33GB
2026-09-14T19:16:52 SAMPLE   ram=93.9% (15.72GB used, 1.03GB free) cpu=9.9% (15s mean 11.4%) jobs=4 amber=0 queued=1 lanes=4
2026-09-14T19:17:52 SAMPLE   ram=93.5% (15.65GB used, 1.09GB free) cpu=6.6% (15s mean 7.6%) jobs=4 amber=0 queued=1 lanes=4
2026-09-14T19:18:17 KILL     s28D_pytest_pipeline agent=S28D tag=TEST rss=1.90GB reason=stall: ram 93.6% >= 90.0% for 180s with 4 suspended; freeing 1.90GB; sending CTRL_BREAK, grace 25s for a checkpoint
2026-09-14T19:18:17 RESUME   s28D_pytest_pipeline agent=S28D tag=TEST
2026-09-14T19:18:18 KILLED   s28D_pytest_pipeline terminated
2026-09-14T19:18:18 REQUEUE  s28D_pytest_pipeline -> 010_s28D_pytest_pipeline.json (count 1)
2026-09-14T19:18:22 RESUME   s28B_probe_1A13 agent=S28B tag=CPU
2026-09-14T19:18:27 RESUME   s28C_fail18_run agent=S28C tag=CPU
2026-09-14T19:18:32 RESUME   s28C_readout_probe2 agent=S28C tag=CPU
2026-09-14T19:18:42 REAP     s28D_anchor_B (pid 27308) is gone; registration removed
2026-09-14T19:18:52 REAP     s28C_readout_probe2 (pid 36456) is gone; registration removed
2026-09-14T19:18:52 SAMPLE   ram=80.4% (13.46GB used, 3.29GB free) cpu=30.2% (15s mean 45.8%) jobs=1 amber=0 queued=2 lanes=4
2026-09-14T19:19:32 REAP     s28D_pytest_lanes_v1 (pid 19204) is gone; registration removed
2026-09-14T19:19:32 LAUNCH   s28D_pytest_pipeline agent=S28D tag=TEST est_ram=1.2GB cmd=C:/Users/abena/miniforge_3/python.exe -m pytest tests/test_pipeline.py -q -p no:cacheprovider -ra
2026-09-14T19:19:52 SAMPLE   ram=87.0% (14.58GB used, 2.17GB free) cpu=49.4% (15s mean 42.3%) jobs=2 amber=0 queued=1 lanes=4
2026-09-14T19:20:07 SUSPEND  s28B_train agent=S28B tag=CPU rss=0.32GB
2026-09-14T19:20:17 SUSPEND  s28B_run agent=S28B tag=CPU rss=0.34GB
2026-09-14T19:20:52 SAMPLE   ram=92.2% (15.44GB used, 1.31GB free) cpu=41.7% (15s mean 43.3%) jobs=4 amber=0 queued=1 lanes=4
2026-09-14T19:21:02 RESUME   s28B_run agent=S28B tag=CPU
2026-09-14T19:21:22 RESUME   s28B_train agent=S28B tag=CPU
2026-09-14T19:21:52 SAMPLE   ram=87.5% (14.66GB used, 2.09GB free) cpu=88.6% (15s mean 85.4%) jobs=4 amber=0 queued=1 lanes=4
2026-09-14T19:22:02 SUSPEND  s28B_train agent=S28B tag=CPU rss=0.33GB
2026-09-14T19:22:07 SUSPEND  s28B_run agent=S28B tag=CPU rss=0.34GB
2026-09-14T19:22:17 SUSPEND  s28D_pytest_pipeline agent=S28D tag=TEST rss=1.46GB
2026-09-14T19:22:22 SUSPEND  s28C_fail18_run agent=S28C tag=CPU rss=0.32GB
2026-09-14T19:22:32 KILL     s28B_train agent=S28B tag=CPU rss=0.33GB reason=ram 95.7% > 95.0% for 15s; sending CTRL_BREAK, grace 25s for a checkpoint
2026-09-14T19:22:32 RESUME   s28B_train agent=S28B tag=CPU
2026-09-14T19:22:32 WARN     signal to s28B_train failed: OSError(22, 'The parameter is incorrect', None, 87, None)
2026-09-14T19:22:57 KILLED   s28B_train terminated
2026-09-14T19:22:57 WARN     s28B_train was a direct job with no spec; its owner must restart it from its checkpoint
2026-09-14T19:22:57 SAMPLE   ram=93.6% (15.68GB used, 1.07GB free) cpu=37.3% (15s mean 23.9%) jobs=3 amber=0 queued=1 lanes=4
2026-09-14T19:23:43 RESUME   s28C_fail18_run agent=S28C tag=CPU
2026-09-14T19:23:58 SAMPLE   ram=89.8% (15.03GB used, 1.72GB free) cpu=51.3% (15s mean 48.6%) jobs=4 amber=0 queued=1 lanes=4
2026-09-14T19:23:58 RESUME   s28B_run agent=S28B tag=CPU
2026-09-14T19:24:13 SUSPEND  s28B_train2 agent=S28B tag=CPU rss=0.33GB
2026-09-14T19:24:33 RESUME   s28B_train2 agent=S28B tag=CPU
2026-09-14T19:24:43 REAP     s28C_fail18_run (pid 30452) is gone; registration removed
2026-09-14T19:24:58 SAMPLE   ram=88.6% (14.84GB used, 1.91GB free) cpu=80.3% (15s mean 82.4%) jobs=3 amber=0 queued=0 lanes=4
2026-09-14T19:25:58 SAMPLE   ram=92.6% (15.50GB used, 1.25GB free) cpu=85.0% (15s mean 90.5%) jobs=4 amber=0 queued=0 lanes=4
2026-09-14T19:26:13 SUSPEND  s28C_readout_chain agent=S28C tag=CPU rss=0.32GB
2026-09-14T19:26:53 RESUME   s28C_readout_chain agent=S28C tag=CPU
2026-09-14T19:26:58 SAMPLE   ram=89.1% (14.93GB used, 1.82GB free) cpu=90.9% (15s mean 83.4%) jobs=4 amber=0 queued=0 lanes=4
2026-09-14T19:27:58 SAMPLE   ram=89.4% (14.98GB used, 1.77GB free) cpu=87.6% (15s mean 85.8%) jobs=4 amber=0 queued=0 lanes=4
2026-09-14T19:28:58 SAMPLE   ram=88.8% (14.87GB used, 1.88GB free) cpu=85.2% (15s mean 84.4%) jobs=4 amber=0 queued=0 lanes=4
2026-09-14T19:29:08 REAP     s28B_train2 (pid 26704) is gone; registration removed
2026-09-14T19:29:58 SAMPLE   ram=89.6% (15.01GB used, 1.74GB free) cpu=85.4% (15s mean 80.3%) jobs=4 amber=0 queued=0 lanes=4
2026-09-14T19:30:43 SUSPEND  s28B_rank1 agent=S28B tag=CPU rss=0.33GB
2026-09-14T19:30:58 SAMPLE   ram=90.7% (15.19GB used, 1.56GB free) cpu=67.3% (15s mean 66.5%) jobs=4 amber=0 queued=0 lanes=4
2026-09-14T19:31:18 RESUME   s28B_rank1 agent=S28B tag=CPU
2026-09-14T19:31:48 SUSPEND  s28B_rank1 agent=S28B tag=CPU rss=0.32GB
2026-09-14T19:31:58 SAMPLE   ram=88.9% (14.89GB used, 1.86GB free) cpu=65.8% (15s mean 76.7%) jobs=4 amber=0 queued=0 lanes=4
2026-09-14T19:32:08 RESUME   s28B_rank1 agent=S28B tag=CPU
2026-09-14T19:32:53 SUSPEND  s28B_rank1 agent=S28B tag=CPU rss=0.33GB
2026-09-14T19:32:58 SAMPLE   ram=89.0% (14.91GB used, 1.84GB free) cpu=61.2% (15s mean 82.7%) jobs=4 amber=0 queued=0 lanes=4
2026-09-14T19:33:13 RESUME   s28B_rank1 agent=S28B tag=CPU
2026-09-14T19:33:58 SAMPLE   ram=88.9% (14.89GB used, 1.86GB free) cpu=86.1% (15s mean 88.7%) jobs=4 amber=0 queued=0 lanes=4
2026-09-14T19:34:58 SAMPLE   ram=83.7% (14.02GB used, 2.73GB free) cpu=60.4% (15s mean 79.7%) jobs=3 amber=0 queued=0 lanes=4
2026-09-14T19:35:18 REAP     s28A_oracle_126 (pid 29304) is gone; registration removed
2026-09-14T19:35:58 SAMPLE   ram=83.9% (14.06GB used, 2.69GB free) cpu=54.5% (15s mean 60.3%) jobs=3 amber=0 queued=0 lanes=4
2026-09-14T19:36:58 SAMPLE   ram=83.5% (13.99GB used, 2.76GB free) cpu=72.5% (15s mean 67.1%) jobs=3 amber=0 queued=0 lanes=4
2026-09-14T19:37:58 SAMPLE   ram=83.9% (14.05GB used, 2.70GB free) cpu=82.0% (15s mean 72.5%) jobs=3 amber=0 queued=0 lanes=4
2026-09-14T19:38:58 SAMPLE   ram=84.9% (14.22GB used, 2.53GB free) cpu=90.4% (15s mean 72.4%) jobs=3 amber=0 queued=0 lanes=4
2026-09-14T19:39:58 SAMPLE   ram=89.7% (15.03GB used, 1.72GB free) cpu=92.8% (15s mean 88.1%) jobs=3 amber=0 queued=0 lanes=4
2026-09-14T19:40:58 SAMPLE   ram=90.9% (15.22GB used, 1.52GB free) cpu=95.8% (15s mean 93.5%) jobs=3 amber=0 queued=0 lanes=4
2026-09-14T19:40:58 SUSPEND  s28A_chain_oracle agent=S28A tag=CPU rss=0.30GB
2026-09-14T19:41:58 SAMPLE   ram=91.5% (15.32GB used, 1.43GB free) cpu=73.8% (15s mean 75.8%) jobs=3 amber=0 queued=0 lanes=4
2026-09-14T19:42:08 SUSPEND  s28C_readout_chain agent=S28C tag=CPU rss=0.31GB
2026-09-14T19:42:13 RESUME   s28A_chain_oracle agent=S28A tag=CPU
2026-09-14T19:42:28 RESUME   s28C_readout_chain agent=S28C tag=CPU
2026-09-14T19:42:43 SUSPEND  s28A_chain_oracle agent=S28A tag=CPU rss=0.30GB
2026-09-14T19:42:48 SUSPEND  s28C_readout_chain agent=S28C tag=CPU rss=0.31GB
2026-09-14T19:42:58 SAMPLE   ram=93.1% (15.59GB used, 1.16GB free) cpu=73.6% (15s mean 81.3%) jobs=3 amber=0 queued=0 lanes=4
2026-09-14T19:42:58 SUSPEND  s28B_run agent=S28B tag=CPU rss=0.34GB
2026-09-14T19:43:23 KILL     s28A_chain_oracle agent=S28A tag=CPU rss=0.30GB reason=ram 95.8% > 95.0% for 15s; sending CTRL_BREAK, grace 25s for a checkpoint
2026-09-14T19:43:23 RESUME   s28A_chain_oracle agent=S28A tag=CPU
2026-09-14T19:43:23 WARN     signal to s28A_chain_oracle failed: OSError(22, 'The parameter is incorrect', None, 87, None)
2026-09-14T19:43:48 KILLED   s28A_chain_oracle terminated
2026-09-14T19:43:48 WARN     s28A_chain_oracle was a direct job with no spec; its owner must restart it from its checkpoint
2026-09-14T19:43:58 SAMPLE   ram=95.5% (15.99GB used, 0.76GB free) cpu=28.5% (15s mean 44.1%) jobs=2 amber=0 queued=0 lanes=4
2026-09-14T19:44:03 KILL     s28C_readout_chain agent=S28C tag=CPU rss=0.31GB reason=ram 96.3% > 95.0% for 15s; sending CTRL_BREAK, grace 25s for a checkpoint
2026-09-14T19:44:03 RESUME   s28C_readout_chain agent=S28C tag=CPU
2026-09-14T19:44:03 WARN     signal to s28C_readout_chain failed: OSError(22, 'The parameter is incorrect', None, 87, None)
2026-09-14T19:44:28 KILLED   s28C_readout_chain terminated
2026-09-14T19:44:28 WARN     s28C_readout_chain was a direct job with no spec; its owner must restart it from its checkpoint
2026-09-14T19:44:29 RESUME   s28B_run agent=S28B tag=CPU
2026-09-14T19:44:50 SUSPEND  s28D_reproduce_seed102 agent=S28D tag=CPU rss=0.32GB
2026-09-14T19:44:54 SUSPEND  s28A_chain_oracle_r2 agent=S28A tag=CPU rss=0.30GB
2026-09-14T19:44:59 SAMPLE   ram=92.7% (15.53GB used, 1.22GB free) cpu=91.4% (15s mean 97.0%) jobs=3 amber=0 queued=0 lanes=4
2026-09-14T19:44:59 SUSPEND  s28B_run agent=S28B tag=CPU rss=0.34GB
2026-09-14T19:45:59 SAMPLE   ram=93.9% (15.73GB used, 1.02GB free) cpu=46.9% (15s mean 47.1%) jobs=3 amber=0 queued=0 lanes=4
2026-09-14T19:46:24 RESUME   s28B_run agent=S28B tag=CPU
2026-09-14T19:46:29 RESUME   s28A_chain_oracle_r2 agent=S28A tag=CPU
2026-09-14T19:46:34 RESUME   s28D_reproduce_seed102 agent=S28D tag=CPU
2026-09-14T19:46:59 SAMPLE   ram=87.7% (14.70GB used, 2.05GB free) cpu=71.1% (15s mean 70.3%) jobs=2 amber=0 queued=0 lanes=4
2026-09-14T19:47:59 SAMPLE   ram=88.3% (14.79GB used, 1.96GB free) cpu=68.2% (15s mean 67.3%) jobs=2 amber=0 queued=0 lanes=4
2026-09-14T19:48:59 SAMPLE   ram=90.6% (15.17GB used, 1.58GB free) cpu=72.7% (15s mean 76.3%) jobs=3 amber=0 queued=0 lanes=4
2026-09-14T19:49:59 SAMPLE   ram=89.2% (14.94GB used, 1.81GB free) cpu=66.5% (15s mean 67.5%) jobs=3 amber=0 queued=0 lanes=4
2026-09-14T19:50:59 SAMPLE   ram=89.8% (15.03GB used, 1.72GB free) cpu=78.3% (15s mean 69.0%) jobs=3 amber=0 queued=0 lanes=4
2026-09-14T19:51:59 SAMPLE   ram=83.3% (13.95GB used, 2.80GB free) cpu=60.1% (15s mean 65.1%) jobs=3 amber=0 queued=0 lanes=4
2026-09-14T19:52:59 SAMPLE   ram=83.6% (14.00GB used, 2.75GB free) cpu=68.6% (15s mean 71.1%) jobs=3 amber=0 queued=0 lanes=4
2026-09-14T19:53:59 SAMPLE   ram=87.7% (14.68GB used, 2.07GB free) cpu=56.3% (15s mean 60.8%) jobs=3 amber=0 queued=0 lanes=4
2026-09-14T19:54:59 SAMPLE   ram=86.7% (14.52GB used, 2.23GB free) cpu=54.6% (15s mean 61.9%) jobs=3 amber=0 queued=0 lanes=4
2026-09-14T19:55:59 SAMPLE   ram=87.1% (14.59GB used, 2.16GB free) cpu=59.8% (15s mean 60.3%) jobs=3 amber=0 queued=0 lanes=4
2026-09-14T19:56:59 SAMPLE   ram=89.4% (14.97GB used, 1.78GB free) cpu=75.9% (15s mean 73.8%) jobs=3 amber=0 queued=0 lanes=4
2026-09-14T19:57:59 SAMPLE   ram=88.4% (14.81GB used, 1.94GB free) cpu=66.6% (15s mean 62.2%) jobs=3 amber=0 queued=0 lanes=4
2026-09-14T19:58:59 SAMPLE   ram=91.9% (15.39GB used, 1.35GB free) cpu=99.6% (15s mean 85.6%) jobs=3 amber=0 queued=0 lanes=4
2026-09-14T19:59:59 SAMPLE   ram=91.4% (15.32GB used, 1.43GB free) cpu=75.4% (15s mean 69.1%) jobs=3 amber=0 queued=0 lanes=4
2026-09-14T20:00:54 SUSPEND  s28A_recog_126 agent=S28A tag=CPU rss=0.32GB
2026-09-14T20:00:59 SAMPLE   ram=96.6% (16.18GB used, 0.57GB free) cpu=87.0% (15s mean 91.9%) jobs=3 amber=0 queued=0 lanes=4
2026-09-14T20:00:59 SUSPEND  s28C_readout_chain2 agent=S28C tag=CPU rss=0.31GB
2026-09-14T20:01:09 SUSPEND  s28B_run agent=S28B tag=CPU rss=0.17GB
2026-09-14T20:01:24 KILL     s28A_recog_126 agent=S28A tag=CPU rss=0.32GB reason=ram 96.6% > 95.0% for 15s; sending CTRL_BREAK, grace 25s for a checkpoint
2026-09-14T20:01:24 RESUME   s28A_recog_126 agent=S28A tag=CPU
2026-09-14T20:01:24 WARN     signal to s28A_recog_126 failed: OSError(22, 'The parameter is incorrect', None, 87, None)
2026-09-14T20:01:49 KILLED   s28A_recog_126 terminated
2026-09-14T20:01:49 WARN     s28A_recog_126 was a direct job with no spec; its owner must restart it from its checkpoint
2026-09-14T20:02:00 SAMPLE   ram=95.1% (15.93GB used, 0.82GB free) cpu=26.3% (15s mean 23.9%) jobs=2 amber=0 queued=0 lanes=4
2026-09-14T20:02:05 KILL     s28C_readout_chain2 agent=S28C tag=CPU rss=0.31GB reason=ram 96.2% > 95.0% for 15s; sending CTRL_BREAK, grace 25s for a checkpoint
2026-09-14T20:02:05 RESUME   s28C_readout_chain2 agent=S28C tag=CPU
2026-09-14T20:02:05 WARN     signal to s28C_readout_chain2 failed: OSError(22, 'The parameter is incorrect', None, 87, None)
2026-09-14T20:02:30 KILLED   s28C_readout_chain2 terminated
2026-09-14T20:02:30 WARN     s28C_readout_chain2 was a direct job with no spec; its owner must restart it from its checkpoint
2026-09-14T20:03:00 SAMPLE   ram=94.0% (15.75GB used, 1.00GB free) cpu=29.7% (15s mean 26.6%) jobs=1 amber=0 queued=0 lanes=4
2026-09-14T20:04:00 SAMPLE   ram=94.6% (15.84GB used, 0.91GB free) cpu=25.3% (15s mean 26.4%) jobs=1 amber=0 queued=0 lanes=4
2026-09-14T20:04:00 KILL     s28B_run agent=S28B tag=CPU rss=0.15GB reason=stall: ram 94.6% >= 90.0% for 181s with 1 suspended; freeing 0.15GB; sending CTRL_BREAK, grace 25s for a checkpoint
2026-09-14T20:04:00 RESUME   s28B_run agent=S28B tag=CPU
2026-09-14T20:04:00 WARN     signal to s28B_run failed: OSError(22, 'The parameter is incorrect', None, 87, None)
2026-09-14T20:04:25 KILLED   s28B_run terminated
2026-09-14T20:04:25 WARN     s28B_run was a direct job with no spec; its owner must restart it from its checkpoint
2026-09-14T20:05:01 SAMPLE   ram=97.5% (16.33GB used, 0.42GB free) cpu=37.2% (15s mean 46.7%) jobs=0 amber=0 queued=0 lanes=4
2026-09-14T20:05:11 WARN     ram at 96.7% with no registered jobs: the pressure is outside the campaign's processes
2026-09-14T20:06:01 SAMPLE   ram=94.5% (15.82GB used, 0.93GB free) cpu=28.2% (15s mean 20.3%) jobs=0 amber=0 queued=0 lanes=4
2026-09-14T20:06:11 WARN     ram at 94.1% with no registered jobs: the pressure is outside the campaign's processes
2026-09-14T20:06:31 SUSPEND  s28C_readout_chain3 agent=S28C tag=CPU rss=0.25GB
2026-09-14T20:06:36 SUSPEND  s28B_run2 agent=S28B tag=CPU rss=0.34GB
2026-09-14T20:07:01 SAMPLE   ram=93.7% (15.69GB used, 1.06GB free) cpu=17.7% (15s mean 16.0%) jobs=2 amber=0 queued=0 lanes=4
2026-09-14T20:08:01 SAMPLE   ram=94.4% (15.81GB used, 0.94GB free) cpu=23.8% (15s mean 21.0%) jobs=2 amber=0 queued=0 lanes=4
2026-09-14T20:09:01 SAMPLE   ram=94.6% (15.85GB used, 0.90GB free) cpu=17.3% (15s mean 21.4%) jobs=2 amber=0 queued=0 lanes=4
2026-09-14T20:09:26 KILL     s28C_readout_chain3 agent=S28C tag=CPU rss=0.26GB reason=ram 96.9% > 95.0% for 15s; sending CTRL_BREAK, grace 25s for a checkpoint
2026-09-14T20:09:26 RESUME   s28C_readout_chain3 agent=S28C tag=CPU
2026-09-14T20:09:26 WARN     signal to s28C_readout_chain3 failed: OSError(22, 'The parameter is incorrect', None, 87, None)
2026-09-14T20:09:51 KILLED   s28C_readout_chain3 terminated
2026-09-14T20:09:51 WARN     s28C_readout_chain3 was a direct job with no spec; its owner must restart it from its checkpoint
2026-09-14T20:09:51 KILL     s28B_run2 agent=S28B tag=CPU rss=0.34GB reason=stall: ram 94.6% >= 90.0% for 196s with 1 suspended; freeing 0.34GB; sending CTRL_BREAK, grace 25s for a checkpoint
2026-09-14T20:09:52 RESUME   s28B_run2 agent=S28B tag=CPU
2026-09-14T20:09:52 WARN     signal to s28B_run2 failed: OSError(22, 'The parameter is incorrect', None, 87, None)
2026-09-14T20:10:17 KILLED   s28B_run2 terminated
2026-09-14T20:10:17 WARN     s28B_run2 was a direct job with no spec; its owner must restart it from its checkpoint
2026-09-14T20:10:17 SAMPLE   ram=93.1% (15.60GB used, 1.15GB free) cpu=49.8% (15s mean 40.6%) jobs=0 amber=0 queued=0 lanes=4
2026-09-14T20:10:32 WARN     ram at 93.3% with no registered jobs: the pressure is outside the campaign's processes
2026-09-14T20:11:17 SAMPLE   ram=92.7% (15.52GB used, 1.23GB free) cpu=29.0% (15s mean 23.0%) jobs=0 amber=0 queued=1 lanes=4
2026-09-14T20:12:17 SAMPLE   ram=93.5% (15.66GB used, 1.09GB free) cpu=30.5% (15s mean 26.1%) jobs=0 amber=0 queued=1 lanes=4
2026-09-14T20:13:17 SAMPLE   ram=92.4% (15.48GB used, 1.27GB free) cpu=29.9% (15s mean 26.3%) jobs=0 amber=0 queued=1 lanes=4
2026-09-14T20:14:17 SAMPLE   ram=92.2% (15.44GB used, 1.31GB free) cpu=33.4% (15s mean 24.0%) jobs=0 amber=0 queued=1 lanes=4
2026-09-14T20:15:17 SAMPLE   ram=93.3% (15.62GB used, 1.13GB free) cpu=24.1% (15s mean 26.5%) jobs=0 amber=0 queued=1 lanes=4
2026-09-14T20:16:17 SAMPLE   ram=92.4% (15.47GB used, 1.28GB free) cpu=20.9% (15s mean 25.8%) jobs=0 amber=0 queued=1 lanes=4
2026-09-14T20:17:17 SAMPLE   ram=89.6% (15.01GB used, 1.74GB free) cpu=31.4% (15s mean 25.0%) jobs=0 amber=0 queued=1 lanes=4
2026-09-14T20:18:17 SAMPLE   ram=90.8% (15.21GB used, 1.54GB free) cpu=25.7% (15s mean 29.5%) jobs=1 amber=0 queued=1 lanes=4
2026-09-14T20:19:17 SAMPLE   ram=90.9% (15.22GB used, 1.53GB free) cpu=25.2% (15s mean 28.5%) jobs=1 amber=0 queued=1 lanes=4
2026-09-14T20:20:17 SAMPLE   ram=91.0% (15.24GB used, 1.51GB free) cpu=25.8% (15s mean 30.6%) jobs=1 amber=0 queued=1 lanes=4
2026-09-14T20:21:17 SAMPLE   ram=91.5% (15.33GB used, 1.42GB free) cpu=34.2% (15s mean 33.2%) jobs=1 amber=0 queued=1 lanes=4
2026-09-14T20:22:17 SAMPLE   ram=88.1% (14.75GB used, 2.00GB free) cpu=28.0% (15s mean 28.4%) jobs=1 amber=0 queued=1 lanes=4
2026-09-14T20:23:17 SAMPLE   ram=86.8% (14.54GB used, 2.21GB free) cpu=28.4% (15s mean 31.8%) jobs=1 amber=0 queued=1 lanes=4
2026-09-14T20:24:17 SAMPLE   ram=88.0% (14.74GB used, 2.01GB free) cpu=35.6% (15s mean 34.3%) jobs=1 amber=0 queued=1 lanes=4
2026-09-14T20:25:17 SAMPLE   ram=86.5% (14.49GB used, 2.26GB free) cpu=50.0% (15s mean 47.2%) jobs=1 amber=0 queued=1 lanes=4
2026-09-14T20:25:27 LAUNCH   s28B_run3 agent=S28B tag=CPU est_ram=0.4GB cmd=python s27/s28_B_hop.py --run
2026-09-14T20:25:52 REAP     s28D_reproduce_seed103 (pid 40356) is gone; registration removed
2026-09-14T20:26:17 SAMPLE   ram=88.4% (14.81GB used, 1.94GB free) cpu=74.0% (15s mean 72.0%) jobs=3 amber=0 queued=0 lanes=4
2026-09-14T20:27:17 SAMPLE   ram=85.2% (14.27GB used, 2.48GB free) cpu=68.7% (15s mean 71.2%) jobs=3 amber=0 queued=0 lanes=4
2026-09-14T20:28:17 SAMPLE   ram=85.5% (14.32GB used, 2.43GB free) cpu=79.2% (15s mean 74.1%) jobs=3 amber=0 queued=0 lanes=4
2026-09-14T20:29:17 SAMPLE   ram=85.4% (14.30GB used, 2.44GB free) cpu=68.5% (15s mean 67.2%) jobs=3 amber=0 queued=0 lanes=4
2026-09-14T20:30:17 SAMPLE   ram=86.5% (14.49GB used, 2.26GB free) cpu=61.5% (15s mean 72.0%) jobs=3 amber=0 queued=0 lanes=4
2026-09-14T20:31:17 SAMPLE   ram=86.6% (14.50GB used, 2.25GB free) cpu=62.5% (15s mean 68.1%) jobs=3 amber=0 queued=0 lanes=4
2026-09-14T20:32:17 SAMPLE   ram=82.5% (13.81GB used, 2.94GB free) cpu=73.5% (15s mean 75.2%) jobs=3 amber=0 queued=0 lanes=4
2026-09-14T20:33:17 SAMPLE   ram=82.5% (13.82GB used, 2.93GB free) cpu=79.0% (15s mean 74.8%) jobs=3 amber=0 queued=0 lanes=4
2026-09-14T20:34:03 SUSPEND  s28B_run3 agent=S28B tag=CPU rss=0.34GB
2026-09-14T20:34:17 SAMPLE   ram=84.2% (14.11GB used, 2.65GB free) cpu=50.5% (15s mean 54.1%) jobs=3 amber=0 queued=0 lanes=4
2026-09-14T20:34:22 RESUME   s28B_run3 agent=S28B tag=CPU
2026-09-14T20:35:17 SAMPLE   ram=84.3% (14.12GB used, 2.63GB free) cpu=79.2% (15s mean 78.6%) jobs=3 amber=0 queued=0 lanes=4
2026-09-14T20:36:17 SAMPLE   ram=85.3% (14.28GB used, 2.47GB free) cpu=81.2% (15s mean 73.9%) jobs=3 amber=0 queued=0 lanes=4
2026-09-14T20:37:17 SAMPLE   ram=84.8% (14.20GB used, 2.55GB free) cpu=66.7% (15s mean 72.5%) jobs=3 amber=0 queued=0 lanes=4
2026-09-14T20:38:17 SAMPLE   ram=84.9% (14.21GB used, 2.54GB free) cpu=80.3% (15s mean 74.5%) jobs=3 amber=0 queued=0 lanes=4
2026-09-14T20:39:17 SAMPLE   ram=84.8% (14.20GB used, 2.55GB free) cpu=77.8% (15s mean 71.4%) jobs=3 amber=0 queued=0 lanes=4
2026-09-14T20:40:17 SAMPLE   ram=85.4% (14.30GB used, 2.45GB free) cpu=67.7% (15s mean 72.0%) jobs=3 amber=0 queued=0 lanes=4
2026-09-14T20:41:07 SUSPEND  s28B_run3 agent=S28B tag=CPU rss=0.34GB
2026-09-14T20:41:17 SAMPLE   ram=86.8% (14.53GB used, 2.22GB free) cpu=47.7% (15s mean 64.7%) jobs=3 amber=0 queued=0 lanes=4
2026-09-14T20:41:27 RESUME   s28B_run3 agent=S28B tag=CPU
2026-09-14T20:42:17 SAMPLE   ram=85.3% (14.29GB used, 2.46GB free) cpu=78.6% (15s mean 72.4%) jobs=3 amber=0 queued=0 lanes=4
2026-09-14T20:43:17 SAMPLE   ram=85.1% (14.25GB used, 2.50GB free) cpu=69.9% (15s mean 68.7%) jobs=3 amber=0 queued=0 lanes=4
2026-09-14T20:44:17 SAMPLE   ram=85.3% (14.29GB used, 2.46GB free) cpu=69.6% (15s mean 76.3%) jobs=3 amber=0 queued=0 lanes=4
2026-09-14T20:45:18 SAMPLE   ram=86.1% (14.42GB used, 2.33GB free) cpu=81.6% (15s mean 74.2%) jobs=3 amber=0 queued=0 lanes=4
2026-09-14T20:46:17 SAMPLE   ram=85.9% (14.38GB used, 2.37GB free) cpu=65.9% (15s mean 71.3%) jobs=3 amber=0 queued=0 lanes=4
2026-09-14T20:47:18 SAMPLE   ram=86.9% (14.56GB used, 2.19GB free) cpu=96.5% (15s mean 82.5%) jobs=3 amber=0 queued=0 lanes=4
2026-09-14T20:47:43 SUSPEND  s28B_run3 agent=S28B tag=CPU rss=0.34GB
2026-09-14T20:48:02 RESUME   s28B_run3 agent=S28B tag=CPU
2026-09-14T20:48:17 SAMPLE   ram=85.4% (14.30GB used, 2.45GB free) cpu=73.4% (15s mean 73.5%) jobs=3 amber=0 queued=0 lanes=4
2026-09-14T20:49:17 SAMPLE   ram=85.2% (14.28GB used, 2.47GB free) cpu=69.9% (15s mean 71.1%) jobs=3 amber=0 queued=0 lanes=4
2026-09-14T20:50:18 SAMPLE   ram=85.4% (14.30GB used, 2.45GB free) cpu=72.7% (15s mean 78.5%) jobs=3 amber=0 queued=0 lanes=4
2026-09-14T20:51:18 SAMPLE   ram=86.2% (14.44GB used, 2.31GB free) cpu=70.8% (15s mean 74.2%) jobs=3 amber=0 queued=0 lanes=4
2026-09-14T20:52:18 SAMPLE   ram=85.5% (14.32GB used, 2.43GB free) cpu=71.0% (15s mean 76.0%) jobs=3 amber=0 queued=0 lanes=4
2026-09-14T20:53:18 SAMPLE   ram=86.1% (14.43GB used, 2.32GB free) cpu=74.2% (15s mean 74.3%) jobs=3 amber=0 queued=0 lanes=4
2026-09-14T20:54:18 SAMPLE   ram=85.9% (14.39GB used, 2.36GB free) cpu=76.1% (15s mean 71.1%) jobs=3 amber=0 queued=0 lanes=4
2026-09-14T20:55:18 SAMPLE   ram=86.0% (14.40GB used, 2.35GB free) cpu=69.9% (15s mean 72.0%) jobs=3 amber=0 queued=0 lanes=4
2026-09-14T20:56:18 SAMPLE   ram=86.0% (14.41GB used, 2.34GB free) cpu=71.0% (15s mean 72.0%) jobs=3 amber=0 queued=0 lanes=4
2026-09-14T20:57:18 SAMPLE   ram=84.2% (14.11GB used, 2.64GB free) cpu=70.2% (15s mean 71.2%) jobs=3 amber=0 queued=0 lanes=4
2026-09-14T20:58:18 SAMPLE   ram=83.8% (14.04GB used, 2.71GB free) cpu=77.0% (15s mean 77.8%) jobs=3 amber=0 queued=0 lanes=4
2026-09-14T20:59:18 SAMPLE   ram=82.7% (13.86GB used, 2.89GB free) cpu=79.7% (15s mean 72.9%) jobs=3 amber=0 queued=0 lanes=4
2026-09-14T21:00:18 SAMPLE   ram=82.8% (13.87GB used, 2.88GB free) cpu=70.6% (15s mean 67.6%) jobs=3 amber=0 queued=0 lanes=4
2026-09-14T21:00:38 REAP     s28B_run3 (pid 33004) is gone; registration removed
2026-09-14T21:01:18 SAMPLE   ram=83.7% (14.02GB used, 2.73GB free) cpu=46.1% (15s mean 63.5%) jobs=2 amber=0 queued=0 lanes=4
2026-09-14T21:02:18 SAMPLE   ram=84.8% (14.20GB used, 2.55GB free) cpu=63.1% (15s mean 59.0%) jobs=2 amber=0 queued=0 lanes=4
2026-09-14T21:03:18 SAMPLE   ram=83.2% (13.94GB used, 2.81GB free) cpu=60.2% (15s mean 57.2%) jobs=2 amber=0 queued=0 lanes=4
2026-09-14T21:04:18 SAMPLE   ram=88.4% (14.80GB used, 1.94GB free) cpu=57.4% (15s mean 50.8%) jobs=3 amber=0 queued=0 lanes=4
2026-09-14T21:05:18 SAMPLE   ram=83.6% (13.99GB used, 2.75GB free) cpu=64.3% (15s mean 64.5%) jobs=3 amber=0 queued=1 lanes=4
2026-09-14T21:05:58 LAUNCH   s28B_mladder agent=S28B tag=CPU est_ram=0.4GB cmd=python s27/s28_B_mladder.py
2026-09-14T21:06:18 SAMPLE   ram=82.6% (13.84GB used, 2.91GB free) cpu=57.3% (15s mean 56.5%) jobs=3 amber=0 queued=0 lanes=4
2026-09-14T21:07:18 SAMPLE   ram=84.1% (14.09GB used, 2.66GB free) cpu=73.5% (15s mean 74.0%) jobs=3 amber=0 queued=0 lanes=4
2026-09-14T21:08:18 SAMPLE   ram=83.5% (13.99GB used, 2.76GB free) cpu=58.8% (15s mean 53.3%) jobs=3 amber=0 queued=0 lanes=4
2026-09-14T21:09:18 SAMPLE   ram=84.8% (14.20GB used, 2.55GB free) cpu=58.1% (15s mean 55.1%) jobs=3 amber=0 queued=0 lanes=4
2026-09-14T21:10:18 SAMPLE   ram=85.0% (14.23GB used, 2.52GB free) cpu=60.2% (15s mean 60.5%) jobs=3 amber=0 queued=0 lanes=4
2026-09-14T21:11:18 SAMPLE   ram=85.1% (14.26GB used, 2.49GB free) cpu=58.7% (15s mean 52.7%) jobs=3 amber=0 queued=0 lanes=4
2026-09-14T21:12:03 LAUNCH   s28B2_train agent=S28B tag=CPU est_ram=0.4GB cmd=python s27/s28_B2_knn.py --train
2026-09-14T21:12:18 SAMPLE   ram=83.7% (14.02GB used, 2.73GB free) cpu=45.2% (15s mean 49.3%) jobs=3 amber=0 queued=0 lanes=4
2026-09-14T21:13:18 SAMPLE   ram=85.1% (14.26GB used, 2.49GB free) cpu=58.0% (15s mean 62.0%) jobs=4 amber=0 queued=0 lanes=4
2026-09-14T21:14:18 SAMPLE   ram=84.2% (14.10GB used, 2.65GB free) cpu=95.7% (15s mean 86.6%) jobs=4 amber=0 queued=0 lanes=4
2026-09-14T21:15:18 SAMPLE   ram=83.7% (14.03GB used, 2.73GB free) cpu=83.6% (15s mean 90.0%) jobs=4 amber=0 queued=0 lanes=4
2026-09-14T21:15:58 SUSPEND  s28B2_train agent=S28B tag=CPU rss=0.33GB
2026-09-14T21:16:03 SUSPEND  s28B_chain agent=S28B tag=CPU rss=0.38GB
2026-09-14T21:16:18 SAMPLE   ram=85.7% (14.36GB used, 2.39GB free) cpu=53.7% (15s mean 58.5%) jobs=4 amber=0 queued=0 lanes=4
2026-09-14T21:16:18 RESUME   s28B2_train agent=S28B tag=CPU
2026-09-14T21:16:23 RESUME   s28B_chain agent=S28B tag=CPU
2026-09-14T21:16:33 SUSPEND  s28B2_train agent=S28B tag=CPU rss=0.32GB
2026-09-14T21:16:38 SUSPEND  s28B_chain agent=S28B tag=CPU rss=0.38GB
2026-09-14T21:16:53 RESUME   s28B2_train agent=S28B tag=CPU
2026-09-14T21:16:58 RESUME   s28B_chain agent=S28B tag=CPU
2026-09-14T21:17:18 SAMPLE   ram=86.1% (14.41GB used, 2.34GB free) cpu=88.5% (15s mean 75.3%) jobs=4 amber=0 queued=0 lanes=4
2026-09-14T21:18:18 SAMPLE   ram=85.6% (14.33GB used, 2.42GB free) cpu=66.7% (15s mean 69.8%) jobs=4 amber=0 queued=0 lanes=4
2026-09-14T21:19:19 SAMPLE   ram=86.7% (14.53GB used, 2.22GB free) cpu=78.2% (15s mean 78.0%) jobs=4 amber=0 queued=0 lanes=4
2026-09-14T21:27:54 SAMPLE   ram=86.2% (14.44GB used, 2.31GB free) cpu=3.1% (15s mean 48.2%) jobs=4 amber=0 queued=0 lanes=4
2026-09-14T21:28:08 SUSPEND  s28B2_train agent=S28B tag=CPU rss=0.33GB
2026-09-14T21:28:13 SUSPEND  s28B_chain agent=S28B tag=CPU rss=0.38GB
2026-09-14T21:28:18 SUSPEND  s28A_chain_primary_1 agent=S28A tag=CPU rss=0.30GB
2026-09-14T21:28:23 SUSPEND  s28C_readout_chain4 agent=S28C tag=CPU rss=0.10GB
2026-09-14T21:28:28 KILL     s28B2_train agent=S28B tag=CPU rss=0.33GB reason=ram 96.6% > 95.0% for 15s; sending CTRL_BREAK, grace 25s for a checkpoint
2026-09-14T21:28:28 RESUME   s28B2_train agent=S28B tag=CPU
2026-09-14T21:28:29 KILLED   s28B2_train terminated
2026-09-14T21:28:29 REQUEUE  s28B2_train -> 010_s28B2_train.json (count 1)
2026-09-14T21:28:53 SAMPLE   ram=94.7% (15.87GB used, 0.88GB free) cpu=24.6% (15s mean 26.7%) jobs=3 amber=0 queued=1 lanes=4
2026-09-14T21:29:48 REAP     s28A2_probe_cosine (pid 11464) is gone; registration removed
2026-09-14T21:29:53 SAMPLE   ram=90.3% (15.12GB used, 1.63GB free) cpu=13.8% (15s mean 17.0%) jobs=3 amber=0 queued=1 lanes=4
2026-09-14T21:30:08 SUSPEND  s28B_split agent=S28B tag=CPU rss=0.42GB
2026-09-14T21:30:53 SAMPLE   ram=93.2% (15.61GB used, 1.14GB free) cpu=15.8% (15s mean 10.1%) jobs=4 amber=0 queued=1 lanes=4
2026-09-14T21:31:13 KILL     s28B_split agent=S28B tag=CPU rss=0.42GB reason=stall: ram 93.4% >= 90.0% for 180s with 4 suspended; freeing 0.42GB; sending CTRL_BREAK, grace 25s for a checkpoint
2026-09-14T21:31:13 RESUME   s28B_split agent=S28B tag=CPU
2026-09-14T21:31:13 WARN     signal to s28B_split failed: OSError(22, 'The parameter is incorrect', None, 87, None)
2026-09-14T21:31:38 KILLED   s28B_split terminated
2026-09-14T21:31:38 WARN     s28B_split was a direct job with no spec; its owner must restart it from its checkpoint
2026-09-14T21:31:39 RESUME   s28C_readout_chain4 agent=S28C tag=CPU
2026-09-14T21:31:44 RESUME   s28A_chain_primary_1 agent=S28A tag=CPU
2026-09-14T21:31:49 RESUME   s28B_chain agent=S28B tag=CPU
2026-09-14T21:31:54 SAMPLE   ram=86.1% (14.42GB used, 2.33GB free) cpu=64.2% (15s mean 57.0%) jobs=4 amber=0 queued=2 lanes=4
2026-09-14T21:32:49 LAUNCH   s28B_split2 agent=S28B tag=CPU est_ram=0.45GB cmd=python s27/s28_B_split.py
2026-09-14T21:32:54 SAMPLE   ram=85.6% (14.33GB used, 2.42GB free) cpu=62.6% (15s mean 61.1%) jobs=4 amber=0 queued=1 lanes=4
2026-09-14T21:33:54 SAMPLE   ram=86.9% (14.55GB used, 2.20GB free) cpu=69.9% (15s mean 64.8%) jobs=4 amber=0 queued=1 lanes=4
2026-09-14T21:33:54 LAUNCH   s28B2_train agent=S28B tag=CPU est_ram=0.4GB cmd=python s27/s28_B2_knn.py --train
2026-09-14T21:34:54 SAMPLE   ram=86.7% (14.52GB used, 2.23GB free) cpu=67.6% (15s mean 71.9%) jobs=4 amber=0 queued=0 lanes=4
2026-09-14T21:35:54 SAMPLE   ram=87.0% (14.57GB used, 2.18GB free) cpu=60.3% (15s mean 63.9%) jobs=4 amber=0 queued=0 lanes=4
2026-09-14T21:36:44 REAP     s28B_split2 (pid 38088) is gone; registration removed
2026-09-14T21:36:54 SAMPLE   ram=85.8% (14.37GB used, 2.38GB free) cpu=75.2% (15s mean 65.5%) jobs=4 amber=0 queued=0 lanes=4
2026-09-14T21:37:54 SAMPLE   ram=85.7% (14.36GB used, 2.39GB free) cpu=71.7% (15s mean 64.8%) jobs=4 amber=0 queued=0 lanes=4
2026-09-14T21:38:54 SAMPLE   ram=85.9% (14.39GB used, 2.36GB free) cpu=56.0% (15s mean 60.5%) jobs=4 amber=0 queued=0 lanes=4
2026-09-14T21:39:54 SAMPLE   ram=85.6% (14.33GB used, 2.42GB free) cpu=65.0% (15s mean 59.5%) jobs=4 amber=0 queued=0 lanes=4
2026-09-14T21:40:54 SAMPLE   ram=85.5% (14.32GB used, 2.43GB free) cpu=55.8% (15s mean 55.9%) jobs=4 amber=0 queued=0 lanes=4
2026-09-14T21:41:54 SAMPLE   ram=85.3% (14.29GB used, 2.45GB free) cpu=56.4% (15s mean 59.6%) jobs=4 amber=0 queued=0 lanes=4
2026-09-14T21:42:54 SAMPLE   ram=85.1% (14.25GB used, 2.50GB free) cpu=65.7% (15s mean 58.8%) jobs=4 amber=0 queued=0 lanes=4
2026-09-14T21:43:54 SAMPLE   ram=85.3% (14.29GB used, 2.46GB free) cpu=53.3% (15s mean 54.8%) jobs=4 amber=0 queued=0 lanes=4
2026-09-14T21:44:54 SAMPLE   ram=85.7% (14.35GB used, 2.40GB free) cpu=79.7% (15s mean 84.0%) jobs=4 amber=0 queued=0 lanes=4
2026-09-14T21:45:54 SAMPLE   ram=86.1% (14.42GB used, 2.33GB free) cpu=80.6% (15s mean 79.5%) jobs=4 amber=0 queued=0 lanes=4
2026-09-14T21:46:54 SAMPLE   ram=84.0% (14.07GB used, 2.68GB free) cpu=55.5% (15s mean 48.9%) jobs=3 amber=0 queued=0 lanes=4
2026-09-14T21:47:44 LAUNCH   s28B2_share agent=S28B tag=CPU est_ram=0.4GB cmd=python s27/s28_B2_knn.py --share
2026-09-14T21:47:54 SAMPLE   ram=85.9% (14.39GB used, 2.36GB free) cpu=93.9% (15s mean 71.3%) jobs=4 amber=0 queued=0 lanes=4
2026-09-14T21:48:04 SUSPEND  s28B2_share agent=S28B tag=CPU rss=0.33GB
2026-09-14T21:48:24 RESUME   s28B2_share agent=S28B tag=CPU
2026-09-14T21:48:39 SUSPEND  s28B2_share agent=S28B tag=CPU rss=0.33GB
2026-09-14T21:48:54 SAMPLE   ram=85.7% (14.36GB used, 2.39GB free) cpu=54.0% (15s mean 49.5%) jobs=4 amber=0 queued=0 lanes=4
2026-09-14T21:48:59 RESUME   s28B2_share agent=S28B tag=CPU
2026-09-14T21:49:29 SUSPEND  s28B2_share agent=S28B tag=CPU rss=0.33GB
2026-09-14T21:49:49 RESUME   s28B2_share agent=S28B tag=CPU
2026-09-14T21:49:54 SAMPLE   ram=85.8% (14.38GB used, 2.37GB free) cpu=95.3% (15s mean 68.8%) jobs=4 amber=0 queued=1 lanes=4
2026-09-14T21:50:09 SUSPEND  s28B2_share agent=S28B tag=CPU rss=0.33GB
2026-09-14T21:50:29 RESUME   s28B2_share agent=S28B tag=CPU
2026-09-14T21:50:54 SAMPLE   ram=85.9% (14.38GB used, 2.37GB free) cpu=87.4% (15s mean 86.0%) jobs=4 amber=0 queued=1 lanes=4
2026-09-14T21:51:54 SAMPLE   ram=85.9% (14.40GB used, 2.35GB free) cpu=88.7% (15s mean 85.9%) jobs=4 amber=0 queued=1 lanes=4
2026-09-14T21:52:54 SAMPLE   ram=84.8% (14.20GB used, 2.55GB free) cpu=93.0% (15s mean 87.0%) jobs=4 amber=0 queued=1 lanes=4
2026-09-14T21:53:54 SAMPLE   ram=84.5% (14.16GB used, 2.59GB free) cpu=92.9% (15s mean 89.2%) jobs=4 amber=0 queued=1 lanes=4
2026-09-14T21:54:29 SUSPEND  s28B2_share agent=S28B tag=CPU rss=0.33GB
2026-09-14T21:54:34 SUSPEND  s28B_chain agent=S28B tag=CPU rss=0.16GB
2026-09-14T21:54:49 RESUME   s28B2_share agent=S28B tag=CPU
2026-09-14T21:54:54 SAMPLE   ram=87.4% (14.64GB used, 2.11GB free) cpu=92.8% (15s mean 74.4%) jobs=4 amber=0 queued=1 lanes=4
2026-09-14T21:54:54 RESUME   s28B_chain agent=S28B tag=CPU
2026-09-14T21:55:04 SUSPEND  s28B2_share agent=S28B tag=CPU rss=0.33GB
2026-09-14T21:55:09 SUSPEND  s28B_chain agent=S28B tag=CPU rss=0.16GB
2026-09-14T21:55:24 RESUME   s28B2_share agent=S28B tag=CPU
2026-09-14T21:55:29 RESUME   s28B_chain agent=S28B tag=CPU
2026-09-14T21:55:39 SUSPEND  s28B2_share agent=S28B tag=CPU rss=0.33GB
2026-09-14T21:55:54 SAMPLE   ram=88.2% (14.77GB used, 1.98GB free) cpu=86.3% (15s mean 76.4%) jobs=4 amber=0 queued=1 lanes=4
2026-09-14T21:56:19 RESUME   s28B2_share agent=S28B tag=CPU
2026-09-14T21:56:34 SUSPEND  s28B2_share agent=S28B tag=CPU rss=0.33GB
2026-09-14T21:56:39 SUSPEND  s28B_chain agent=S28B tag=CPU rss=0.16GB
2026-09-14T21:56:54 SAMPLE   ram=87.8% (14.71GB used, 2.04GB free) cpu=76.3% (15s mean 61.6%) jobs=4 amber=0 queued=1 lanes=4
2026-09-14T21:56:54 RESUME   s28B2_share agent=S28B tag=CPU
2026-09-14T21:56:59 RESUME   s28B_chain agent=S28B tag=CPU
2026-09-14T21:57:54 SAMPLE   ram=82.1% (13.74GB used, 3.01GB free) cpu=68.9% (15s mean 58.0%) jobs=3 amber=0 queued=1 lanes=4
2026-09-14T21:58:29 LAUNCH   s28B2_rank1 agent=S28B tag=CPU est_ram=0.4GB cmd=python s27/s28_B2_rank1.py
2026-09-14T21:58:54 SAMPLE   ram=83.3% (13.95GB used, 2.80GB free) cpu=94.5% (15s mean 94.3%) jobs=4 amber=0 queued=0 lanes=4
2026-09-14T21:58:55 SUSPEND  s28B2_rank1 agent=S28B tag=CPU rss=0.33GB
2026-09-14T21:59:14 RESUME   s28B2_rank1 agent=S28B tag=CPU
2026-09-14T21:59:44 SUSPEND  s28B2_rank1 agent=S28B tag=CPU rss=0.33GB
2026-09-14T21:59:54 SAMPLE   ram=84.2% (14.11GB used, 2.64GB free) cpu=46.4% (15s mean 61.3%) jobs=4 amber=0 queued=0 lanes=4
2026-09-14T22:00:04 RESUME   s28B2_rank1 agent=S28B tag=CPU
2026-09-14T22:00:20 SUSPEND  s28B2_rank1 agent=S28B tag=CPU rss=0.33GB
2026-09-14T22:00:39 RESUME   s28B2_rank1 agent=S28B tag=CPU
2026-09-14T22:00:55 SAMPLE   ram=85.2% (14.27GB used, 2.48GB free) cpu=100.0% (15s mean 95.9%) jobs=3 amber=0 queued=0 lanes=4
2026-09-14T22:00:55 SUSPEND  s28B2_rank1 agent=S28B tag=CPU rss=0.32GB
2026-09-14T22:00:59 SUSPEND  s28B_chain agent=S28B tag=CPU rss=0.12GB
2026-09-14T22:01:14 RESUME   s28B2_rank1 agent=S28B tag=CPU
2026-09-14T22:01:20 RESUME   s28B_chain agent=S28B tag=CPU
2026-09-14T22:01:35 SUSPEND  s28A2_chain agent=S28A tag=CPU rss=0.30GB
2026-09-14T22:01:40 SUSPEND  s28B2_rank1 agent=S28B tag=CPU rss=0.32GB
2026-09-14T22:01:54 SAMPLE   ram=87.8% (14.70GB used, 2.05GB free) cpu=46.3% (15s mean 53.8%) jobs=4 amber=0 queued=0 lanes=4
2026-09-14T22:01:55 RESUME   s28A2_chain agent=S28A tag=CPU
2026-09-14T22:02:00 RESUME   s28B2_rank1 agent=S28B tag=CPU
2026-09-14T22:02:25 SUSPEND  s28A2_chain agent=S28A tag=CPU rss=0.30GB
2026-09-14T22:02:55 SAMPLE   ram=82.6% (13.84GB used, 2.91GB free) cpu=94.6% (15s mean 84.2%) jobs=4 amber=0 queued=0 lanes=4
2026-09-14T22:03:25 RESUME   s28A2_chain agent=S28A tag=CPU
2026-09-14T22:03:40 SUSPEND  s28A2_chain agent=S28A tag=CPU rss=0.30GB
2026-09-14T22:03:45 SUSPEND  s28B2_rank1 agent=S28B tag=CPU rss=0.33GB
2026-09-14T22:03:54 SAMPLE   ram=83.4% (13.97GB used, 2.78GB free) cpu=33.1% (15s mean 56.9%) jobs=4 amber=0 queued=0 lanes=4
2026-09-14T22:04:00 RESUME   s28A2_chain agent=S28A tag=CPU
2026-09-14T22:04:05 RESUME   s28B2_rank1 agent=S28B tag=CPU
2026-09-14T22:04:50 REAP     s28B2_rank1 (pid 5704) is gone; registration removed
2026-09-14T22:04:55 SAMPLE   ram=81.1% (13.58GB used, 3.17GB free) cpu=72.5% (15s mean 84.6%) jobs=3 amber=0 queued=0 lanes=4
2026-09-14T22:05:25 REAP     s28A_objdiag (pid 8428) is gone; registration removed
2026-09-14T22:05:55 SAMPLE   ram=81.3% (13.61GB used, 3.14GB free) cpu=55.5% (15s mean 60.1%) jobs=3 amber=0 queued=0 lanes=4
2026-09-14T22:06:55 SAMPLE   ram=82.1% (13.76GB used, 2.99GB free) cpu=71.4% (15s mean 74.9%) jobs=3 amber=0 queued=0 lanes=4
2026-09-14T22:07:55 SAMPLE   ram=82.1% (13.76GB used, 2.99GB free) cpu=45.6% (15s mean 59.4%) jobs=3 amber=0 queued=0 lanes=4
2026-09-14T22:08:55 SAMPLE   ram=81.9% (13.71GB used, 3.04GB free) cpu=47.1% (15s mean 57.1%) jobs=3 amber=0 queued=0 lanes=4
2026-09-14T22:09:55 SAMPLE   ram=82.8% (13.87GB used, 2.88GB free) cpu=56.1% (15s mean 61.1%) jobs=3 amber=0 queued=0 lanes=4
2026-09-14T22:10:55 SAMPLE   ram=82.8% (13.87GB used, 2.88GB free) cpu=51.2% (15s mean 57.8%) jobs=3 amber=0 queued=0 lanes=4
2026-09-14T22:11:55 SAMPLE   ram=82.7% (13.86GB used, 2.89GB free) cpu=48.9% (15s mean 53.8%) jobs=3 amber=0 queued=0 lanes=4
2026-09-14T22:12:55 SAMPLE   ram=81.6% (13.66GB used, 3.09GB free) cpu=44.4% (15s mean 57.3%) jobs=3 amber=0 queued=0 lanes=4
2026-09-14T22:13:55 SAMPLE   ram=81.6% (13.66GB used, 3.09GB free) cpu=60.8% (15s mean 56.9%) jobs=3 amber=0 queued=0 lanes=4
2026-09-14T22:14:55 SAMPLE   ram=81.9% (13.72GB used, 3.03GB free) cpu=41.1% (15s mean 50.5%) jobs=3 amber=0 queued=0 lanes=4
2026-09-14T22:15:05 REAP     s28C_readout_chain4 (pid 39320) is gone; registration removed
2026-09-14T22:15:55 SAMPLE   ram=81.1% (13.58GB used, 3.17GB free) cpu=32.8% (15s mean 52.1%) jobs=2 amber=0 queued=0 lanes=4
2026-09-14T22:16:55 SAMPLE   ram=80.8% (13.54GB used, 3.21GB free) cpu=33.0% (15s mean 40.4%) jobs=2 amber=0 queued=0 lanes=4
2026-09-14T22:17:55 SAMPLE   ram=81.0% (13.56GB used, 3.19GB free) cpu=53.4% (15s mean 54.0%) jobs=2 amber=0 queued=0 lanes=4
2026-09-14T22:18:55 SAMPLE   ram=81.1% (13.58GB used, 3.17GB free) cpu=59.6% (15s mean 51.0%) jobs=2 amber=0 queued=0 lanes=4
2026-09-14T22:19:55 SAMPLE   ram=81.1% (13.58GB used, 3.17GB free) cpu=40.7% (15s mean 49.6%) jobs=2 amber=0 queued=0 lanes=4
2026-09-14T22:20:55 SAMPLE   ram=81.3% (13.62GB used, 3.13GB free) cpu=55.0% (15s mean 48.2%) jobs=2 amber=0 queued=0 lanes=4
2026-09-14T22:21:55 SAMPLE   ram=79.4% (13.30GB used, 3.45GB free) cpu=33.6% (15s mean 32.6%) jobs=2 amber=0 queued=0 lanes=4
2026-09-14T22:22:55 SAMPLE   ram=78.3% (13.11GB used, 3.64GB free) cpu=33.4% (15s mean 35.9%) jobs=2 amber=0 queued=0 lanes=4
2026-09-14T22:23:55 SAMPLE   ram=79.4% (13.29GB used, 3.46GB free) cpu=43.5% (15s mean 36.3%) jobs=2 amber=0 queued=0 lanes=4
2026-09-14T22:24:55 SAMPLE   ram=78.7% (13.18GB used, 3.58GB free) cpu=39.6% (15s mean 47.3%) jobs=2 amber=0 queued=0 lanes=4
2026-09-14T22:25:55 SAMPLE   ram=79.3% (13.29GB used, 3.46GB free) cpu=32.8% (15s mean 41.8%) jobs=2 amber=0 queued=0 lanes=4
2026-09-14T22:26:55 REAP     s28C2_ca_probe (pid 28356) is gone; registration removed
2026-09-14T22:26:55 SAMPLE   ram=79.3% (13.29GB used, 3.46GB free) cpu=50.8% (15s mean 40.2%) jobs=2 amber=0 queued=0 lanes=4
2026-09-14T22:27:55 SAMPLE   ram=80.5% (13.48GB used, 3.27GB free) cpu=48.6% (15s mean 46.6%) jobs=3 amber=0 queued=0 lanes=4
2026-09-14T22:28:55 SAMPLE   ram=78.9% (13.21GB used, 3.54GB free) cpu=50.7% (15s mean 53.2%) jobs=3 amber=0 queued=0 lanes=4
2026-09-14T22:29:55 SAMPLE   ram=81.7% (13.68GB used, 3.07GB free) cpu=58.6% (15s mean 50.8%) jobs=3 amber=0 queued=0 lanes=4
2026-09-14T22:30:05 REAP     s28D_pytest_lanes_v3 (pid 23660) is gone; registration removed
2026-09-14T22:30:55 SAMPLE   ram=78.4% (13.13GB used, 3.62GB free) cpu=33.3% (15s mean 35.3%) jobs=2 amber=0 queued=0 lanes=4
2026-09-14T22:31:55 SAMPLE   ram=80.3% (13.46GB used, 3.29GB free) cpu=65.6% (15s mean 50.8%) jobs=2 amber=0 queued=0 lanes=4
2026-09-14T22:32:55 SAMPLE   ram=77.9% (13.04GB used, 3.70GB free) cpu=61.3% (15s mean 51.0%) jobs=2 amber=0 queued=0 lanes=4
2026-09-14T22:33:55 SAMPLE   ram=81.0% (13.56GB used, 3.19GB free) cpu=69.0% (15s mean 72.9%) jobs=4 amber=0 queued=0 lanes=4
2026-09-14T22:34:55 SAMPLE   ram=80.5% (13.49GB used, 3.26GB free) cpu=55.0% (15s mean 59.9%) jobs=4 amber=0 queued=0 lanes=4
2026-09-14T22:35:55 REAP     s28C2_ca_seed2 (pid 27660) is gone; registration removed
2026-09-14T22:35:55 SAMPLE   ram=79.7% (13.36GB used, 3.39GB free) cpu=49.8% (15s mean 59.3%) jobs=3 amber=0 queued=0 lanes=4
2026-09-14T22:36:55 SAMPLE   ram=79.6% (13.33GB used, 3.42GB free) cpu=48.2% (15s mean 51.2%) jobs=3 amber=0 queued=0 lanes=4
2026-09-14T22:37:55 SAMPLE   ram=78.4% (13.13GB used, 3.62GB free) cpu=42.9% (15s mean 47.8%) jobs=3 amber=0 queued=0 lanes=4
2026-09-14T22:38:55 SAMPLE   ram=89.3% (14.96GB used, 1.79GB free) cpu=79.0% (15s mean 84.4%) jobs=3 amber=0 queued=0 lanes=4
2026-09-14T22:39:55 SAMPLE   ram=83.7% (14.02GB used, 2.73GB free) cpu=61.1% (15s mean 61.3%) jobs=3 amber=0 queued=0 lanes=4
2026-09-14T22:40:55 SAMPLE   ram=84.9% (14.21GB used, 2.54GB free) cpu=71.4% (15s mean 67.5%) jobs=4 amber=0 queued=0 lanes=4
2026-09-14T22:41:55 SAMPLE   ram=84.1% (14.09GB used, 2.66GB free) cpu=64.6% (15s mean 63.5%) jobs=4 amber=0 queued=0 lanes=4
2026-09-14T22:42:55 SAMPLE   ram=84.8% (14.20GB used, 2.55GB free) cpu=72.7% (15s mean 74.2%) jobs=4 amber=0 queued=0 lanes=4
2026-09-14T22:43:55 SAMPLE   ram=86.5% (14.49GB used, 2.26GB free) cpu=67.2% (15s mean 79.6%) jobs=4 amber=0 queued=0 lanes=4
2026-09-14T22:44:55 SAMPLE   ram=87.9% (14.72GB used, 2.03GB free) cpu=71.3% (15s mean 69.5%) jobs=4 amber=0 queued=0 lanes=4
2026-09-14T22:45:30 SUSPEND  s28C2_ca_seed2_v2 agent=S28C tag=CPU rss=0.26GB
2026-09-14T22:45:35 SUSPEND  s28C2_chain2 agent=S28C tag=CPU rss=0.30GB
2026-09-14T22:45:40 SUSPEND  s28A2_chain agent=S28A tag=CPU rss=0.10GB
2026-09-14T22:45:55 SAMPLE   ram=87.7% (14.69GB used, 2.06GB free) cpu=61.9% (15s mean 73.7%) jobs=4 amber=0 queued=0 lanes=4
2026-09-14T22:45:55 RESUME   s28C2_chain2 agent=S28C tag=CPU
2026-09-14T22:46:00 RESUME   s28A2_chain agent=S28A tag=CPU
2026-09-14T22:46:05 RESUME   s28C2_ca_seed2_v2 agent=S28C tag=CPU
2026-09-14T22:46:55 SAMPLE   ram=88.3% (14.79GB used, 1.96GB free) cpu=84.1% (15s mean 72.0%) jobs=4 amber=0 queued=0 lanes=4
2026-09-14T22:47:55 SAMPLE   ram=90.4% (15.14GB used, 1.61GB free) cpu=79.2% (15s mean 84.9%) jobs=3 amber=0 queued=0 lanes=4
2026-09-14T22:48:55 SAMPLE   ram=88.6% (14.84GB used, 1.91GB free) cpu=66.9% (15s mean 66.2%) jobs=3 amber=0 queued=0 lanes=4
2026-09-14T22:49:55 SAMPLE   ram=88.4% (14.81GB used, 1.94GB free) cpu=48.4% (15s mean 63.9%) jobs=3 amber=0 queued=0 lanes=4
2026-09-14T22:50:55 SAMPLE   ram=88.7% (14.85GB used, 1.90GB free) cpu=51.8% (15s mean 51.9%) jobs=3 amber=0 queued=0 lanes=4
2026-09-14T22:51:55 SAMPLE   ram=88.1% (14.76GB used, 1.99GB free) cpu=56.9% (15s mean 61.3%) jobs=3 amber=0 queued=0 lanes=4
2026-09-14T22:52:55 SAMPLE   ram=87.5% (14.66GB used, 2.09GB free) cpu=62.7% (15s mean 66.7%) jobs=3 amber=0 queued=0 lanes=4
2026-09-14T22:53:55 SAMPLE   ram=88.4% (14.80GB used, 1.95GB free) cpu=49.9% (15s mean 57.5%) jobs=3 amber=0 queued=0 lanes=4
2026-09-14T22:54:55 SAMPLE   ram=89.0% (14.90GB used, 1.85GB free) cpu=57.6% (15s mean 54.9%) jobs=3 amber=0 queued=0 lanes=4
2026-09-14T22:55:55 SAMPLE   ram=88.9% (14.89GB used, 1.86GB free) cpu=56.2% (15s mean 56.8%) jobs=3 amber=0 queued=0 lanes=4
2026-09-14T22:56:55 SAMPLE   ram=88.7% (14.86GB used, 1.89GB free) cpu=59.2% (15s mean 52.3%) jobs=3 amber=0 queued=0 lanes=4
2026-09-14T22:57:55 SAMPLE   ram=89.4% (14.97GB used, 1.77GB free) cpu=57.6% (15s mean 59.4%) jobs=3 amber=0 queued=0 lanes=4
2026-09-14T22:58:55 SAMPLE   ram=88.8% (14.87GB used, 1.88GB free) cpu=62.9% (15s mean 56.1%) jobs=3 amber=0 queued=0 lanes=4
2026-09-14T22:59:55 SAMPLE   ram=88.9% (14.89GB used, 1.86GB free) cpu=59.0% (15s mean 59.0%) jobs=3 amber=0 queued=0 lanes=4
2026-09-14T23:00:55 SAMPLE   ram=89.7% (15.03GB used, 1.72GB free) cpu=71.4% (15s mean 67.9%) jobs=3 amber=0 queued=0 lanes=4
2026-09-14T23:01:55 SAMPLE   ram=90.7% (15.19GB used, 1.56GB free) cpu=62.9% (15s mean 68.0%) jobs=3 amber=0 queued=0 lanes=4
2026-09-14T23:02:55 SAMPLE   ram=88.7% (14.86GB used, 1.89GB free) cpu=68.6% (15s mean 54.0%) jobs=3 amber=0 queued=0 lanes=4
2026-09-14T23:03:55 SAMPLE   ram=88.9% (14.89GB used, 1.86GB free) cpu=49.9% (15s mean 54.6%) jobs=3 amber=0 queued=0 lanes=4
2026-09-14T23:04:55 SAMPLE   ram=89.2% (14.95GB used, 1.80GB free) cpu=65.1% (15s mean 57.0%) jobs=3 amber=0 queued=0 lanes=4
2026-09-14T23:05:55 SAMPLE   ram=88.6% (14.84GB used, 1.91GB free) cpu=52.3% (15s mean 53.0%) jobs=3 amber=0 queued=0 lanes=4
2026-09-14T23:06:55 SAMPLE   ram=88.5% (14.83GB used, 1.92GB free) cpu=57.6% (15s mean 53.1%) jobs=3 amber=0 queued=0 lanes=4
2026-09-14T23:07:55 SAMPLE   ram=89.4% (14.97GB used, 1.78GB free) cpu=60.7% (15s mean 59.0%) jobs=3 amber=0 queued=0 lanes=4
2026-09-14T23:08:55 SAMPLE   ram=89.3% (14.96GB used, 1.79GB free) cpu=53.5% (15s mean 54.5%) jobs=3 amber=0 queued=0 lanes=4
2026-09-14T23:09:55 SAMPLE   ram=89.4% (14.98GB used, 1.77GB free) cpu=49.8% (15s mean 47.9%) jobs=3 amber=0 queued=0 lanes=4
2026-09-14T23:10:55 SAMPLE   ram=89.8% (15.04GB used, 1.71GB free) cpu=49.5% (15s mean 53.4%) jobs=3 amber=0 queued=0 lanes=4
2026-09-14T23:11:55 SAMPLE   ram=88.6% (14.84GB used, 1.91GB free) cpu=48.2% (15s mean 47.2%) jobs=3 amber=0 queued=0 lanes=4
2026-09-14T23:12:55 SAMPLE   ram=85.6% (14.33GB used, 2.42GB free) cpu=48.8% (15s mean 56.3%) jobs=3 amber=0 queued=0 lanes=4
2026-09-14T23:13:55 SAMPLE   ram=83.2% (13.93GB used, 2.82GB free) cpu=46.0% (15s mean 46.4%) jobs=3 amber=0 queued=0 lanes=4
2026-09-14T23:14:55 SAMPLE   ram=82.7% (13.85GB used, 2.90GB free) cpu=47.1% (15s mean 51.5%) jobs=3 amber=0 queued=0 lanes=4
2026-09-14T23:15:55 SAMPLE   ram=85.1% (14.25GB used, 2.50GB free) cpu=64.3% (15s mean 60.4%) jobs=3 amber=0 queued=0 lanes=4
2026-09-14T23:16:55 SAMPLE   ram=85.1% (14.25GB used, 2.50GB free) cpu=60.7% (15s mean 62.6%) jobs=3 amber=0 queued=0 lanes=4
2026-09-14T23:17:45 SUSPEND  s28C2_chain2 agent=S28C tag=CPU rss=0.12GB
2026-09-14T23:17:55 SAMPLE   ram=85.6% (14.34GB used, 2.41GB free) cpu=54.8% (15s mean 53.5%) jobs=3 amber=0 queued=0 lanes=4
2026-09-14T23:18:05 RESUME   s28C2_chain2 agent=S28C tag=CPU
2026-09-14T23:18:55 SAMPLE   ram=87.0% (14.57GB used, 2.18GB free) cpu=69.3% (15s mean 66.4%) jobs=3 amber=0 queued=0 lanes=4
2026-09-14T23:19:55 SAMPLE   ram=87.1% (14.60GB used, 2.15GB free) cpu=64.5% (15s mean 68.0%) jobs=3 amber=0 queued=0 lanes=4
2026-09-14T23:20:55 SAMPLE   ram=88.0% (14.73GB used, 2.02GB free) cpu=52.9% (15s mean 58.2%) jobs=3 amber=0 queued=0 lanes=4
2026-09-14T23:21:55 SAMPLE   ram=85.9% (14.39GB used, 2.36GB free) cpu=57.4% (15s mean 55.7%) jobs=3 amber=0 queued=0 lanes=4
2026-09-14T23:22:55 SAMPLE   ram=85.3% (14.29GB used, 2.46GB free) cpu=51.6% (15s mean 61.0%) jobs=3 amber=0 queued=0 lanes=4
2026-09-14T23:23:55 SAMPLE   ram=85.8% (14.37GB used, 2.38GB free) cpu=59.3% (15s mean 57.6%) jobs=3 amber=0 queued=0 lanes=4
2026-09-14T23:24:55 SAMPLE   ram=86.1% (14.42GB used, 2.33GB free) cpu=61.5% (15s mean 60.1%) jobs=3 amber=0 queued=0 lanes=4
2026-09-14T23:25:55 SAMPLE   ram=85.9% (14.39GB used, 2.36GB free) cpu=64.8% (15s mean 56.3%) jobs=3 amber=0 queued=0 lanes=4
2026-09-14T23:26:55 SAMPLE   ram=86.5% (14.49GB used, 2.26GB free) cpu=63.9% (15s mean 71.0%) jobs=3 amber=0 queued=0 lanes=4
2026-09-14T23:27:55 SAMPLE   ram=88.0% (14.74GB used, 2.01GB free) cpu=72.6% (15s mean 66.2%) jobs=3 amber=0 queued=0 lanes=4
2026-09-14T23:28:55 SAMPLE   ram=89.1% (14.93GB used, 1.82GB free) cpu=75.8% (15s mean 80.7%) jobs=3 amber=0 queued=0 lanes=4
2026-09-14T23:29:20 SUSPEND  s28C2_chain2 agent=S28C tag=CPU rss=0.11GB
2026-09-14T23:29:40 RESUME   s28C2_chain2 agent=S28C tag=CPU
2026-09-14T23:29:55 SAMPLE   ram=89.5% (14.99GB used, 1.76GB free) cpu=84.1% (15s mean 82.6%) jobs=3 amber=0 queued=0 lanes=4
2026-09-14T23:30:55 SAMPLE   ram=88.5% (14.82GB used, 1.93GB free) cpu=81.7% (15s mean 67.1%) jobs=3 amber=0 queued=0 lanes=4
2026-09-14T23:31:55 SAMPLE   ram=87.8% (14.70GB used, 2.05GB free) cpu=57.5% (15s mean 59.8%) jobs=3 amber=0 queued=0 lanes=4
2026-09-14T23:32:55 SAMPLE   ram=87.5% (14.66GB used, 2.09GB free) cpu=52.8% (15s mean 45.5%) jobs=3 amber=0 queued=0 lanes=4
2026-09-14T23:33:55 SAMPLE   ram=89.0% (14.90GB used, 1.85GB free) cpu=60.6% (15s mean 55.9%) jobs=3 amber=0 queued=0 lanes=4
2026-09-19T20:07:17 START    governor v2 pid 12612 ceiling=93.0% hard(ram)=95.0%/15s cpu_resume=80.0% cpu_window=3 min_suspend=20s low=88.0%/60s sample=5s max_amber=2
2026-09-19T20:07:17 SAMPLE   ram=89.7% (15.03GB used, 1.72GB free) cpu=37.5% (15s mean 37.5%) jobs=0 amber=0 queued=0 lanes=4
2026-09-19T20:07:48 SUSPEND  s28A2_chain_r2 agent=S28A tag=CPU rss=0.31GB
2026-09-19T20:07:53 SUSPEND  s28C2_chain3 agent=S28C tag=CPU rss=0.30GB
2026-09-19T20:07:57 SUSPEND  s28B_chain_r2 agent=S28B tag=CPU rss=0.38GB
2026-09-19T20:08:17 SAMPLE   ram=93.5% (15.65GB used, 1.09GB free) cpu=10.0% (15s mean 16.2%) jobs=3 amber=0 queued=0 lanes=4
2026-09-19T20:08:33 RESUME   s28B_chain_r2 agent=S28B tag=CPU
2026-09-19T20:08:38 RESUME   s28C2_chain3 agent=S28C tag=CPU
2026-09-19T20:08:53 RESUME   s28A2_chain_r2 agent=S28A tag=CPU
2026-09-19T20:09:18 SAMPLE   ram=90.6% (15.17GB used, 1.58GB free) cpu=76.9% (15s mean 68.8%) jobs=3 amber=0 queued=0 lanes=4
2026-09-19T20:09:28 SUSPEND  s28C2_chain3 agent=S28C tag=CPU rss=0.30GB
2026-09-19T20:09:33 SUSPEND  s28A2_chain_r2 agent=S28A tag=CPU rss=0.31GB
2026-09-19T20:09:38 SUSPEND  s28B_chain_r2 agent=S28B tag=CPU rss=0.38GB
2026-09-19T20:10:18 SAMPLE   ram=95.0% (15.91GB used, 0.83GB free) cpu=28.0% (15s mean 24.2%) jobs=3 amber=0 queued=0 lanes=4
2026-09-19T20:10:48 KILL     s28C2_chain3 agent=S28C tag=CPU rss=0.30GB reason=ram 97.3% > 95.0% for 15s; sending CTRL_BREAK, grace 25s for a checkpoint
2026-09-19T20:10:48 RESUME   s28C2_chain3 agent=S28C tag=CPU
2026-09-19T20:10:48 WARN     signal to s28C2_chain3 failed: OSError(22, 'The parameter is incorrect', None, 87, None)
2026-09-19T20:11:13 KILLED   s28C2_chain3 terminated
2026-09-19T20:11:13 WARN     s28C2_chain3 was a direct job with no spec; its owner must restart it from its checkpoint
2026-09-19T20:11:18 SAMPLE   ram=93.7% (15.70GB used, 1.05GB free) cpu=33.7% (15s mean 42.6%) jobs=2 amber=0 queued=0 lanes=4
2026-09-19T20:11:33 SUSPEND  s28D_pytest_lanes_v4 agent=S28D tag=TEST rss=0.27GB
2026-09-19T20:12:18 SAMPLE   ram=95.2% (15.94GB used, 0.81GB free) cpu=31.2% (15s mean 23.3%) jobs=3 amber=0 queued=1 lanes=4
2026-09-19T20:12:33 KILL     s28B_chain_r2 agent=S28B tag=CPU rss=0.38GB reason=stall: ram 94.6% >= 90.0% for 181s with 3 suspended; freeing 0.38GB; sending CTRL_BREAK, grace 25s for a checkpoint
2026-09-19T20:12:33 RESUME   s28B_chain_r2 agent=S28B tag=CPU
2026-09-19T20:12:33 WARN     signal to s28B_chain_r2 failed: OSError(22, 'The parameter is incorrect', None, 87, None)
2026-09-19T20:12:58 KILLED   s28B_chain_r2 terminated
2026-09-19T20:12:58 WARN     s28B_chain_r2 was a direct job with no spec; its owner must restart it from its checkpoint
2026-09-19T20:13:19 SAMPLE   ram=91.9% (15.39GB used, 1.36GB free) cpu=38.9% (15s mean 32.0%) jobs=2 amber=0 queued=2 lanes=4
2026-09-19T20:13:34 RESUME   s28D_pytest_lanes_v4 agent=S28D tag=TEST
2026-09-19T20:13:39 RESUME   s28A2_chain_r2 agent=S28A tag=CPU
2026-09-19T20:13:44 REAP     s28D_pytest_lanes_v4 (pid 17768) is gone; registration removed
2026-09-19T20:13:54 REAP     s28D_reproduce_seed106 (pid 6084) is gone; registration removed
2026-09-19T20:14:19 SAMPLE   ram=88.3% (14.80GB used, 1.95GB free) cpu=83.1% (15s mean 85.6%) jobs=2 amber=0 queued=2 lanes=4
2026-09-19T20:14:44 SUSPEND  s28B_represent_probe agent=S28B tag=CPU rss=0.34GB
2026-09-19T20:15:04 RESUME   s28B_represent_probe agent=S28B tag=CPU
2026-09-19T20:15:19 SAMPLE   ram=87.9% (14.72GB used, 2.03GB free) cpu=77.4% (15s mean 82.6%) jobs=2 amber=0 queued=2 lanes=4
2026-09-19T20:16:09 SUSPEND  s28B_represent_probe agent=S28B tag=CPU rss=0.34GB
2026-09-19T20:16:19 SAMPLE   ram=88.9% (14.88GB used, 1.86GB free) cpu=42.2% (15s mean 67.4%) jobs=2 amber=0 queued=2 lanes=4
2026-09-19T20:16:29 RESUME   s28B_represent_probe agent=S28B tag=CPU
2026-09-19T20:17:14 SUSPEND  s28B_represent_probe agent=S28B tag=CPU rss=0.34GB
2026-09-19T20:17:19 SAMPLE   ram=89.5% (14.99GB used, 1.76GB free) cpu=37.2% (15s mean 75.5%) jobs=2 amber=0 queued=2 lanes=4
2026-09-19T20:17:34 RESUME   s28B_represent_probe agent=S28B tag=CPU
2026-09-19T20:18:04 SUSPEND  s28B_represent_probe agent=S28B tag=CPU rss=0.34GB
2026-09-19T20:18:19 SAMPLE   ram=79.6% (13.33GB used, 3.42GB free) cpu=51.8% (15s mean 41.9%) jobs=2 amber=0 queued=2 lanes=4
2026-09-19T20:18:24 RESUME   s28B_represent_probe agent=S28B tag=CPU
2026-09-19T20:18:39 SUSPEND  s28B_represent_probe agent=S28B tag=CPU rss=0.34GB
2026-09-19T20:18:59 RESUME   s28B_represent_probe agent=S28B tag=CPU
2026-09-19T20:19:19 SAMPLE   ram=80.5% (13.49GB used, 3.26GB free) cpu=92.1% (15s mean 88.6%) jobs=2 amber=0 queued=2 lanes=4
2026-09-19T20:19:34 SUSPEND  s28B_represent_probe agent=S28B tag=CPU rss=0.34GB
2026-09-19T20:19:54 RESUME   s28B_represent_probe agent=S28B tag=CPU
2026-09-19T20:20:09 SUSPEND  s28B_represent_probe agent=S28B tag=CPU rss=0.34GB
2026-09-19T20:20:19 SAMPLE   ram=87.1% (14.58GB used, 2.17GB free) cpu=58.5% (15s mean 77.7%) jobs=2 amber=0 queued=2 lanes=4
2026-09-19T20:20:29 RESUME   s28B_represent_probe agent=S28B tag=CPU
2026-09-19T20:21:19 SAMPLE   ram=87.3% (14.63GB used, 2.12GB free) cpu=85.6% (15s mean 90.8%) jobs=2 amber=0 queued=2 lanes=4
2026-09-19T20:22:19 REAP     s28B_represent_probe (pid 12084) is gone; registration removed
2026-09-19T20:22:19 SAMPLE   ram=86.5% (14.49GB used, 2.26GB free) cpu=38.9% (15s mean 68.7%) jobs=1 amber=0 queued=2 lanes=4
2026-09-19T20:22:24 LAUNCH   s28B_chain_r3 agent=S28B tag=CPU est_ram=0.4GB cmd=python s27/s28_B_hop.py --chain --arms vqe|s0|NONE|J0|R1,vqe|s1|NONE|J0|R1,vqe|s0|REAL|J1|R1,vqe|s1|REAL|J1|R1,vqe|s0|REAL|J0.1|R1,vqe|s0|REAL|J3|R2,vqe|s0|PERM
2026-09-19T20:23:19 SAMPLE   ram=88.4% (14.81GB used, 1.94GB free) cpu=61.9% (15s mean 44.1%) jobs=2 amber=0 queued=1 lanes=4
2026-09-19T20:24:19 SAMPLE   ram=88.9% (14.89GB used, 1.86GB free) cpu=48.6% (15s mean 63.6%) jobs=2 amber=0 queued=1 lanes=4
2026-09-19T20:25:19 SAMPLE   ram=86.9% (14.56GB used, 2.19GB free) cpu=44.5% (15s mean 44.7%) jobs=2 amber=0 queued=1 lanes=4
2026-09-19T20:26:19 SAMPLE   ram=85.2% (14.26GB used, 2.49GB free) cpu=73.8% (15s mean 63.0%) jobs=2 amber=0 queued=1 lanes=4
2026-09-19T20:26:44 LAUNCH   s28C2_chain4 agent=S28C tag=CPU est_ram=0.6GB cmd=python s27/s28_C2_recog_audit.py chain
2026-09-19T20:27:19 SAMPLE   ram=84.1% (14.08GB used, 2.67GB free) cpu=39.2% (15s mean 43.4%) jobs=2 amber=0 queued=0 lanes=4
2026-09-19T20:28:19 SAMPLE   ram=84.4% (14.13GB used, 2.61GB free) cpu=49.6% (15s mean 43.0%) jobs=2 amber=0 queued=0 lanes=4
2026-09-19T20:29:19 SAMPLE   ram=83.6% (14.00GB used, 2.75GB free) cpu=39.1% (15s mean 44.4%) jobs=2 amber=0 queued=0 lanes=4
2026-09-19T20:30:19 SAMPLE   ram=83.4% (13.97GB used, 2.78GB free) cpu=57.2% (15s mean 47.3%) jobs=2 amber=0 queued=0 lanes=4
2026-09-19T20:31:19 SAMPLE   ram=82.2% (13.78GB used, 2.97GB free) cpu=52.3% (15s mean 54.0%) jobs=2 amber=0 queued=0 lanes=4
2026-09-19T20:32:19 SAMPLE   ram=78.6% (13.17GB used, 3.58GB free) cpu=38.7% (15s mean 42.3%) jobs=2 amber=0 queued=0 lanes=4
2026-09-19T20:33:19 SAMPLE   ram=78.5% (13.15GB used, 3.60GB free) cpu=35.5% (15s mean 40.3%) jobs=2 amber=0 queued=0 lanes=4
2026-09-19T20:34:19 SAMPLE   ram=79.0% (13.23GB used, 3.52GB free) cpu=37.0% (15s mean 45.1%) jobs=2 amber=0 queued=0 lanes=4
2026-09-19T20:35:19 SAMPLE   ram=79.2% (13.27GB used, 3.48GB free) cpu=53.0% (15s mean 42.8%) jobs=2 amber=0 queued=0 lanes=4
2026-09-19T20:36:19 SAMPLE   ram=79.0% (13.24GB used, 3.51GB free) cpu=39.0% (15s mean 38.7%) jobs=2 amber=0 queued=0 lanes=4
2026-09-19T20:37:19 SAMPLE   ram=78.9% (13.22GB used, 3.53GB free) cpu=38.1% (15s mean 40.1%) jobs=2 amber=0 queued=0 lanes=4
2026-09-19T20:38:19 SAMPLE   ram=79.5% (13.32GB used, 3.43GB free) cpu=39.4% (15s mean 38.5%) jobs=2 amber=0 queued=0 lanes=4
2026-09-19T20:39:19 SAMPLE   ram=81.0% (13.57GB used, 3.18GB free) cpu=47.4% (15s mean 50.9%) jobs=2 amber=0 queued=0 lanes=4
2026-09-19T20:40:19 SAMPLE   ram=84.6% (14.17GB used, 2.58GB free) cpu=70.8% (15s mean 59.4%) jobs=3 amber=0 queued=0 lanes=4
2026-09-19T20:41:19 SAMPLE   ram=81.5% (13.65GB used, 3.10GB free) cpu=62.4% (15s mean 58.4%) jobs=3 amber=0 queued=0 lanes=4
2026-09-19T20:42:19 SAMPLE   ram=82.5% (13.81GB used, 2.94GB free) cpu=51.2% (15s mean 59.7%) jobs=3 amber=0 queued=0 lanes=4
2026-09-19T20:43:19 SAMPLE   ram=81.8% (13.70GB used, 3.05GB free) cpu=52.1% (15s mean 61.2%) jobs=3 amber=0 queued=0 lanes=4
2026-09-19T20:44:19 SAMPLE   ram=81.4% (13.63GB used, 3.12GB free) cpu=59.9% (15s mean 54.0%) jobs=3 amber=0 queued=0 lanes=4
2026-09-19T20:45:19 SAMPLE   ram=83.5% (13.99GB used, 2.76GB free) cpu=67.4% (15s mean 66.4%) jobs=3 amber=0 queued=0 lanes=4
2026-09-19T20:46:19 SAMPLE   ram=81.4% (13.63GB used, 3.12GB free) cpu=62.4% (15s mean 53.8%) jobs=3 amber=0 queued=0 lanes=4
2026-09-19T20:47:19 SAMPLE   ram=80.5% (13.48GB used, 3.27GB free) cpu=60.4% (15s mean 54.3%) jobs=3 amber=0 queued=0 lanes=4
2026-09-19T20:48:19 SAMPLE   ram=81.9% (13.71GB used, 3.04GB free) cpu=55.4% (15s mean 58.9%) jobs=3 amber=0 queued=0 lanes=4
2026-09-19T20:49:19 SAMPLE   ram=81.2% (13.60GB used, 3.15GB free) cpu=52.9% (15s mean 55.5%) jobs=3 amber=0 queued=0 lanes=4
2026-09-19T20:50:19 SAMPLE   ram=81.1% (13.58GB used, 3.17GB free) cpu=52.8% (15s mean 58.2%) jobs=3 amber=0 queued=0 lanes=4
2026-09-19T20:50:54 REAP     s28A2_prodcheck (pid 9952) is gone; registration removed
2026-09-19T20:51:19 SAMPLE   ram=80.2% (13.44GB used, 3.31GB free) cpu=42.6% (15s mean 43.5%) jobs=2 amber=0 queued=0 lanes=4
2026-09-19T20:52:19 SAMPLE   ram=80.8% (13.54GB used, 3.21GB free) cpu=69.1% (15s mean 56.7%) jobs=1 amber=0 queued=0 lanes=4
2026-09-19T20:53:19 SAMPLE   ram=79.5% (13.32GB used, 3.43GB free) cpu=59.9% (15s mean 56.6%) jobs=2 amber=0 queued=0 lanes=4
2026-09-19T20:54:19 SAMPLE   ram=78.0% (13.07GB used, 3.68GB free) cpu=42.6% (15s mean 51.7%) jobs=2 amber=0 queued=0 lanes=4
2026-09-19T20:55:19 SAMPLE   ram=77.7% (13.02GB used, 3.73GB free) cpu=46.9% (15s mean 48.0%) jobs=2 amber=0 queued=0 lanes=4
2026-09-19T20:56:19 SAMPLE   ram=77.9% (13.04GB used, 3.71GB free) cpu=48.0% (15s mean 49.7%) jobs=2 amber=0 queued=0 lanes=4
2026-09-19T20:57:19 SAMPLE   ram=80.0% (13.39GB used, 3.36GB free) cpu=67.3% (15s mean 58.7%) jobs=2 amber=0 queued=0 lanes=4
2026-09-19T20:58:19 SAMPLE   ram=79.0% (13.23GB used, 3.52GB free) cpu=43.7% (15s mean 51.7%) jobs=2 amber=0 queued=0 lanes=4
2026-09-19T20:59:19 SAMPLE   ram=78.4% (13.13GB used, 3.62GB free) cpu=70.8% (15s mean 58.0%) jobs=2 amber=0 queued=0 lanes=4
2026-09-19T21:00:19 SAMPLE   ram=80.1% (13.41GB used, 3.34GB free) cpu=49.3% (15s mean 47.7%) jobs=2 amber=0 queued=0 lanes=4
2026-09-19T21:01:19 SAMPLE   ram=79.6% (13.33GB used, 3.42GB free) cpu=48.5% (15s mean 43.8%) jobs=2 amber=0 queued=0 lanes=4
2026-09-19T21:02:14 REAP     s28B_prodcheck (pid 26744) is gone; registration removed
2026-09-19T21:02:19 SAMPLE   ram=76.4% (12.80GB used, 3.95GB free) cpu=29.9% (15s mean 33.3%) jobs=1 amber=0 queued=0 lanes=4
2026-09-19T21:03:19 SAMPLE   ram=78.5% (13.15GB used, 3.60GB free) cpu=47.8% (15s mean 56.4%) jobs=1 amber=0 queued=0 lanes=4
2026-09-19T21:04:19 SAMPLE   ram=76.7% (12.86GB used, 3.90GB free) cpu=39.1% (15s mean 29.9%) jobs=1 amber=0 queued=0 lanes=4
2026-09-19T21:05:19 SAMPLE   ram=79.6% (13.32GB used, 3.42GB free) cpu=29.9% (15s mean 37.0%) jobs=1 amber=0 queued=0 lanes=4
2026-09-19T21:06:19 SAMPLE   ram=77.7% (13.01GB used, 3.74GB free) cpu=34.3% (15s mean 27.7%) jobs=1 amber=0 queued=0 lanes=4
2026-09-19T21:07:19 SAMPLE   ram=77.7% (13.01GB used, 3.74GB free) cpu=24.9% (15s mean 29.3%) jobs=1 amber=0 queued=0 lanes=4
2026-09-19T21:08:19 SAMPLE   ram=79.9% (13.39GB used, 3.36GB free) cpu=44.8% (15s mean 35.5%) jobs=1 amber=0 queued=0 lanes=4
2026-09-19T21:09:19 SAMPLE   ram=78.5% (13.15GB used, 3.60GB free) cpu=35.6% (15s mean 38.8%) jobs=1 amber=0 queued=0 lanes=4
2026-09-19T21:10:19 SAMPLE   ram=80.4% (13.47GB used, 3.28GB free) cpu=69.9% (15s mean 47.7%) jobs=2 amber=0 queued=0 lanes=4
2026-09-19T21:11:19 SAMPLE   ram=80.7% (13.51GB used, 3.24GB free) cpu=66.2% (15s mean 66.0%) jobs=2 amber=0 queued=0 lanes=4
2026-09-19T21:12:19 SAMPLE   ram=82.6% (13.83GB used, 2.92GB free) cpu=64.6% (15s mean 66.8%) jobs=2 amber=0 queued=0 lanes=4
2026-09-19T21:12:49 REAP     s28C2_chain4 (pid 18088) is gone; registration removed
2026-09-19T21:13:19 SAMPLE   ram=79.4% (13.30GB used, 3.45GB free) cpu=33.6% (15s mean 37.1%) jobs=1 amber=0 queued=0 lanes=4
2026-09-19T21:14:19 SAMPLE   ram=76.4% (12.79GB used, 3.96GB free) cpu=25.8% (15s mean 24.7%) jobs=1 amber=0 queued=0 lanes=4
2026-09-19T21:15:19 SAMPLE   ram=76.5% (12.81GB used, 3.94GB free) cpu=45.7% (15s mean 34.7%) jobs=1 amber=0 queued=0 lanes=4
2026-09-19T21:16:19 SAMPLE   ram=77.2% (12.93GB used, 3.82GB free) cpu=22.5% (15s mean 23.8%) jobs=1 amber=0 queued=0 lanes=4
2026-09-19T21:17:19 SAMPLE   ram=76.6% (12.83GB used, 3.92GB free) cpu=23.6% (15s mean 23.1%) jobs=1 amber=0 queued=0 lanes=4
2026-09-19T21:18:19 SAMPLE   ram=76.4% (12.80GB used, 3.95GB free) cpu=20.7% (15s mean 26.2%) jobs=1 amber=0 queued=0 lanes=4
2026-09-19T21:19:19 SAMPLE   ram=75.5% (12.64GB used, 4.11GB free) cpu=27.8% (15s mean 26.3%) jobs=1 amber=0 queued=0 lanes=4
2026-09-19T21:20:19 SAMPLE   ram=76.4% (12.79GB used, 3.96GB free) cpu=22.7% (15s mean 26.7%) jobs=1 amber=0 queued=0 lanes=4
2026-09-19T21:21:19 SAMPLE   ram=71.9% (12.04GB used, 4.70GB free) cpu=16.0% (15s mean 18.2%) jobs=0 amber=0 queued=0 lanes=4
2026-09-19T21:22:19 SAMPLE   ram=77.8% (13.04GB used, 3.71GB free) cpu=35.8% (15s mean 31.2%) jobs=1 amber=0 queued=0 lanes=4
2026-09-19T21:23:19 SAMPLE   ram=78.8% (13.20GB used, 3.55GB free) cpu=37.0% (15s mean 38.1%) jobs=2 amber=0 queued=0 lanes=4
2026-09-19T21:24:19 SAMPLE   ram=75.4% (12.63GB used, 4.12GB free) cpu=33.7% (15s mean 34.2%) jobs=1 amber=0 queued=0 lanes=4
2026-09-19T21:24:39 REAP     s28D_pytest_integration_q (pid 15584) is gone; registration removed
2026-09-19T21:25:19 SAMPLE   ram=76.9% (12.88GB used, 3.87GB free) cpu=37.0% (15s mean 33.5%) jobs=2 amber=0 queued=0 lanes=4
2026-09-19T21:30:05 SAMPLE   ram=78.2% (13.09GB used, 3.66GB free) cpu=2.7% (15s mean 27.4%) jobs=2 amber=0 queued=0 lanes=4
2026-09-19T21:30:06 SAMPLE   ram=77.8% (13.04GB used, 3.71GB free) cpu=99.7% (15s mean 46.8%) jobs=2 amber=0 queued=0 lanes=4
2026-09-19T21:30:16 SUSPEND  s28D_pytest_amber_q agent=S28D tag=TEST rss=0.35GB
2026-09-19T21:30:36 RESUME   s28D_pytest_amber_q agent=S28D tag=TEST
2026-09-19T21:31:06 SAMPLE   ram=82.3% (13.78GB used, 2.97GB free) cpu=36.2% (15s mean 35.5%) jobs=2 amber=0 queued=0 lanes=4
2026-09-19T21:32:06 SAMPLE   ram=84.4% (14.13GB used, 2.62GB free) cpu=44.7% (15s mean 46.5%) jobs=2 amber=0 queued=0 lanes=4
2026-09-19T21:33:06 SAMPLE   ram=80.9% (13.55GB used, 3.20GB free) cpu=35.3% (15s mean 27.3%) jobs=2 amber=0 queued=0 lanes=4
2026-09-19T21:34:06 SAMPLE   ram=81.4% (13.63GB used, 3.12GB free) cpu=36.1% (15s mean 36.1%) jobs=2 amber=0 queued=0 lanes=4
2026-09-19T21:35:06 SAMPLE   ram=81.3% (13.62GB used, 3.13GB free) cpu=34.2% (15s mean 35.6%) jobs=2 amber=0 queued=0 lanes=4
2026-09-19T21:36:06 SAMPLE   ram=81.8% (13.71GB used, 3.04GB free) cpu=39.3% (15s mean 36.7%) jobs=2 amber=0 queued=0 lanes=4
2026-09-19T21:36:31 REAP     s28D_pytest_amber_frame_q (pid 23744) is gone; registration removed
2026-09-19T21:37:06 SAMPLE   ram=81.6% (13.67GB used, 3.08GB free) cpu=36.7% (15s mean 37.2%) jobs=2 amber=1 queued=0 lanes=4
2026-09-19T21:38:06 SAMPLE   ram=78.3% (13.11GB used, 3.64GB free) cpu=28.5% (15s mean 30.8%) jobs=1 amber=0 queued=0 lanes=4
2026-09-19T21:38:36 REAP     s28D_pytest_equivalence_slow (pid 36712) is gone; registration removed
2026-09-19T21:39:06 SAMPLE   ram=78.3% (13.11GB used, 3.64GB free) cpu=59.5% (15s mean 45.9%) jobs=1 amber=0 queued=0 lanes=4
2026-09-19T21:39:56 REAP     s28B2_chain (pid 14488) is gone; registration removed
2026-09-19T21:40:06 SAMPLE   ram=77.5% (12.97GB used, 3.77GB free) cpu=28.5% (15s mean 26.7%) jobs=1 amber=0 queued=0 lanes=4
2026-09-19T21:40:56 REAP     s28C2_analyse_chain (pid 23836) is gone; registration removed
2026-09-19T21:41:06 SAMPLE   ram=75.9% (12.71GB used, 4.04GB free) cpu=18.2% (15s mean 19.8%) jobs=0 amber=0 queued=0 lanes=4
2026-09-19T21:42:06 SAMPLE   ram=75.5% (12.65GB used, 4.10GB free) cpu=11.0% (15s mean 16.0%) jobs=0 amber=0 queued=0 lanes=4
2026-09-19T21:43:06 SAMPLE   ram=75.8% (12.69GB used, 4.06GB free) cpu=18.1% (15s mean 14.1%) jobs=0 amber=0 queued=0 lanes=4
2026-09-19T21:44:06 SAMPLE   ram=75.2% (12.59GB used, 4.16GB free) cpu=6.6% (15s mean 7.0%) jobs=0 amber=0 queued=0 lanes=4
2026-09-19T21:45:06 SAMPLE   ram=75.0% (12.57GB used, 4.18GB free) cpu=6.9% (15s mean 9.9%) jobs=0 amber=0 queued=0 lanes=4
2026-09-19T21:46:06 SAMPLE   ram=74.9% (12.54GB used, 4.21GB free) cpu=8.3% (15s mean 7.6%) jobs=0 amber=0 queued=0 lanes=4
2026-09-19T21:47:06 SAMPLE   ram=74.9% (12.55GB used, 4.20GB free) cpu=7.4% (15s mean 7.3%) jobs=0 amber=0 queued=0 lanes=4
2026-09-19T21:48:06 SAMPLE   ram=75.0% (12.56GB used, 4.18GB free) cpu=21.9% (15s mean 16.6%) jobs=0 amber=0 queued=0 lanes=4
2026-09-19T21:49:06 SAMPLE   ram=74.5% (12.48GB used, 4.27GB free) cpu=22.1% (15s mean 16.9%) jobs=0 amber=0 queued=0 lanes=4
2026-09-19T21:50:06 SAMPLE   ram=75.5% (12.65GB used, 4.10GB free) cpu=11.5% (15s mean 15.1%) jobs=0 amber=0 queued=0 lanes=4
2026-09-19T21:51:06 SAMPLE   ram=75.4% (12.63GB used, 4.12GB free) cpu=8.0% (15s mean 9.2%) jobs=0 amber=0 queued=0 lanes=4
2026-09-19T21:52:06 SAMPLE   ram=76.0% (12.73GB used, 4.01GB free) cpu=14.0% (15s mean 16.8%) jobs=0 amber=0 queued=0 lanes=4
2026-09-19T21:53:06 SAMPLE   ram=76.2% (12.76GB used, 3.99GB free) cpu=14.9% (15s mean 12.1%) jobs=0 amber=0 queued=0 lanes=4
2026-09-19T23:35:07 START    governor v2 pid 29564 ceiling=94.0% hard(ram)=95.5%/15s cpu_resume=80.0% cpu_window=3 min_suspend=20s low=91.0%/60s sample=5s max_amber=2
2026-09-19T23:35:07 SAMPLE   ram=59.9% (10.03GB used, 6.72GB free) cpu=0.0% (15s mean 0.0%) jobs=0 amber=0 queued=0 lanes=8
2026-09-19T23:36:07 SAMPLE   ram=60.5% (10.13GB used, 6.62GB free) cpu=18.6% (15s mean 17.3%) jobs=0 amber=0 queued=0 lanes=8
2026-09-19T23:37:07 SAMPLE   ram=61.0% (10.21GB used, 6.54GB free) cpu=11.7% (15s mean 14.8%) jobs=0 amber=0 queued=0 lanes=8
2026-09-19T23:38:07 SAMPLE   ram=61.1% (10.24GB used, 6.51GB free) cpu=13.1% (15s mean 12.8%) jobs=0 amber=0 queued=0 lanes=8
2026-09-19T23:39:07 SAMPLE   ram=61.2% (10.25GB used, 6.50GB free) cpu=11.0% (15s mean 9.1%) jobs=0 amber=0 queued=0 lanes=8
2026-09-19T23:40:07 SAMPLE   ram=60.9% (10.20GB used, 6.55GB free) cpu=14.6% (15s mean 12.1%) jobs=0 amber=0 queued=0 lanes=8
2026-09-19T23:41:07 SAMPLE   ram=61.3% (10.27GB used, 6.48GB free) cpu=8.8% (15s mean 12.5%) jobs=0 amber=0 queued=0 lanes=8
2026-09-19T23:42:07 SAMPLE   ram=61.3% (10.27GB used, 6.48GB free) cpu=10.0% (15s mean 13.6%) jobs=0 amber=0 queued=0 lanes=8
2026-09-19T23:43:07 SAMPLE   ram=61.9% (10.37GB used, 6.38GB free) cpu=13.8% (15s mean 11.2%) jobs=0 amber=0 queued=0 lanes=8
2026-09-19T23:44:07 SAMPLE   ram=60.9% (10.20GB used, 6.55GB free) cpu=7.8% (15s mean 10.6%) jobs=0 amber=0 queued=0 lanes=8
2026-09-19T23:45:07 SAMPLE   ram=61.4% (10.28GB used, 6.47GB free) cpu=17.4% (15s mean 16.3%) jobs=0 amber=0 queued=0 lanes=8
2026-09-19T23:46:07 SAMPLE   ram=62.9% (10.53GB used, 6.22GB free) cpu=17.9% (15s mean 20.0%) jobs=0 amber=0 queued=0 lanes=8
2026-09-19T23:47:07 SAMPLE   ram=63.2% (10.59GB used, 6.16GB free) cpu=19.2% (15s mean 15.6%) jobs=0 amber=0 queued=0 lanes=8
2026-09-19T23:48:07 SAMPLE   ram=61.7% (10.34GB used, 6.41GB free) cpu=11.9% (15s mean 15.2%) jobs=0 amber=0 queued=0 lanes=8
2026-09-19T23:49:07 SAMPLE   ram=61.1% (10.24GB used, 6.51GB free) cpu=18.6% (15s mean 16.8%) jobs=0 amber=0 queued=0 lanes=8
2026-09-19T23:50:07 SAMPLE   ram=60.9% (10.21GB used, 6.54GB free) cpu=15.1% (15s mean 13.2%) jobs=0 amber=0 queued=0 lanes=8
2026-09-19T23:51:07 SAMPLE   ram=62.9% (10.53GB used, 6.22GB free) cpu=20.8% (15s mean 33.4%) jobs=0 amber=0 queued=0 lanes=8
2026-09-19T23:52:02 REAP     s29O_probe2 (pid 23972) is gone; registration removed
2026-09-19T23:52:07 SAMPLE   ram=61.2% (10.25GB used, 6.50GB free) cpu=16.4% (15s mean 19.3%) jobs=0 amber=0 queued=0 lanes=8
2026-09-19T23:53:07 SAMPLE   ram=67.0% (11.22GB used, 5.53GB free) cpu=35.3% (15s mean 33.2%) jobs=2 amber=0 queued=0 lanes=8
2026-09-19T23:54:07 SAMPLE   ram=67.4% (11.29GB used, 5.46GB free) cpu=34.5% (15s mean 35.6%) jobs=2 amber=0 queued=0 lanes=8
2026-09-19T23:55:07 SAMPLE   ram=65.3% (10.93GB used, 5.82GB free) cpu=39.0% (15s mean 36.3%) jobs=2 amber=0 queued=0 lanes=8
2026-09-19T23:56:08 SAMPLE   ram=66.5% (11.13GB used, 5.62GB free) cpu=90.3% (15s mean 77.6%) jobs=2 amber=0 queued=0 lanes=8
2026-09-19T23:57:08 SAMPLE   ram=65.3% (10.94GB used, 5.81GB free) cpu=34.4% (15s mean 40.4%) jobs=2 amber=0 queued=0 lanes=8
2026-09-19T23:57:12 REAP     m_harness_audit (pid 15224) is gone; registration removed
2026-09-19T23:57:27 REAP     s29O_lfo (pid 16268) is gone; registration removed
2026-09-19T23:58:07 SAMPLE   ram=64.9% (10.88GB used, 5.87GB free) cpu=23.0% (15s mean 28.1%) jobs=1 amber=0 queued=0 lanes=8
2026-09-19T23:59:08 SAMPLE   ram=66.2% (11.10GB used, 5.65GB free) cpu=49.1% (15s mean 45.0%) jobs=2 amber=0 queued=0 lanes=8
2026-09-19T23:59:13 REAP     s29X_probe1 (pid 11672) is gone; registration removed
2026-09-20T00:00:08 SAMPLE   ram=66.2% (11.09GB used, 5.66GB free) cpu=61.5% (15s mean 52.7%) jobs=3 amber=0 queued=0 lanes=8
2026-09-20T00:01:07 REAP     m_harness_audit3 (pid 30904) is gone; registration removed
2026-09-20T00:01:08 SAMPLE   ram=65.6% (10.98GB used, 5.76GB free) cpu=55.1% (15s mean 58.7%) jobs=2 amber=0 queued=0 lanes=8
2026-09-20T00:02:08 SAMPLE   ram=67.6% (11.32GB used, 5.43GB free) cpu=51.2% (15s mean 55.3%) jobs=2 amber=0 queued=0 lanes=8
2026-09-20T00:03:08 SAMPLE   ram=67.3% (11.28GB used, 5.47GB free) cpu=63.8% (15s mean 58.2%) jobs=2 amber=0 queued=0 lanes=8
2026-09-20T00:04:08 SAMPLE   ram=64.0% (10.72GB used, 6.03GB free) cpu=38.7% (15s mean 41.8%) jobs=1 amber=0 queued=0 lanes=8
2026-09-20T00:05:08 SAMPLE   ram=65.7% (11.01GB used, 5.74GB free) cpu=46.5% (15s mean 45.3%) jobs=1 amber=0 queued=0 lanes=8
2026-09-20T00:06:08 SAMPLE   ram=65.8% (11.02GB used, 5.73GB free) cpu=42.7% (15s mean 50.9%) jobs=2 amber=0 queued=0 lanes=8
2026-09-20T00:07:08 SAMPLE   ram=66.3% (11.11GB used, 5.64GB free) cpu=40.7% (15s mean 48.5%) jobs=2 amber=0 queued=0 lanes=8
2026-09-20T00:08:08 SAMPLE   ram=67.9% (11.37GB used, 5.38GB free) cpu=61.1% (15s mean 60.1%) jobs=2 amber=0 queued=0 lanes=8
2026-09-20T00:08:48 REAP     m_f1_probe (pid 19120) is gone; registration removed
2026-09-20T00:08:58 REAP     s29P_factors (pid 36836) is gone; registration removed
2026-09-20T00:09:08 SAMPLE   ram=67.3% (11.27GB used, 5.48GB free) cpu=51.2% (15s mean 51.0%) jobs=3 amber=0 queued=0 lanes=8
2026-09-20T00:10:08 SAMPLE   ram=68.8% (11.53GB used, 5.22GB free) cpu=71.4% (15s mean 67.8%) jobs=4 amber=0 queued=0 lanes=8
2026-09-20T00:11:08 SAMPLE   ram=68.9% (11.54GB used, 5.20GB free) cpu=66.5% (15s mean 67.0%) jobs=4 amber=0 queued=0 lanes=8
2026-09-20T00:11:53 SUSPEND  s29P_probe6 agent=S29P tag=CPU rss=0.30GB
2026-09-20T00:11:58 SUSPEND  m_f1_probe2 agent=S29M tag=CPU rss=0.32GB
2026-09-20T00:12:03 SUSPEND  s29X_probe12b agent=S29X tag=CPU rss=0.45GB
2026-09-20T00:12:08 SAMPLE   ram=70.2% (11.75GB used, 5.00GB free) cpu=84.1% (15s mean 94.7%) jobs=4 amber=0 queued=0 lanes=8
2026-09-20T00:12:08 SUSPEND  s29O_chainA agent=S29O tag=CPU rss=0.10GB
2026-09-20T00:12:18 RESUME   m_f1_probe2 agent=S29M tag=CPU
2026-09-20T00:12:28 SUSPEND  s29O_chainBCD_s3 agent=S29O tag=CPU rss=0.10GB
2026-09-20T00:12:33 SUSPEND  s29O_pc1 agent=S29O tag=CPU rss=0.26GB
2026-09-20T00:12:38 SUSPEND  s29O_chainBCD_s0 agent=S29O tag=CPU rss=0.10GB
2026-09-20T00:12:48 RESUME   s29O_chainBCD_s3 agent=S29O tag=CPU
2026-09-20T00:12:53 RESUME   s29O_pc1 agent=S29O tag=CPU
2026-09-20T00:12:58 RESUME   s29O_chainBCD_s0 agent=S29O tag=CPU
2026-09-20T00:13:03 RESUME   s29O_chainA agent=S29O tag=CPU
2026-09-20T00:13:08 SAMPLE   ram=72.7% (12.19GB used, 4.56GB free) cpu=95.1% (15s mean 78.1%) jobs=8 amber=0 queued=0 lanes=8
2026-09-20T00:13:08 RESUME   s29X_probe12b agent=S29X tag=CPU
2026-09-20T00:13:18 SUSPEND  s29O_chainBCD_s3 agent=S29O tag=CPU rss=0.10GB
2026-09-20T00:13:23 REAP     m_f1_probe2 (pid 37204) is gone; registration removed
2026-09-20T00:13:23 SUSPEND  s29O_pc1 agent=S29O tag=CPU rss=0.26GB
2026-09-20T00:13:38 RESUME   s29O_chainBCD_s3 agent=S29O tag=CPU
2026-09-20T00:13:53 SUSPEND  s29D_theory_id_beta agent=S29D tag=CPU rss=0.26GB
2026-09-20T00:14:08 SAMPLE   ram=73.2% (12.26GB used, 4.49GB free) cpu=98.8% (15s mean 90.3%) jobs=9 amber=0 queued=0 lanes=8
2026-09-20T00:14:13 SUSPEND  s29O_chainBCD_s4 agent=S29O tag=CPU rss=0.10GB
2026-09-20T00:14:18 SUSPEND  s29O_chainBCD_s3 agent=S29O tag=CPU rss=0.10GB
2026-09-20T00:14:23 SUSPEND  s29O_chainBCD_s0 agent=S29O tag=CPU rss=0.10GB
2026-09-20T00:14:33 RESUME   s29O_chainBCD_s4 agent=S29O tag=CPU
2026-09-20T00:14:38 RESUME   s29O_chainBCD_s3 agent=S29O tag=CPU
2026-09-20T00:14:43 RESUME   s29O_chainBCD_s0 agent=S29O tag=CPU
2026-09-20T00:15:03 SUSPEND  s29O_chainBCD_s4 agent=S29O tag=CPU rss=0.10GB
2026-09-20T00:15:08 SAMPLE   ram=73.0% (12.22GB used, 4.53GB free) cpu=76.2% (15s mean 89.2%) jobs=9 amber=0 queued=0 lanes=8
2026-09-20T00:15:18 RESUME   s29D_theory_id_beta agent=S29D tag=CPU
2026-09-20T00:15:28 REAP     s29D_theory_id_beta (pid 30704) is gone; registration removed
2026-09-20T00:15:43 RESUME   s29O_chainBCD_s4 agent=S29O tag=CPU
2026-09-20T00:15:48 RESUME   s29O_pc1 agent=S29O tag=CPU
2026-09-20T00:16:03 SUSPEND  s29O_chainBCD_s4 agent=S29O tag=CPU rss=0.10GB
2026-09-20T00:16:08 SAMPLE   ram=71.3% (11.94GB used, 4.82GB free) cpu=90.0% (15s mean 93.8%) jobs=8 amber=0 queued=0 lanes=8
2026-09-20T00:16:48 SUSPEND  s29O_chainBCD_s3 agent=S29O tag=CPU rss=0.10GB
2026-09-20T00:17:08 SAMPLE   ram=71.5% (11.97GB used, 4.78GB free) cpu=92.0% (15s mean 89.9%) jobs=8 amber=0 queued=0 lanes=8
2026-09-20T00:17:23 RESUME   s29O_chainBCD_s3 agent=S29O tag=CPU
2026-09-20T00:17:43 REAP     s29O_pc1 (pid 16108) is gone; registration removed
2026-09-20T00:18:08 SAMPLE   ram=72.7% (12.18GB used, 4.57GB free) cpu=100.0% (15s mean 95.1%) jobs=8 amber=0 queued=0 lanes=8
2026-09-20T00:18:08 SUSPEND  s29D_theory_beta agent=S29D tag=CPU rss=0.30GB
2026-09-20T00:18:38 RESUME   s29D_theory_beta agent=S29D tag=CPU
2026-09-20T00:19:03 REAP     s29D_theory_beta (pid 6368) is gone; registration removed
2026-09-20T00:19:08 SAMPLE   ram=70.4% (11.79GB used, 4.96GB free) cpu=79.5% (15s mean 88.1%) jobs=7 amber=0 queued=0 lanes=8
2026-09-20T00:19:28 REAP     s29B_probe_gs (pid 13112) is gone; registration removed
2026-09-20T00:19:28 SUSPEND  s29O_chainBCD_s3 agent=S29O tag=CPU rss=0.10GB
2026-09-20T00:19:38 RESUME   s29O_chainBCD_s4 agent=S29O tag=CPU
2026-09-20T00:19:43 RESUME   s29P_probe6 agent=S29P tag=CPU
2026-09-20T00:19:58 SUSPEND  m_f1_probe3 agent=S29M tag=CPU rss=0.32GB
2026-09-20T00:20:03 SUSPEND  s29O_chainBCD_s4 agent=S29O tag=CPU rss=0.10GB
2026-09-20T00:20:08 SAMPLE   ram=71.5% (11.97GB used, 4.78GB free) cpu=90.7% (15s mean 96.6%) jobs=8 amber=0 queued=0 lanes=8
2026-09-20T00:20:08 SUSPEND  s29O_chainBCD_s0 agent=S29O tag=CPU rss=0.10GB
2026-09-20T00:20:18 RESUME   m_f1_probe3 agent=S29M tag=CPU
2026-09-20T00:20:23 RESUME   s29O_chainBCD_s4 agent=S29O tag=CPU
2026-09-20T00:21:03 SUSPEND  m_f1_probe3 agent=S29M tag=CPU rss=0.32GB
2026-09-20T00:21:08 SAMPLE   ram=71.3% (11.94GB used, 4.81GB free) cpu=88.7% (15s mean 95.8%) jobs=8 amber=0 queued=0 lanes=8
2026-09-20T00:21:08 SUSPEND  s29O_chainBCD_s4 agent=S29O tag=CPU rss=0.10GB
2026-09-20T00:21:18 RESUME   s29O_chainBCD_s0 agent=S29O tag=CPU
2026-09-20T00:21:23 RESUME   m_f1_probe3 agent=S29M tag=CPU
2026-09-20T00:22:08 SAMPLE   ram=71.4% (11.96GB used, 4.79GB free) cpu=87.2% (15s mean 85.8%) jobs=8 amber=0 queued=0 lanes=8
2026-09-20T00:22:58 SUSPEND  m_f1_probe3 agent=S29M tag=CPU rss=0.32GB
2026-09-20T00:23:03 SUSPEND  s29O_chainBCD_s0 agent=S29O tag=CPU rss=0.10GB
2026-09-20T00:23:08 SAMPLE   ram=73.2% (12.26GB used, 4.49GB free) cpu=88.4% (15s mean 93.1%) jobs=8 amber=0 queued=0 lanes=8
2026-09-20T00:23:38 RESUME   s29O_chainBCD_s0 agent=S29O tag=CPU
2026-09-20T00:23:58 RESUME   m_f1_probe3 agent=S29M tag=CPU
2026-09-20T00:24:03 RESUME   s29O_chainBCD_s4 agent=S29O tag=CPU
2026-09-20T00:24:08 SAMPLE   ram=71.7% (12.00GB used, 4.75GB free) cpu=99.0% (15s mean 86.9%) jobs=8 amber=0 queued=0 lanes=8
2026-09-20T00:24:13 SUSPEND  m_f1_probe3 agent=S29M tag=CPU rss=0.32GB
2026-09-20T00:24:18 SUSPEND  s29O_chainBCD_s4 agent=S29O tag=CPU rss=0.10GB
2026-09-20T00:24:23 SUSPEND  s29O_chainBCD_s0 agent=S29O tag=CPU rss=0.10GB
2026-09-20T00:24:33 RESUME   m_f1_probe3 agent=S29M tag=CPU
2026-09-20T00:24:38 RESUME   s29O_chainBCD_s4 agent=S29O tag=CPU
2026-09-20T00:25:08 SAMPLE   ram=72.0% (12.06GB used, 4.69GB free) cpu=89.3% (15s mean 88.1%) jobs=8 amber=0 queued=0 lanes=8
2026-09-20T00:25:28 REAP     s29X_probe12b (pid 21480) is gone; registration removed
2026-09-20T00:25:28 SUSPEND  m_f1_probe3 agent=S29M tag=CPU rss=0.32GB
2026-09-20T00:25:43 RESUME   s29O_chainBCD_s0 agent=S29O tag=CPU
2026-09-20T00:25:58 SUSPEND  s29O_chainBCD_s1 agent=S29O tag=CPU rss=0.10GB
2026-09-20T00:26:03 SUSPEND  s29O_chainBCD_s4 agent=S29O tag=CPU rss=0.10GB
2026-09-20T00:26:08 SAMPLE   ram=70.8% (11.85GB used, 4.90GB free) cpu=73.6% (15s mean 88.1%) jobs=8 amber=0 queued=0 lanes=8
2026-09-20T00:26:18 RESUME   s29O_chainBCD_s1 agent=S29O tag=CPU
2026-09-20T00:26:29 SUSPEND  s29O_chainBCD_s1 agent=S29O tag=CPU rss=0.10GB
2026-09-20T00:26:34 SUSPEND  s29O_chainBCD_s0 agent=S29O tag=CPU rss=0.11GB
2026-09-20T00:26:38 SUSPEND  s29O_chainBCD_s2 agent=S29O tag=CPU rss=0.10GB
2026-09-20T00:26:44 SUSPEND  s29P_probe6 agent=S29P tag=CPU rss=0.29GB
2026-09-20T00:26:48 SUSPEND  s29O_chainA agent=S29O tag=CPU rss=0.10GB
2026-09-20T00:27:08 SAMPLE   ram=72.3% (12.11GB used, 4.64GB free) cpu=46.6% (15s mean 71.9%) jobs=8 amber=0 queued=0 lanes=8
2026-09-20T00:27:08 RESUME   s29O_chainA agent=S29O tag=CPU
2026-09-20T00:27:13 RESUME   s29P_probe6 agent=S29P tag=CPU
2026-09-20T00:27:18 RESUME   s29O_chainBCD_s2 agent=S29O tag=CPU
2026-09-20T00:27:23 RESUME   s29O_chainBCD_s0 agent=S29O tag=CPU
2026-09-20T00:27:28 RESUME   s29O_chainBCD_s1 agent=S29O tag=CPU
2026-09-20T00:27:33 RESUME   s29O_chainBCD_s4 agent=S29O tag=CPU
2026-09-20T00:27:48 SUSPEND  s29O_chainBCD_s1 agent=S29O tag=CPU rss=0.10GB
2026-09-20T00:27:53 SUSPEND  s29O_chainBCD_s4 agent=S29O tag=CPU rss=0.10GB
2026-09-20T00:28:03 RESUME   m_f1_probe3 agent=S29M tag=CPU
2026-09-20T00:28:08 SAMPLE   ram=72.4% (12.12GB used, 4.63GB free) cpu=86.0% (15s mean 73.8%) jobs=8 amber=0 queued=0 lanes=8
2026-09-20T00:28:08 RESUME   s29O_chainBCD_s1 agent=S29O tag=CPU
2026-09-20T00:28:18 SUSPEND  s29O_chainBCD_s1 agent=S29O tag=CPU rss=0.10GB
2026-09-20T00:28:38 RESUME   s29O_chainBCD_s1 agent=S29O tag=CPU
2026-09-20T00:28:53 REAP     m_f1_probe3 (pid 20228) is gone; registration removed
2026-09-20T00:29:08 SAMPLE   ram=72.1% (12.08GB used, 4.67GB free) cpu=92.4% (15s mean 93.8%) jobs=8 amber=0 queued=0 lanes=8
2026-09-20T00:29:23 SUSPEND  s29X_probe12c agent=S29X tag=CPU rss=0.30GB
2026-09-20T00:29:38 RESUME   s29O_chainBCD_s4 agent=S29O tag=CPU
2026-09-20T00:30:08 SAMPLE   ram=71.0% (11.89GB used, 4.86GB free) cpu=87.0% (15s mean 87.0%) jobs=8 amber=0 queued=0 lanes=8
2026-09-20T00:30:43 SUSPEND  s29D_theory_beta3 agent=S29D tag=CPU rss=0.30GB
2026-09-20T00:30:48 SUSPEND  s29O_chainBCD_s1 agent=S29O tag=CPU rss=0.10GB
2026-09-20T00:31:08 SAMPLE   ram=71.7% (12.01GB used, 4.74GB free) cpu=82.6% (15s mean 88.7%) jobs=8 amber=0 queued=0 lanes=8
2026-09-20T00:31:18 RESUME   s29O_chainBCD_s1 agent=S29O tag=CPU
2026-09-20T00:31:48 SUSPEND  s29O_chainBCD_s1 agent=S29O tag=CPU rss=0.10GB
2026-09-20T00:32:08 SAMPLE   ram=71.7% (12.01GB used, 4.74GB free) cpu=83.7% (15s mean 81.3%) jobs=8 amber=0 queued=0 lanes=8
2026-09-20T00:33:08 SAMPLE   ram=73.6% (12.33GB used, 4.42GB free) cpu=90.9% (15s mean 86.5%) jobs=8 amber=0 queued=0 lanes=8
2026-09-20T00:33:28 RESUME   s29O_chainBCD_s1 agent=S29O tag=CPU
2026-09-20T00:33:33 RESUME   s29D_theory_beta3 agent=S29D tag=CPU
2026-09-20T00:33:48 SUSPEND  s29D_theory_beta3 agent=S29D tag=CPU rss=0.28GB
2026-09-20T00:33:58 REAP     s29D_band_ca (pid 20340) is gone; registration removed
2026-09-20T00:34:03 RESUME   s29X_probe12c agent=S29X tag=CPU
2026-09-20T00:34:08 SAMPLE   ram=72.1% (12.07GB used, 4.68GB free) cpu=97.1% (15s mean 83.2%) jobs=8 amber=0 queued=0 lanes=8
2026-09-20T00:34:18 SUSPEND  s29D_m6_cloud agent=S29D tag=CPU rss=0.35GB
2026-09-20T00:35:08 SAMPLE   ram=72.0% (12.07GB used, 4.68GB free) cpu=91.3% (15s mean 88.1%) jobs=8 amber=0 queued=0 lanes=8
2026-09-20T00:36:08 SAMPLE   ram=71.9% (12.04GB used, 4.71GB free) cpu=89.0% (15s mean 87.3%) jobs=8 amber=0 queued=0 lanes=8
2026-09-20T00:37:08 SAMPLE   ram=71.2% (11.92GB used, 4.83GB free) cpu=83.9% (15s mean 84.0%) jobs=8 amber=0 queued=0 lanes=8
2026-09-20T00:37:43 SUSPEND  s29P_run_s2 agent=S29P tag=CPU rss=0.30GB
2026-09-20T00:37:48 SUSPEND  s29O_chainBCD_s1 agent=S29O tag=CPU rss=0.10GB
2026-09-20T00:38:03 RESUME   s29P_run_s2 agent=S29P tag=CPU
2026-09-20T00:38:08 SAMPLE   ram=71.6% (12.00GB used, 4.75GB free) cpu=87.6% (15s mean 77.4%) jobs=8 amber=0 queued=0 lanes=8
2026-09-20T00:38:08 RESUME   s29O_chainBCD_s1 agent=S29O tag=CPU
2026-09-20T00:38:43 SUSPEND  s29P_run_s2 agent=S29P tag=CPU rss=0.30GB
2026-09-20T00:38:58 RESUME   s29D_m6_cloud agent=S29D tag=CPU
2026-09-20T00:39:03 RESUME   s29P_run_s2 agent=S29P tag=CPU
2026-09-20T00:39:08 SAMPLE   ram=71.9% (12.04GB used, 4.71GB free) cpu=96.5% (15s mean 85.2%) jobs=8 amber=0 queued=0 lanes=8
2026-09-20T00:39:18 SUSPEND  s29P_run_s2 agent=S29P tag=CPU rss=0.30GB
2026-09-20T00:39:28 REAP     s29D_m6_cloud (pid 9008) is gone; registration removed
2026-09-20T00:39:38 RESUME   s29P_run_s2 agent=S29P tag=CPU
2026-09-20T00:39:58 SUSPEND  s29B_tta_subset agent=S29B tag=CPU rss=0.35GB
2026-09-20T00:40:08 SAMPLE   ram=71.7% (12.02GB used, 4.73GB free) cpu=85.2% (15s mean 89.5%) jobs=8 amber=0 queued=0 lanes=8
2026-09-20T00:40:23 SUSPEND  s29P_run_s2 agent=S29P tag=CPU rss=0.30GB
2026-09-20T00:40:38 RESUME   s29B_tta_subset agent=S29B tag=CPU
2026-09-20T00:40:43 REAP     s29B_tta_subset (pid 24548) is gone; registration removed
2026-09-20T00:41:08 SAMPLE   ram=71.6% (11.99GB used, 4.76GB free) cpu=93.8% (15s mean 86.2%) jobs=8 amber=0 queued=0 lanes=8
2026-09-20T00:41:18 SUSPEND  s29D_band_ca2 agent=S29D tag=CPU rss=0.32GB
2026-09-20T00:41:33 RESUME   s29P_run_s2 agent=S29P tag=CPU
2026-09-20T00:41:38 REAP     s29P_run_s2 (pid 29100) is gone; registration removed
2026-09-20T00:41:38 RESUME   s29D_band_ca2 agent=S29D tag=CPU
2026-09-20T00:41:53 SUSPEND  s29X_probe12e agent=S29X tag=CPU rss=0.30GB
2026-09-20T00:41:58 SUSPEND  s29D_band_ca2 agent=S29D tag=CPU rss=0.33GB
2026-09-20T00:42:08 SAMPLE   ram=71.7% (12.01GB used, 4.74GB free) cpu=80.6% (15s mean 84.1%) jobs=8 amber=0 queued=0 lanes=8
2026-09-20T00:42:13 RESUME   s29X_probe12e agent=S29X tag=CPU
2026-09-20T00:43:08 SAMPLE   ram=71.5% (11.98GB used, 4.77GB free) cpu=85.0% (15s mean 86.6%) jobs=8 amber=0 queued=0 lanes=8
2026-09-20T00:44:09 SAMPLE   ram=70.3% (11.77GB used, 4.98GB free) cpu=85.2% (15s mean 85.0%) jobs=8 amber=0 queued=0 lanes=8
2026-09-20T00:45:09 SAMPLE   ram=70.1% (11.74GB used, 5.01GB free) cpu=85.6% (15s mean 87.9%) jobs=8 amber=0 queued=0 lanes=8
2026-09-20T00:46:08 SAMPLE   ram=69.3% (11.61GB used, 5.14GB free) cpu=85.2% (15s mean 87.0%) jobs=8 amber=0 queued=0 lanes=8
2026-09-20T00:47:09 SAMPLE   ram=70.1% (11.73GB used, 5.01GB free) cpu=84.2% (15s mean 85.1%) jobs=8 amber=0 queued=0 lanes=8
2026-09-20T00:48:09 SAMPLE   ram=70.1% (11.75GB used, 5.00GB free) cpu=91.5% (15s mean 86.8%) jobs=8 amber=0 queued=0 lanes=8
2026-09-20T00:49:09 SAMPLE   ram=70.3% (11.77GB used, 4.98GB free) cpu=85.7% (15s mean 87.2%) jobs=8 amber=0 queued=0 lanes=8
2026-09-20T00:50:09 SAMPLE   ram=70.7% (11.84GB used, 4.91GB free) cpu=82.8% (15s mean 84.6%) jobs=8 amber=0 queued=0 lanes=8
2026-09-20T00:51:09 SAMPLE   ram=70.1% (11.74GB used, 5.01GB free) cpu=81.9% (15s mean 84.1%) jobs=8 amber=0 queued=0 lanes=8
2026-09-20T00:52:09 SAMPLE   ram=70.5% (11.80GB used, 4.95GB free) cpu=95.0% (15s mean 89.5%) jobs=8 amber=0 queued=0 lanes=8
2026-09-20T00:52:19 SUSPEND  s29X_probe12e agent=S29X tag=CPU rss=0.30GB
2026-09-20T00:52:24 SUSPEND  s29O_chainBCD_s1 agent=S29O tag=CPU rss=0.10GB
2026-09-20T00:52:34 RESUME   s29D_band_ca2 agent=S29D tag=CPU
2026-09-20T00:52:39 RESUME   s29X_probe12e agent=S29X tag=CPU
2026-09-20T00:52:44 RESUME   s29O_chainBCD_s1 agent=S29O tag=CPU
2026-09-20T00:52:54 SUSPEND  s29X_probe12e agent=S29X tag=CPU rss=0.31GB
2026-09-20T00:52:59 SUSPEND  s29D_band_ca2 agent=S29D tag=CPU rss=0.32GB
2026-09-20T00:53:09 SAMPLE   ram=70.6% (11.83GB used, 4.92GB free) cpu=71.9% (15s mean 79.7%) jobs=8 amber=0 queued=0 lanes=8
2026-09-20T00:53:09 RESUME   s29D_theory_beta3 agent=S29D tag=CPU
2026-09-20T00:53:14 RESUME   s29X_probe12e agent=S29X tag=CPU
2026-09-20T00:53:18 REAP     s29D_theory_beta3 (pid 39520) is gone; registration removed
2026-09-20T00:53:29 SUSPEND  s29X_probe12e agent=S29X tag=CPU rss=0.30GB
2026-09-20T00:53:54 SUSPEND  s29D_theory_beta126 agent=S29D tag=CPU rss=0.30GB
2026-09-20T00:53:59 SUSPEND  s29O_p128b agent=S29O tag=CPU rss=0.30GB
2026-09-20T00:54:09 SAMPLE   ram=71.9% (12.05GB used, 4.70GB free) cpu=74.9% (15s mean 80.1%) jobs=9 amber=0 queued=0 lanes=8
2026-09-20T00:54:14 RESUME   s29D_theory_beta126 agent=S29D tag=CPU
2026-09-20T00:54:19 RESUME   s29O_p128b agent=S29O tag=CPU
2026-09-20T00:54:29 SUSPEND  s29D_theory_beta126 agent=S29D tag=CPU rss=0.28GB
2026-09-20T00:54:34 SUSPEND  s29O_p128b agent=S29O tag=CPU rss=0.30GB
2026-09-20T00:55:09 SAMPLE   ram=74.6% (12.49GB used, 4.26GB free) cpu=77.1% (15s mean 83.7%) jobs=9 amber=0 queued=0 lanes=8
2026-09-20T00:55:34 RESUME   s29O_p128b agent=S29O tag=CPU
2026-09-20T00:56:09 SAMPLE   ram=74.0% (12.40GB used, 4.35GB free) cpu=93.5% (15s mean 88.4%) jobs=9 amber=0 queued=0 lanes=8
2026-09-20T00:57:09 SAMPLE   ram=74.1% (12.41GB used, 4.33GB free) cpu=85.0% (15s mean 83.9%) jobs=9 amber=0 queued=0 lanes=8
2026-09-20T00:57:44 REAP     s29O_p128b (pid 17628) is gone; registration removed
2026-09-20T00:57:54 RESUME   s29D_theory_beta126 agent=S29D tag=CPU
2026-09-20T00:57:59 RESUME   s29X_probe12e agent=S29X tag=CPU
2026-09-20T00:58:09 SAMPLE   ram=72.5% (12.14GB used, 4.61GB free) cpu=97.6% (15s mean 93.1%) jobs=8 amber=0 queued=0 lanes=8
2026-09-20T00:58:14 SUSPEND  s29P_primary agent=S29P tag=CPU rss=0.29GB
2026-09-20T00:58:19 SUSPEND  s29X_probe12e agent=S29X tag=CPU rss=0.31GB
2026-09-20T00:58:34 RESUME   s29P_primary agent=S29P tag=CPU
2026-09-20T00:59:09 SAMPLE   ram=72.6% (12.15GB used, 4.60GB free) cpu=84.3% (15s mean 84.7%) jobs=8 amber=0 queued=0 lanes=8
2026-09-20T00:59:44 SUSPEND  s29B_grad_02 agent=S29B tag=CPU rss=0.32GB
2026-09-20T00:59:49 SUSPEND  s29P_primary agent=S29P tag=CPU rss=0.30GB
2026-09-20T01:00:09 SAMPLE   ram=73.8% (12.36GB used, 4.39GB free) cpu=85.2% (15s mean 86.6%) jobs=8 amber=0 queued=0 lanes=8
2026-09-20T01:00:39 SUSPEND  s29O_chainBCD_s1 agent=S29O tag=CPU rss=0.10GB
2026-09-20T01:01:00 START    governor v2 pid 8060 ceiling=94.0% hard(ram)=95.5%/15s cpu_resume=97.0% cpu_window=3 min_suspend=20s low=91.0%/60s sample=5s max_amber=2
2026-09-20T01:01:01 SAMPLE   ram=74.9% (12.54GB used, 4.21GB free) cpu=100.0% (15s mean 100.0%) jobs=8 amber=0 queued=0 lanes=8
2026-09-20T01:01:01 ADOPT    s29O_chainBCD_s1 was suspended before this governor started; adopted
2026-09-20T01:01:01 SUSPEND  s29B_grad_02 agent=S29B tag=CPU rss=0.33GB
2026-09-20T01:01:06 SUSPEND  s29P_primary agent=S29P tag=CPU rss=0.30GB
2026-09-20T01:01:11 SUSPEND  s29X_probe12e agent=S29X tag=CPU rss=0.30GB
2026-09-20T01:01:15 SUSPEND  s29D_band_ca2 agent=S29D tag=CPU rss=0.32GB
2026-09-20T01:01:20 RESUME   s29B_grad_02 agent=S29B tag=CPU
2026-09-20T01:01:25 RESUME   s29P_primary agent=S29P tag=CPU
2026-09-20T01:01:30 RESUME   s29X_probe12e agent=S29X tag=CPU
2026-09-20T01:01:35 SUSPEND  s29B_grad_02 agent=S29B tag=CPU rss=0.32GB
2026-09-20T01:01:35 RESUME   s29D_band_ca2 agent=S29D tag=CPU
2026-09-20T01:01:40 ADOPT    s29B_grad_02 was suspended before this governor started; adopted
2026-09-20T01:01:40 SUSPEND  s29P_primary agent=S29P tag=CPU rss=0.30GB
2026-09-20T01:01:45 SUSPEND  s29X_probe12e agent=S29X tag=CPU rss=0.30GB
2026-09-20T01:01:50 RESUME   s29B_grad_02 agent=S29B tag=CPU
2026-09-20T01:01:56 RESUME   s29O_chainBCD_s1 agent=S29O tag=CPU
2026-09-20T01:02:00 SAMPLE   ram=75.9% (12.71GB used, 4.04GB free) cpu=100.0% (15s mean 91.0%) jobs=8 amber=0 queued=0 lanes=8
2026-09-20T01:02:00 RESUME   s29P_primary agent=S29P tag=CPU
2026-09-20T01:02:05 SUSPEND  s29P_primary agent=S29P tag=CPU rss=0.30GB
2026-09-20T01:02:10 SUSPEND  s29D_band_ca2 agent=S29D tag=CPU rss=0.32GB
2026-09-20T01:02:15 SUSPEND  s29O_chainBCD_s1 agent=S29O tag=CPU rss=0.10GB
2026-09-20T01:02:15 RESUME   s29X_probe12e agent=S29X tag=CPU
2026-09-20T01:02:20 ADOPT    s29O_chainBCD_s1 was suspended before this governor started; adopted
2026-09-20T01:02:20 RESUME   s29O_chainBCD_s1 agent=S29O tag=CPU
2026-09-20T01:02:25 RESUME   s29P_primary agent=S29P tag=CPU
2026-09-20T01:02:30 RESUME   s29D_band_ca2 agent=S29D tag=CPU
2026-09-20T01:02:35 SUSPEND  s29P_primary agent=S29P tag=CPU rss=0.30GB
2026-09-20T01:02:40 ADOPT    s29P_primary was suspended before this governor started; adopted
2026-09-20T01:02:40 SUSPEND  s29X_probe12e agent=S29X tag=CPU rss=0.30GB
2026-09-20T01:02:45 SUSPEND  s29D_band_ca2 agent=S29D tag=CPU rss=0.32GB
2026-09-20T01:02:50 SUSPEND  s29O_chainBCD_s1 agent=S29O tag=CPU rss=0.10GB
2026-09-20T01:02:50 RESUME   s29P_primary agent=S29P tag=CPU
2026-09-20T01:02:55 ADOPT    s29O_chainBCD_s1 was suspended before this governor started; adopted
2026-09-20T01:02:55 RESUME   s29O_chainBCD_s1 agent=S29O tag=CPU
2026-09-20T01:03:00 SAMPLE   ram=75.3% (12.61GB used, 4.14GB free) cpu=97.1% (15s mean 93.5%) jobs=7 amber=0 queued=0 lanes=8
2026-09-20T01:03:00 RESUME   s29X_probe12e agent=S29X tag=CPU
2026-09-20T01:03:05 SUSPEND  s29P_primary agent=S29P tag=CPU rss=0.30GB
2026-09-20T01:03:05 RESUME   s29D_band_ca2 agent=S29D tag=CPU
2026-09-20T01:03:10 ADOPT    s29P_primary was suspended before this governor started; adopted
2026-09-20T01:03:10 SUSPEND  s29X_probe12e agent=S29X tag=CPU rss=0.30GB
2026-09-20T01:03:15 SUSPEND  s29D_band_ca2 agent=S29D tag=CPU rss=0.33GB
2026-09-20T01:03:20 RESUME   s29P_primary agent=S29P tag=CPU
2026-09-20T01:03:30 RESUME   s29X_probe12e agent=S29X tag=CPU
2026-09-20T01:03:35 SUSPEND  s29P_primary agent=S29P tag=CPU rss=0.30GB
2026-09-20T01:03:35 RESUME   s29D_band_ca2 agent=S29D tag=CPU
2026-09-20T01:03:40 ADOPT    s29P_primary was suspended before this governor started; adopted
2026-09-20T01:03:40 SUSPEND  s29X_probe12e agent=S29X tag=CPU rss=0.30GB
2026-09-20T01:03:40 RESUME   s29P_primary agent=S29P tag=CPU
2026-09-20T01:03:45 ADOPT    s29X_probe12e was suspended before this governor started; adopted
2026-09-20T01:03:45 SUSPEND  s29P_primary agent=S29P tag=CPU rss=0.30GB
2026-09-20T01:03:50 SUSPEND  s29D_band_ca2 agent=S29D tag=CPU rss=0.32GB
2026-09-20T01:03:50 RESUME   s29X_probe12e agent=S29X tag=CPU
2026-09-20T01:03:55 ADOPT    s29D_band_ca2 was suspended before this governor started; adopted
2026-09-20T01:03:55 RESUME   s29D_band_ca2 agent=S29D tag=CPU
2026-09-20T01:04:00 SAMPLE   ram=73.5% (12.31GB used, 4.44GB free) cpu=97.4% (15s mean 92.6%) jobs=7 amber=0 queued=0 lanes=8
2026-09-20T01:04:05 SUSPEND  s29X_probe12e agent=S29X tag=CPU rss=0.31GB
2026-09-20T01:04:05 RESUME   s29P_primary agent=S29P tag=CPU
2026-09-20T01:04:10 ADOPT    s29X_probe12e was suspended before this governor started; adopted
2026-09-20T01:04:10 SUSPEND  s29P_primary agent=S29P tag=CPU rss=0.30GB
2026-09-20T01:04:15 SUSPEND  s29D_band_ca2 agent=S29D tag=CPU rss=0.33GB
2026-09-20T01:04:15 RESUME   s29X_probe12e agent=S29X tag=CPU
2026-09-20T01:04:20 ADOPT    s29D_band_ca2 was suspended before this governor started; adopted
2026-09-20T01:04:20 RESUME   s29D_band_ca2 agent=S29D tag=CPU
2026-09-20T01:04:30 SUSPEND  s29X_probe12e agent=S29X tag=CPU rss=0.31GB
2026-09-20T01:04:31 RESUME   s29P_primary agent=S29P tag=CPU
2026-09-20T01:04:36 ADOPT    s29X_probe12e was suspended before this governor started; adopted
2026-09-20T01:04:36 SUSPEND  s29P_primary agent=S29P tag=CPU rss=0.30GB
2026-09-20T01:04:40 SUSPEND  s29D_band_ca2 agent=S29D tag=CPU rss=0.41GB
2026-09-20T01:04:45 RESUME   s29X_probe12e agent=S29X tag=CPU
2026-09-20T01:04:55 RESUME   s29P_primary agent=S29P tag=CPU
2026-09-20T01:05:01 SAMPLE   ram=74.6% (12.50GB used, 4.25GB free) cpu=100.0% (15s mean 92.3%) jobs=8 amber=0 queued=0 lanes=8
2026-09-20T01:05:01 RESUME   s29D_band_ca2 agent=S29D tag=CPU
2026-09-20T01:05:06 SUSPEND  s29D_fields agent=S29D tag=CPU rss=0.32GB
2026-09-20T01:05:11 SUSPEND  s29P_primary agent=S29P tag=CPU rss=0.30GB
2026-09-20T01:05:15 SUSPEND  s29X_probe12e agent=S29X tag=CPU rss=0.30GB
2026-09-20T01:05:20 SUSPEND  s29D_band_ca2 agent=S29D tag=CPU rss=0.33GB
2026-09-20T01:05:25 ADOPT    s29D_band_ca2 was suspended before this governor started; adopted
2026-09-20T01:05:25 RESUME   s29D_band_ca2 agent=S29D tag=CPU
2026-09-20T01:05:30 RESUME   s29P_primary agent=S29P tag=CPU
2026-09-20T01:05:36 RESUME   s29X_probe12e agent=S29X tag=CPU
2026-09-20T01:05:41 SUSPEND  s29P_primary agent=S29P tag=CPU rss=0.30GB
2026-09-20T01:05:41 RESUME   s29D_fields agent=S29D tag=CPU
2026-09-20T01:05:46 ADOPT    s29P_primary was suspended before this governor started; adopted
2026-09-20T01:05:46 SUSPEND  s29D_fields agent=S29D tag=CPU rss=0.32GB
2026-09-20T01:05:51 SUSPEND  s29X_probe12e agent=S29X tag=CPU rss=0.31GB
2026-09-20T01:05:55 SUSPEND  s29D_band_ca2 agent=S29D tag=CPU rss=0.33GB
2026-09-20T01:05:55 RESUME   s29P_primary agent=S29P tag=CPU
2026-09-20T01:06:00 SAMPLE   ram=74.8% (12.52GB used, 4.23GB free) cpu=86.8% (15s mean 91.5%) jobs=8 amber=0 queued=0 lanes=8
2026-09-20T01:06:00 ADOPT    s29D_band_ca2 was suspended before this governor started; adopted
2026-09-20T01:06:00 RESUME   s29D_band_ca2 agent=S29D tag=CPU
2026-09-20T01:06:06 RESUME   s29D_fields agent=S29D tag=CPU
2026-09-20T01:06:11 SUSPEND  s29D_fields agent=S29D tag=CPU rss=0.32GB
2026-09-20T01:06:11 RESUME   s29X_probe12e agent=S29X tag=CPU
2026-09-20T01:06:16 ADOPT    s29D_fields was suspended before this governor started; adopted
2026-09-20T01:06:16 SUSPEND  s29P_primary agent=S29P tag=CPU rss=0.30GB
2026-09-20T01:06:21 SUSPEND  s29X_probe12e agent=S29X tag=CPU rss=0.30GB
2026-09-20T01:06:26 SUSPEND  s29D_band_ca2 agent=S29D tag=CPU rss=0.32GB
2026-09-20T01:06:31 SUSPEND  s29O_chainBCD_s1 agent=S29O tag=CPU rss=0.09GB
2026-09-20T01:06:36 RESUME   s29P_primary agent=S29P tag=CPU
2026-09-20T01:06:40 RESUME   s29X_probe12e agent=S29X tag=CPU
2026-09-20T01:06:45 RESUME   s29D_band_ca2 agent=S29D tag=CPU
2026-09-20T01:06:51 RESUME   s29O_chainBCD_s1 agent=S29O tag=CPU
2026-09-20T01:06:56 RESUME   s29D_fields agent=S29D tag=CPU
2026-09-20T01:07:01 SAMPLE   ram=76.1% (12.74GB used, 4.01GB free) cpu=100.0% (15s mean 99.4%) jobs=8 amber=0 queued=0 lanes=8
2026-09-20T01:07:01 SUSPEND  s29D_fields agent=S29D tag=CPU rss=0.32GB
2026-09-20T01:07:06 SUSPEND  s29P_primary agent=S29P tag=CPU rss=0.30GB
2026-09-20T01:07:11 SUSPEND  s29X_probe12e agent=S29X tag=CPU rss=0.30GB
2026-09-20T01:07:16 SUSPEND  s29D_band_ca2 agent=S29D tag=CPU rss=0.32GB
2026-09-20T01:07:21 ADOPT    s29D_band_ca2 was suspended before this governor started; adopted
2026-09-20T01:07:21 RESUME   s29D_band_ca2 agent=S29D tag=CPU
2026-09-20T01:07:26 RESUME   s29P_primary agent=S29P tag=CPU
2026-09-20T01:07:31 RESUME   s29X_probe12e agent=S29X tag=CPU
2026-09-20T01:07:36 SUSPEND  s29P_primary agent=S29P tag=CPU rss=0.30GB
2026-09-20T01:07:36 RESUME   s29D_fields agent=S29D tag=CPU
2026-09-20T01:07:41 ADOPT    s29P_primary was suspended before this governor started; adopted
2026-09-20T01:07:41 SUSPEND  s29D_fields agent=S29D tag=CPU rss=0.32GB
2026-09-20T01:07:46 SUSPEND  s29X_probe12e agent=S29X tag=CPU rss=0.30GB
2026-09-20T01:07:50 REAP     s29D_band_ca2 (pid 16108) is gone; registration removed
2026-09-20T01:07:51 SUSPEND  s29O_chainBCD_s1 agent=S29O tag=CPU rss=0.09GB
2026-09-20T01:07:51 RESUME   s29P_primary agent=S29P tag=CPU
2026-09-20T01:07:56 ADOPT    s29O_chainBCD_s1 was suspended before this governor started; adopted
2026-09-20T01:07:56 RESUME   s29O_chainBCD_s1 agent=S29O tag=CPU
2026-09-20T01:08:01 SAMPLE   ram=73.6% (12.34GB used, 4.41GB free) cpu=93.0% (15s mean 87.9%) jobs=6 amber=0 queued=0 lanes=8
2026-09-20T01:08:01 RESUME   s29D_fields agent=S29D tag=CPU
2026-09-20T01:08:06 RESUME   s29X_probe12e agent=S29X tag=CPU
2026-09-20T01:08:11 SUSPEND  s29D_fields agent=S29D tag=CPU rss=0.32GB
2026-09-20T01:08:16 ADOPT    s29D_fields was suspended before this governor started; adopted
2026-09-20T01:08:16 SUSPEND  s29P_primary agent=S29P tag=CPU rss=0.30GB
2026-09-20T01:08:16 RESUME   s29D_fields agent=S29D tag=CPU
2026-09-20T01:08:21 ADOPT    s29P_primary was suspended before this governor started; adopted
2026-09-20T01:08:21 SUSPEND  s29D_fields agent=S29D tag=CPU rss=0.32GB
2026-09-20T01:08:21 RESUME   s29P_primary agent=S29P tag=CPU
2026-09-20T01:08:26 ADOPT    s29D_fields was suspended before this governor started; adopted
2026-09-20T01:08:26 RESUME   s29D_fields agent=S29D tag=CPU
2026-09-20T01:08:31 SUSPEND  s29D_fields agent=S29D tag=CPU rss=0.32GB
2026-09-20T01:08:36 ADOPT    s29D_fields was suspended before this governor started; adopted
2026-09-20T01:08:36 SUSPEND  s29P_primary agent=S29P tag=CPU rss=0.30GB
2026-09-20T01:08:36 RESUME   s29D_fields agent=S29D tag=CPU
2026-09-20T01:08:41 ADOPT    s29P_primary was suspended before this governor started; adopted
2026-09-20T01:08:41 RESUME   s29P_primary agent=S29P tag=CPU
2026-09-20T01:09:02 START    governor v2 pid 15164 ceiling=94.0% hard(ram)=95.5%/15s cpu_resume=99.0% cpu_window=3 min_suspend=20s low=91.0%/60s sample=5s max_amber=2
2026-09-20T01:09:02 SAMPLE   ram=73.5% (12.32GB used, 4.43GB free) cpu=100.0% (15s mean 100.0%) jobs=6 amber=0 queued=0 lanes=8
2026-09-20T01:09:03 SUSPEND  s29D_fields agent=S29D tag=CPU rss=0.32GB
2026-09-20T01:09:08 SUSPEND  s29P_primary agent=S29P tag=CPU rss=0.30GB
2026-09-20T01:09:22 RESUME   s29D_fields agent=S29D tag=CPU
2026-09-20T01:09:27 REAP     s29D_band_analyse (pid 38600) is gone; registration removed
2026-09-20T01:09:28 RESUME   s29P_primary agent=S29P tag=CPU
2026-09-20T01:09:38 SUSPEND  s29O_hulloa agent=S29O tag=CPU rss=0.27GB
2026-09-20T01:09:43 SUSPEND  m_f1_full agent=S29M tag=CPU rss=0.32GB
2026-09-20T01:09:48 SUSPEND  s29D_fields agent=S29D tag=CPU rss=0.32GB
2026-09-20T01:09:58 RESUME   s29O_hulloa agent=S29O tag=CPU
2026-09-20T01:10:03 SAMPLE   ram=76.4% (12.79GB used, 3.96GB free) cpu=99.0% (15s mean 93.6%) jobs=8 amber=0 queued=0 lanes=8
2026-09-20T01:10:03 RESUME   m_f1_full agent=S29M tag=CPU
2026-09-20T01:10:08 RESUME   s29D_fields agent=S29D tag=CPU
2026-09-20T01:10:13 SUSPEND  s29O_hulloa agent=S29O tag=CPU rss=0.30GB
2026-09-20T01:10:18 SUSPEND  m_f1_full agent=S29M tag=CPU rss=0.32GB
2026-09-20T01:10:43 START    governor v2 pid 22684 ceiling=94.0% hard(ram)=95.5%/15s cpu_resume=99.0% cpu_window=3 min_suspend=20s low=91.0%/60s sample=5s max_amber=2
2026-09-20T01:10:43 SAMPLE   ram=74.6% (12.50GB used, 4.25GB free) cpu=100.0% (15s mean 100.0%) jobs=7 amber=0 queued=0 lanes=8
2026-09-20T01:11:43 SAMPLE   ram=75.7% (12.67GB used, 4.08GB free) cpu=100.0% (15s mean 100.0%) jobs=7 amber=0 queued=0 lanes=8
2026-09-20T01:12:43 SAMPLE   ram=75.6% (12.67GB used, 4.08GB free) cpu=100.0% (15s mean 100.0%) jobs=7 amber=0 queued=0 lanes=8
2026-09-20T01:13:43 SAMPLE   ram=74.1% (12.41GB used, 4.33GB free) cpu=100.0% (15s mean 100.0%) jobs=6 amber=0 queued=0 lanes=8
2026-09-20T01:14:43 SAMPLE   ram=73.9% (12.39GB used, 4.36GB free) cpu=100.0% (15s mean 98.7%) jobs=6 amber=0 queued=0 lanes=8
2026-09-20T01:15:43 SAMPLE   ram=73.5% (12.31GB used, 4.44GB free) cpu=96.7% (15s mean 95.5%) jobs=6 amber=0 queued=0 lanes=8
2026-09-20T01:16:33 REAP     s29O_chainBCD_s4 (pid 35348) is gone; registration removed
2026-09-20T01:16:43 SAMPLE   ram=73.4% (12.29GB used, 4.46GB free) cpu=84.4% (15s mean 85.7%) jobs=5 amber=0 queued=0 lanes=8
2026-09-20T01:17:43 SAMPLE   ram=72.3% (12.12GB used, 4.63GB free) cpu=91.5% (15s mean 87.1%) jobs=5 amber=0 queued=0 lanes=8
2026-09-20T01:18:46 WARN     could not replace governor_state.json after 8 attempts (a reader holds it); snapshot skipped
2026-09-20T01:18:46 SAMPLE   ram=76.0% (12.73GB used, 4.02GB free) cpu=100.0% (15s mean 100.0%) jobs=8 amber=0 queued=0 lanes=8
2026-09-20T01:19:44 SAMPLE   ram=77.7% (13.02GB used, 3.73GB free) cpu=100.0% (15s mean 100.0%) jobs=8 amber=0 queued=0 lanes=8
2026-09-20T01:20:44 SAMPLE   ram=76.0% (12.74GB used, 4.01GB free) cpu=100.0% (15s mean 100.0%) jobs=7 amber=0 queued=0 lanes=8
2026-09-20T01:21:44 SAMPLE   ram=73.9% (12.38GB used, 4.37GB free) cpu=98.5% (15s mean 98.8%) jobs=6 amber=0 queued=0 lanes=8
2026-09-20T01:22:44 REAP     s29O_chainBCD_s1 (pid 25744) is gone; registration removed
2026-09-20T01:22:44 SAMPLE   ram=73.9% (12.37GB used, 4.38GB free) cpu=100.0% (15s mean 100.0%) jobs=5 amber=0 queued=0 lanes=8
2026-09-20T01:23:44 SAMPLE   ram=78.6% (13.17GB used, 3.58GB free) cpu=100.0% (15s mean 100.0%) jobs=8 amber=0 queued=0 lanes=8
2026-09-20T01:24:44 SAMPLE   ram=75.4% (12.63GB used, 4.12GB free) cpu=100.0% (15s mean 100.0%) jobs=6 amber=0 queued=0 lanes=8
2026-09-20T01:25:44 SAMPLE   ram=75.0% (12.56GB used, 4.19GB free) cpu=94.4% (15s mean 93.7%) jobs=6 amber=0 queued=0 lanes=8
2026-09-20T01:26:44 SAMPLE   ram=74.4% (12.46GB used, 4.29GB free) cpu=85.8% (15s mean 92.4%) jobs=6 amber=0 queued=0 lanes=8
2026-09-20T01:26:59 REAP     s29D_fields (pid 5408) is gone; registration removed
2026-09-20T01:27:45 SAMPLE   ram=77.3% (12.95GB used, 3.80GB free) cpu=100.0% (15s mean 100.0%) jobs=8 amber=0 queued=0 lanes=8
2026-09-20T01:28:45 SAMPLE   ram=76.2% (12.77GB used, 3.98GB free) cpu=100.0% (15s mean 100.0%) jobs=8 amber=0 queued=0 lanes=8
2026-09-20T01:29:45 SAMPLE   ram=75.8% (12.70GB used, 4.05GB free) cpu=100.0% (15s mean 100.0%) jobs=8 amber=0 queued=0 lanes=8
2026-09-20T01:30:45 SAMPLE   ram=76.0% (12.73GB used, 4.02GB free) cpu=100.0% (15s mean 100.0%) jobs=8 amber=0 queued=0 lanes=8
2026-09-20T01:31:15 REAP     s29D_theory_shrink (pid 33788) is gone; registration removed
2026-09-20T01:31:45 SAMPLE   ram=73.0% (12.23GB used, 4.52GB free) cpu=95.1% (15s mean 97.3%) jobs=7 amber=0 queued=0 lanes=8
2026-09-20T01:32:45 SAMPLE   ram=73.5% (12.30GB used, 4.45GB free) cpu=100.0% (15s mean 100.0%) jobs=7 amber=0 queued=0 lanes=8
2026-09-20T01:33:45 SAMPLE   ram=73.1% (12.24GB used, 4.51GB free) cpu=99.6% (15s mean 95.9%) jobs=7 amber=0 queued=0 lanes=8
2026-09-20T01:34:45 SAMPLE   ram=73.4% (12.29GB used, 4.46GB free) cpu=96.4% (15s mean 95.8%) jobs=7 amber=0 queued=0 lanes=8
2026-09-20T01:35:45 SAMPLE   ram=75.2% (12.59GB used, 4.16GB free) cpu=99.5% (15s mean 96.1%) jobs=7 amber=0 queued=0 lanes=8
2026-09-20T01:36:45 SAMPLE   ram=73.2% (12.26GB used, 4.50GB free) cpu=96.3% (15s mean 95.8%) jobs=7 amber=0 queued=0 lanes=8
2026-09-20T01:37:45 SAMPLE   ram=73.6% (12.34GB used, 4.42GB free) cpu=96.6% (15s mean 96.4%) jobs=7 amber=0 queued=0 lanes=8
2026-09-20T01:38:45 SAMPLE   ram=73.1% (12.24GB used, 4.50GB free) cpu=93.6% (15s mean 94.2%) jobs=7 amber=0 queued=0 lanes=8
2026-09-20T01:39:45 SAMPLE   ram=73.0% (12.22GB used, 4.53GB free) cpu=92.2% (15s mean 92.5%) jobs=7 amber=0 queued=0 lanes=8
2026-09-20T01:40:45 SAMPLE   ram=73.0% (12.22GB used, 4.53GB free) cpu=92.8% (15s mean 93.4%) jobs=7 amber=0 queued=0 lanes=8
2026-09-20T01:41:45 SAMPLE   ram=72.6% (12.16GB used, 4.59GB free) cpu=92.9% (15s mean 94.4%) jobs=7 amber=0 queued=0 lanes=8
2026-09-20T01:42:45 SAMPLE   ram=73.3% (12.28GB used, 4.47GB free) cpu=96.1% (15s mean 98.6%) jobs=7 amber=0 queued=0 lanes=8
2026-09-20T01:43:45 SAMPLE   ram=72.9% (12.22GB used, 4.53GB free) cpu=100.0% (15s mean 97.7%) jobs=7 amber=0 queued=0 lanes=8
2026-09-20T01:44:45 SAMPLE   ram=72.9% (12.21GB used, 4.54GB free) cpu=95.8% (15s mean 94.2%) jobs=7 amber=0 queued=0 lanes=8
2026-09-20T01:45:15 REAP     s29O_chEF1 (pid 19820) is gone; registration removed
2026-09-20T01:45:45 SAMPLE   ram=77.1% (12.91GB used, 3.84GB free) cpu=100.0% (15s mean 100.0%) jobs=9 amber=0 queued=0 lanes=8
2026-09-20T01:46:45 SAMPLE   ram=76.0% (12.73GB used, 4.02GB free) cpu=100.0% (15s mean 100.0%) jobs=8 amber=0 queued=0 lanes=8
2026-09-20T01:47:46 SAMPLE   ram=76.5% (12.81GB used, 3.94GB free) cpu=100.0% (15s mean 100.0%) jobs=8 amber=0 queued=0 lanes=8
2026-09-20T01:48:46 SAMPLE   ram=76.5% (12.81GB used, 3.94GB free) cpu=100.0% (15s mean 100.0%) jobs=8 amber=0 queued=0 lanes=8
2026-09-20T01:49:46 SAMPLE   ram=76.5% (12.81GB used, 3.94GB free) cpu=100.0% (15s mean 100.0%) jobs=8 amber=0 queued=0 lanes=8
2026-09-20T01:50:46 SAMPLE   ram=72.9% (12.20GB used, 4.54GB free) cpu=85.9% (15s mean 86.3%) jobs=6 amber=0 queued=0 lanes=8
2026-09-20T01:51:46 REAP     s29T_beta_full (pid 21112) is gone; registration removed
2026-09-20T01:51:46 SAMPLE   ram=76.7% (12.85GB used, 3.90GB free) cpu=99.9% (15s mean 100.0%) jobs=7 amber=0 queued=0 lanes=8
2026-09-20T01:52:46 SAMPLE   ram=76.8% (12.86GB used, 3.89GB free) cpu=100.0% (15s mean 100.0%) jobs=7 amber=0 queued=0 lanes=8
2026-09-20T01:53:46 SAMPLE   ram=77.1% (12.91GB used, 3.83GB free) cpu=100.0% (15s mean 100.0%) jobs=7 amber=0 queued=0 lanes=8
2026-09-20T01:54:46 SAMPLE   ram=77.5% (12.98GB used, 3.77GB free) cpu=100.0% (15s mean 100.0%) jobs=7 amber=0 queued=0 lanes=8
2026-09-20T01:55:46 SAMPLE   ram=76.9% (12.88GB used, 3.87GB free) cpu=100.0% (15s mean 100.0%) jobs=7 amber=0 queued=0 lanes=8
2026-09-20T01:55:56 REAP     s29P_prim_s0 (pid 16564) is gone; registration removed
2026-09-20T01:56:46 SAMPLE   ram=74.1% (12.41GB used, 4.34GB free) cpu=100.0% (15s mean 100.0%) jobs=6 amber=0 queued=0 lanes=8
2026-09-20T01:57:46 SAMPLE   ram=74.1% (12.41GB used, 4.34GB free) cpu=100.0% (15s mean 100.0%) jobs=6 amber=0 queued=0 lanes=8
2026-09-20T01:58:46 SAMPLE   ram=71.8% (12.03GB used, 4.72GB free) cpu=100.0% (15s mean 100.0%) jobs=6 amber=0 queued=0 lanes=8
2026-09-20T01:59:46 SAMPLE   ram=72.6% (12.16GB used, 4.59GB free) cpu=94.8% (15s mean 97.9%) jobs=6 amber=0 queued=0 lanes=8
2026-09-20T02:00:46 REAP     s29P_prim_s1 (pid 4308) is gone; registration removed
2026-09-20T02:00:46 SAMPLE   ram=72.1% (12.07GB used, 4.68GB free) cpu=97.8% (15s mean 97.3%) jobs=5 amber=0 queued=0 lanes=8
2026-09-20T02:01:47 SAMPLE   ram=75.2% (12.60GB used, 4.15GB free) cpu=100.0% (15s mean 98.7%) jobs=8 amber=0 queued=0 lanes=8
2026-09-20T02:02:42 REAP     s29B_sub126_24 (pid 35740) is gone; registration removed
2026-09-20T02:02:46 REAP     s29B_sub126_14 (pid 34108) is gone; registration removed
2026-09-20T02:02:47 SAMPLE   ram=70.7% (11.84GB used, 4.91GB free) cpu=100.0% (15s mean 100.0%) jobs=5 amber=0 queued=0 lanes=8
2026-09-20T02:03:47 SAMPLE   ram=70.9% (11.87GB used, 4.88GB free) cpu=85.0% (15s mean 85.0%) jobs=5 amber=0 queued=0 lanes=8
2026-09-20T02:04:47 SAMPLE   ram=74.7% (12.51GB used, 4.24GB free) cpu=100.0% (15s mean 100.0%) jobs=7 amber=0 queued=0 lanes=8
2026-09-20T02:05:32 REAP     s29O_chainEF_s0 (pid 13916) is gone; registration removed
2026-09-20T02:05:47 SAMPLE   ram=72.3% (12.11GB used, 4.64GB free) cpu=83.7% (15s mean 85.0%) jobs=5 amber=0 queued=0 lanes=8
2026-09-20T02:05:52 REAP     s29O_chBCD1b (pid 15800) is gone; registration removed
2026-09-20T02:05:52 REAP     s29O_chEF0 (pid 39256) is gone; registration removed
2026-09-20T02:06:27 REAP     s29B_end12_02 (pid 28868) is gone; registration removed
2026-09-20T02:06:47 SAMPLE   ram=74.5% (12.47GB used, 4.28GB free) cpu=100.0% (15s mean 100.0%) jobs=7 amber=0 queued=0 lanes=8
2026-09-20T02:07:47 SAMPLE   ram=73.2% (12.27GB used, 4.48GB free) cpu=95.4% (15s mean 96.5%) jobs=6 amber=0 queued=0 lanes=8
2026-09-20T02:08:47 SAMPLE   ram=71.7% (12.01GB used, 4.74GB free) cpu=93.9% (15s mean 94.0%) jobs=6 amber=0 queued=0 lanes=8
2026-09-20T02:09:47 SAMPLE   ram=72.4% (12.12GB used, 4.63GB free) cpu=100.0% (15s mean 100.0%) jobs=6 amber=0 queued=0 lanes=8
2026-09-20T02:10:47 SAMPLE   ram=72.2% (12.10GB used, 4.65GB free) cpu=97.4% (15s mean 95.1%) jobs=6 amber=0 queued=0 lanes=8
2026-09-20T02:11:47 SAMPLE   ram=73.4% (12.30GB used, 4.45GB free) cpu=93.1% (15s mean 95.4%) jobs=6 amber=0 queued=0 lanes=8
2026-09-20T02:12:47 SAMPLE   ram=73.5% (12.31GB used, 4.44GB free) cpu=96.9% (15s mean 95.6%) jobs=6 amber=0 queued=0 lanes=8
2026-09-20T02:13:47 SAMPLE   ram=74.2% (12.43GB used, 4.32GB free) cpu=100.0% (15s mean 100.0%) jobs=6 amber=0 queued=0 lanes=8
2026-09-20T02:14:47 SAMPLE   ram=76.8% (12.86GB used, 3.89GB free) cpu=100.0% (15s mean 99.7%) jobs=6 amber=0 queued=0 lanes=8
2026-09-20T02:15:47 SAMPLE   ram=74.6% (12.50GB used, 4.25GB free) cpu=100.0% (15s mean 100.0%) jobs=6 amber=0 queued=0 lanes=8
2026-09-20T02:16:47 SAMPLE   ram=73.9% (12.39GB used, 4.36GB free) cpu=95.4% (15s mean 96.5%) jobs=6 amber=0 queued=0 lanes=8
2026-09-20T02:17:48 SAMPLE   ram=76.4% (12.80GB used, 3.94GB free) cpu=100.0% (15s mean 100.0%) jobs=6 amber=0 queued=0 lanes=8
2026-09-20T02:18:48 SAMPLE   ram=74.2% (12.44GB used, 4.31GB free) cpu=100.0% (15s mean 100.0%) jobs=6 amber=0 queued=0 lanes=8
2026-09-20T02:19:47 SAMPLE   ram=73.5% (12.32GB used, 4.43GB free) cpu=96.2% (15s mean 94.8%) jobs=6 amber=0 queued=0 lanes=8
2026-09-20T02:20:47 SAMPLE   ram=74.0% (12.39GB used, 4.36GB free) cpu=96.8% (15s mean 96.9%) jobs=6 amber=0 queued=0 lanes=8
2026-09-20T02:21:48 SAMPLE   ram=73.9% (12.38GB used, 4.37GB free) cpu=96.0% (15s mean 96.4%) jobs=6 amber=0 queued=0 lanes=8
2026-09-20T02:22:48 SAMPLE   ram=74.2% (12.44GB used, 4.31GB free) cpu=100.0% (15s mean 99.8%) jobs=6 amber=0 queued=0 lanes=8
2026-09-20T02:23:48 SAMPLE   ram=72.8% (12.19GB used, 4.56GB free) cpu=98.3% (15s mean 97.6%) jobs=6 amber=0 queued=0 lanes=8
2026-09-20T02:24:48 SAMPLE   ram=72.9% (12.21GB used, 4.54GB free) cpu=85.0% (15s mean 88.9%) jobs=6 amber=0 queued=0 lanes=8
2026-09-20T02:25:13 REAP     s29O_chEF2 (pid 30252) is gone; registration removed
2026-09-20T02:25:18 REAP     s29B_sub126_24 (pid 31452) is gone; registration removed
2026-09-20T02:25:18 REAP     s29O_chEF0c (pid 8028) is gone; registration removed
2026-09-20T02:25:48 SAMPLE   ram=75.4% (12.62GB used, 4.13GB free) cpu=100.0% (15s mean 100.0%) jobs=8 amber=0 queued=0 lanes=8
2026-09-20T02:26:48 SAMPLE   ram=74.0% (12.39GB used, 4.36GB free) cpu=99.2% (15s mean 99.6%) jobs=7 amber=0 queued=0 lanes=8
2026-09-20T02:27:48 SAMPLE   ram=74.9% (12.54GB used, 4.21GB free) cpu=96.5% (15s mean 97.1%) jobs=7 amber=0 queued=0 lanes=8
2026-09-20T02:28:48 SAMPLE   ram=72.5% (12.14GB used, 4.61GB free) cpu=95.4% (15s mean 89.7%) jobs=6 amber=0 queued=0 lanes=8
2026-09-20T02:29:08 REAP     s29O_chainEF_s2 (pid 36016) is gone; registration removed
2026-09-20T02:29:08 REAP     s29O_chEF2b (pid 39816) is gone; registration removed
2026-09-20T02:29:48 SAMPLE   ram=75.6% (12.67GB used, 4.08GB free) cpu=100.0% (15s mean 100.0%) jobs=8 amber=0 queued=0 lanes=8
2026-09-20T02:30:48 SAMPLE   ram=75.4% (12.63GB used, 4.12GB free) cpu=100.0% (15s mean 100.0%) jobs=8 amber=0 queued=0 lanes=8
2026-09-20T02:31:48 SAMPLE   ram=74.2% (12.43GB used, 4.32GB free) cpu=100.0% (15s mean 100.0%) jobs=8 amber=0 queued=0 lanes=8
2026-09-20T02:32:03 REAP     s29B_end126_14 (pid 28808) is gone; registration removed
2026-09-20T02:32:38 REAP     s29B_sub126_04 (pid 33568) is gone; registration removed
2026-09-20T02:32:48 SAMPLE   ram=74.3% (12.44GB used, 4.31GB free) cpu=100.0% (15s mean 98.8%) jobs=7 amber=0 queued=0 lanes=8
2026-09-20T02:33:23 REAP     s29B_gs_12 (pid 29420) is gone; registration removed
2026-09-20T02:33:28 LAUNCH   s29D_pytest_pipeline agent=S29D tag=TEST est_ram=1.6GB cmd=C:/Users/abena/miniforge_3/python.exe -m pytest tests/test_pipeline.py -q -p no:cacheprovider
2026-09-20T02:33:48 SAMPLE   ram=72.3% (12.11GB used, 4.64GB free) cpu=83.0% (15s mean 87.6%) jobs=6 amber=0 queued=3 lanes=8
2026-09-20T02:34:48 SAMPLE   ram=79.4% (13.31GB used, 3.44GB free) cpu=100.0% (15s mean 100.0%) jobs=8 amber=0 queued=3 lanes=8
2026-09-20T02:35:48 SAMPLE   ram=77.8% (13.03GB used, 3.72GB free) cpu=100.0% (15s mean 100.0%) jobs=8 amber=0 queued=3 lanes=8
2026-09-20T02:36:49 SAMPLE   ram=77.5% (12.98GB used, 3.77GB free) cpu=100.0% (15s mean 100.0%) jobs=8 amber=0 queued=3 lanes=8
2026-09-20T02:37:03 REAP     s29B_end126_34 (pid 13144) is gone; registration removed
2026-09-20T02:37:04 LAUNCH   s29D_pytest_integration agent=S29D tag=TEST est_ram=1.6GB cmd=C:/Users/abena/miniforge_3/python.exe -c import os, sys; os.environ['VERIFY_SLOW']='1'; import pytest; sys.exit(pytest.main(['tests/test_integration.py','tests/
2026-09-20T02:37:49 SAMPLE   ram=79.7% (13.35GB used, 3.40GB free) cpu=100.0% (15s mean 100.0%) jobs=7 amber=0 queued=2 lanes=8
2026-09-20T02:38:08 LAUNCH   s29D_pytest_amber1 agent=S29D tag=AMBER est_ram=1.2GB cmd=C:/Users/abena/miniforge_3/python.exe -m pytest tests/test_amber.py -q -p no:cacheprovider
2026-09-20T02:38:48 SAMPLE   ram=72.7% (12.18GB used, 4.57GB free) cpu=88.7% (15s mean 93.9%) jobs=6 amber=0 queued=1 lanes=8
2026-09-20T02:39:13 LAUNCH   s29D_pytest_amber2 agent=S29D tag=AMBER est_ram=1.2GB cmd=C:/Users/abena/miniforge_3/python.exe -m pytest tests/test_amber_frame_invariance.py -q -p no:cacheprovider
2026-09-20T02:39:49 SAMPLE   ram=73.3% (12.27GB used, 4.48GB free) cpu=98.4% (15s mean 96.1%) jobs=6 amber=0 queued=0 lanes=8
2026-09-20T02:40:49 SAMPLE   ram=77.7% (13.02GB used, 3.73GB free) cpu=100.0% (15s mean 100.0%) jobs=8 amber=2 queued=0 lanes=8
2026-09-20T02:41:49 SAMPLE   ram=74.9% (12.55GB used, 4.20GB free) cpu=94.7% (15s mean 96.1%) jobs=7 amber=2 queued=0 lanes=8
2026-09-20T02:42:49 SAMPLE   ram=75.1% (12.58GB used, 4.17GB free) cpu=100.0% (15s mean 100.0%) jobs=7 amber=2 queued=0 lanes=8
2026-09-20T02:43:49 SAMPLE   ram=76.9% (12.89GB used, 3.86GB free) cpu=100.0% (15s mean 100.0%) jobs=7 amber=2 queued=0 lanes=8
2026-09-20T02:44:49 SAMPLE   ram=73.1% (12.24GB used, 4.50GB free) cpu=88.3% (15s mean 94.9%) jobs=6 amber=1 queued=0 lanes=8
2026-09-20T02:44:54 REAP     s29D_pytest_amber1 (pid 14712) is gone; registration removed
2026-09-20T02:45:49 SAMPLE   ram=75.9% (12.71GB used, 4.04GB free) cpu=100.0% (15s mean 100.0%) jobs=8 amber=0 queued=0 lanes=8
2026-09-20T02:46:49 REAP     m_f1_full (pid 17240) is gone; registration removed
2026-09-20T02:46:49 SAMPLE   ram=74.9% (12.54GB used, 4.21GB free) cpu=100.0% (15s mean 100.0%) jobs=7 amber=0 queued=0 lanes=8
2026-09-20T02:47:49 SAMPLE   ram=75.0% (12.56GB used, 4.19GB free) cpu=100.0% (15s mean 99.6%) jobs=7 amber=0 queued=0 lanes=8
2026-09-20T02:48:09 REAP     s29X_probe12d (pid 35684) is gone; registration removed
2026-09-20T02:48:49 SAMPLE   ram=75.7% (12.68GB used, 4.07GB free) cpu=100.0% (15s mean 92.6%) jobs=8 amber=0 queued=0 lanes=8
2026-09-20T02:49:49 SAMPLE   ram=75.2% (12.60GB used, 4.15GB free) cpu=100.0% (15s mean 100.0%) jobs=8 amber=0 queued=0 lanes=8
2026-09-20T02:50:49 SAMPLE   ram=75.4% (12.62GB used, 4.12GB free) cpu=100.0% (15s mean 100.0%) jobs=8 amber=0 queued=0 lanes=8
2026-09-20T02:51:49 SAMPLE   ram=75.8% (12.69GB used, 4.06GB free) cpu=100.0% (15s mean 100.0%) jobs=8 amber=0 queued=0 lanes=8
2026-09-20T02:52:49 SAMPLE   ram=75.7% (12.68GB used, 4.07GB free) cpu=100.0% (15s mean 100.0%) jobs=8 amber=0 queued=0 lanes=8
2026-09-20T02:53:50 SAMPLE   ram=76.5% (12.82GB used, 3.93GB free) cpu=100.0% (15s mean 100.0%) jobs=8 amber=0 queued=0 lanes=8
2026-09-20T02:54:50 SAMPLE   ram=76.6% (12.84GB used, 3.91GB free) cpu=100.0% (15s mean 100.0%) jobs=8 amber=0 queued=0 lanes=8
2026-09-20T02:55:35 REAP     s29D_fields_b3 (pid 26872) is gone; registration removed
2026-09-20T02:55:50 SAMPLE   ram=74.7% (12.51GB used, 4.24GB free) cpu=99.5% (15s mean 99.8%) jobs=7 amber=0 queued=0 lanes=8
2026-09-20T02:56:50 SAMPLE   ram=74.5% (12.48GB used, 4.27GB free) cpu=98.9% (15s mean 99.6%) jobs=7 amber=0 queued=0 lanes=8
2026-09-20T02:57:50 SAMPLE   ram=74.5% (12.47GB used, 4.28GB free) cpu=94.8% (15s mean 94.5%) jobs=7 amber=0 queued=0 lanes=8
2026-09-20T02:58:50 SAMPLE   ram=74.5% (12.48GB used, 4.27GB free) cpu=93.5% (15s mean 95.2%) jobs=7 amber=0 queued=0 lanes=8
2026-09-20T02:59:50 SAMPLE   ram=74.4% (12.46GB used, 4.29GB free) cpu=97.4% (15s mean 99.1%) jobs=7 amber=0 queued=0 lanes=8
2026-09-20T03:00:50 SAMPLE   ram=74.5% (12.48GB used, 4.26GB free) cpu=95.9% (15s mean 95.6%) jobs=7 amber=0 queued=0 lanes=8
2026-09-20T03:01:50 SAMPLE   ram=74.0% (12.40GB used, 4.35GB free) cpu=93.7% (15s mean 93.5%) jobs=7 amber=0 queued=0 lanes=8
2026-09-20T03:02:50 SAMPLE   ram=74.3% (12.45GB used, 4.30GB free) cpu=96.7% (15s mean 97.4%) jobs=7 amber=0 queued=0 lanes=8
2026-09-20T03:03:50 SAMPLE   ram=73.4% (12.29GB used, 4.46GB free) cpu=85.3% (15s mean 91.0%) jobs=6 amber=0 queued=0 lanes=8
2026-09-20T03:04:50 SAMPLE   ram=79.1% (13.25GB used, 3.50GB free) cpu=100.0% (15s mean 100.0%) jobs=8 amber=0 queued=1 lanes=8
2026-09-20T03:05:00 LAUNCH   s29D_pytest_integration2 agent=S29D tag=TEST est_ram=1.6GB cmd=C:/Users/abena/miniforge_3/python.exe -c import os, sys; os.environ['VERIFY_SLOW']='1'; import pytest; sys.exit(pytest.main(['tests/test_integration.py','tests/
2026-09-20T03:05:50 SAMPLE   ram=77.6% (12.99GB used, 3.76GB free) cpu=94.2% (15s mean 96.7%) jobs=7 amber=0 queued=0 lanes=8
2026-09-20T03:06:30 REAP     s29D_pytest_integration (pid 20880) is gone; registration removed
2026-09-20T03:06:50 SAMPLE   ram=73.2% (12.26GB used, 4.49GB free) cpu=85.5% (15s mean 90.1%) jobs=6 amber=0 queued=0 lanes=8
2026-09-20T03:07:50 SAMPLE   ram=73.5% (12.31GB used, 4.44GB free) cpu=95.9% (15s mean 96.2%) jobs=6 amber=0 queued=0 lanes=8
2026-09-20T03:08:50 SAMPLE   ram=75.6% (12.67GB used, 4.08GB free) cpu=98.2% (15s mean 88.7%) jobs=8 amber=0 queued=0 lanes=8
2026-09-20T03:09:05 REAP     s29B_chain_34 (pid 5172) is gone; registration removed
2026-09-20T03:09:25 REAP     m_f2_gate (pid 13924) is gone; registration removed
2026-09-20T03:09:50 SAMPLE   ram=76.7% (12.85GB used, 3.90GB free) cpu=84.4% (15s mean 88.2%) jobs=6 amber=0 queued=0 lanes=8
2026-09-20T03:10:15 REAP     s29B_chain_04 (pid 17488) is gone; registration removed
2026-09-20T03:10:50 SAMPLE   ram=75.6% (12.66GB used, 4.09GB free) cpu=79.8% (15s mean 83.1%) jobs=5 amber=0 queued=0 lanes=8
2026-09-20T03:11:05 REAP     s29D_pytest_integration2 (pid 22936) is gone; registration removed
2026-09-20T03:11:50 SAMPLE   ram=69.4% (11.63GB used, 5.12GB free) cpu=71.6% (15s mean 65.3%) jobs=4 amber=0 queued=0 lanes=8
2026-09-20T03:12:40 REAP     s29B_chain_24 (pid 30996) is gone; registration removed
2026-09-20T03:12:50 SAMPLE   ram=68.9% (11.54GB used, 5.21GB free) cpu=65.2% (15s mean 58.6%) jobs=3 amber=0 queued=0 lanes=8
2026-09-20T03:13:50 SAMPLE   ram=69.0% (11.55GB used, 5.20GB free) cpu=68.2% (15s mean 59.9%) jobs=3 amber=0 queued=0 lanes=8
2026-09-20T03:14:50 SAMPLE   ram=66.1% (11.07GB used, 5.68GB free) cpu=54.2% (15s mean 40.8%) jobs=2 amber=0 queued=0 lanes=8
2026-09-20T03:15:50 SAMPLE   ram=66.1% (11.08GB used, 5.67GB free) cpu=54.6% (15s mean 43.1%) jobs=2 amber=0 queued=0 lanes=8
2026-09-20T03:16:50 SAMPLE   ram=65.9% (11.04GB used, 5.71GB free) cpu=44.8% (15s mean 40.4%) jobs=2 amber=0 queued=0 lanes=8
2026-09-20T03:17:50 SAMPLE   ram=65.9% (11.03GB used, 5.71GB free) cpu=40.6% (15s mean 39.4%) jobs=2 amber=0 queued=0 lanes=8
2026-09-20T03:18:50 SAMPLE   ram=65.5% (10.97GB used, 5.78GB free) cpu=41.0% (15s mean 42.8%) jobs=2 amber=0 queued=0 lanes=8
2026-09-20T03:18:55 REAP     s29D_m6_chain (pid 13020) is gone; registration removed
2026-09-20T03:19:50 SAMPLE   ram=64.4% (10.79GB used, 5.96GB free) cpu=20.0% (15s mean 31.0%) jobs=1 amber=0 queued=0 lanes=8
2026-09-20T03:20:50 SAMPLE   ram=64.3% (10.77GB used, 5.98GB free) cpu=19.5% (15s mean 31.9%) jobs=1 amber=0 queued=0 lanes=8
2026-09-20T03:21:50 SAMPLE   ram=64.1% (10.74GB used, 6.01GB free) cpu=23.0% (15s mean 26.7%) jobs=1 amber=0 queued=0 lanes=8
2026-09-20T03:22:50 SAMPLE   ram=64.9% (10.87GB used, 5.88GB free) cpu=21.2% (15s mean 30.8%) jobs=1 amber=0 queued=0 lanes=8
2026-09-20T03:23:50 SAMPLE   ram=66.2% (11.08GB used, 5.67GB free) cpu=36.3% (15s mean 34.3%) jobs=2 amber=0 queued=0 lanes=8
2026-09-20T03:24:50 SAMPLE   ram=65.9% (11.03GB used, 5.72GB free) cpu=32.4% (15s mean 36.7%) jobs=2 amber=0 queued=0 lanes=8
2026-09-20T03:25:50 SAMPLE   ram=66.3% (11.10GB used, 5.65GB free) cpu=33.5% (15s mean 33.9%) jobs=2 amber=0 queued=0 lanes=8
2026-09-20T03:26:35 REAP     s29X_bestofn (pid 7244) is gone; registration removed
2026-09-20T03:26:50 SAMPLE   ram=64.3% (10.77GB used, 5.98GB free) cpu=29.2% (15s mean 23.6%) jobs=1 amber=0 queued=0 lanes=8
2026-09-20T03:27:50 SAMPLE   ram=64.6% (10.82GB used, 5.93GB free) cpu=21.5% (15s mean 22.5%) jobs=1 amber=0 queued=0 lanes=8
2026-09-20T03:28:50 SAMPLE   ram=64.2% (10.76GB used, 5.99GB free) cpu=20.6% (15s mean 21.3%) jobs=1 amber=0 queued=0 lanes=8
2026-09-20T03:29:50 SAMPLE   ram=64.4% (10.78GB used, 5.97GB free) cpu=17.7% (15s mean 19.6%) jobs=1 amber=0 queued=0 lanes=8
2026-09-20T03:30:50 SAMPLE   ram=64.1% (10.73GB used, 6.01GB free) cpu=22.8% (15s mean 22.4%) jobs=1 amber=0 queued=0 lanes=8
2026-09-20T03:31:50 SAMPLE   ram=64.1% (10.74GB used, 6.00GB free) cpu=20.1% (15s mean 19.5%) jobs=1 amber=0 queued=0 lanes=8
2026-09-20T03:32:50 SAMPLE   ram=64.3% (10.78GB used, 5.97GB free) cpu=35.7% (15s mean 26.5%) jobs=1 amber=0 queued=0 lanes=8
2026-09-20T03:33:50 SAMPLE   ram=64.4% (10.79GB used, 5.96GB free) cpu=44.1% (15s mean 29.7%) jobs=1 amber=0 queued=0 lanes=8
2026-09-20T03:34:50 SAMPLE   ram=64.4% (10.79GB used, 5.96GB free) cpu=33.5% (15s mean 28.1%) jobs=1 amber=0 queued=0 lanes=8
2026-09-20T03:35:50 SAMPLE   ram=64.4% (10.78GB used, 5.97GB free) cpu=28.0% (15s mean 29.2%) jobs=1 amber=0 queued=0 lanes=8
2026-09-20T03:36:50 SAMPLE   ram=63.4% (10.62GB used, 6.13GB free) cpu=17.7% (15s mean 24.5%) jobs=1 amber=0 queued=0 lanes=8
2026-09-20T03:37:50 SAMPLE   ram=64.4% (10.79GB used, 5.96GB free) cpu=23.1% (15s mean 27.5%) jobs=1 amber=0 queued=0 lanes=8
2026-09-20T03:38:50 SAMPLE   ram=63.8% (10.69GB used, 6.06GB free) cpu=22.9% (15s mean 22.6%) jobs=1 amber=0 queued=0 lanes=8
2026-09-20T03:39:50 SAMPLE   ram=64.1% (10.73GB used, 6.02GB free) cpu=18.1% (15s mean 22.2%) jobs=1 amber=0 queued=0 lanes=8
2026-09-20T03:40:50 SAMPLE   ram=64.2% (10.75GB used, 6.00GB free) cpu=30.9% (15s mean 23.6%) jobs=1 amber=0 queued=0 lanes=8
2026-09-20T03:41:50 SAMPLE   ram=64.3% (10.76GB used, 5.99GB free) cpu=20.5% (15s mean 20.8%) jobs=1 amber=0 queued=0 lanes=8
2026-09-20T03:42:50 SAMPLE   ram=64.0% (10.72GB used, 6.03GB free) cpu=20.4% (15s mean 21.2%) jobs=1 amber=0 queued=0 lanes=8
2026-09-20T03:43:50 SAMPLE   ram=63.9% (10.71GB used, 6.04GB free) cpu=25.0% (15s mean 20.4%) jobs=1 amber=0 queued=0 lanes=8
2026-09-20T03:44:50 SAMPLE   ram=63.8% (10.69GB used, 6.06GB free) cpu=40.4% (15s mean 28.9%) jobs=1 amber=0 queued=0 lanes=8
2026-09-20T03:45:50 SAMPLE   ram=63.8% (10.69GB used, 6.06GB free) cpu=35.5% (15s mean 25.6%) jobs=1 amber=0 queued=0 lanes=8
2026-09-20T03:46:50 SAMPLE   ram=63.6% (10.64GB used, 6.11GB free) cpu=27.0% (15s mean 24.5%) jobs=1 amber=0 queued=0 lanes=8
2026-09-20T03:46:55 REAP     s29X_probe12e (pid 35452) is gone; registration removed
2026-09-20T03:47:50 SAMPLE   ram=62.6% (10.48GB used, 6.27GB free) cpu=10.0% (15s mean 14.3%) jobs=0 amber=0 queued=0 lanes=8
2026-09-20T03:48:50 SAMPLE   ram=62.0% (10.38GB used, 6.37GB free) cpu=10.8% (15s mean 17.8%) jobs=0 amber=0 queued=0 lanes=8
2026-09-20T03:49:50 SAMPLE   ram=62.1% (10.41GB used, 6.34GB free) cpu=11.5% (15s mean 11.3%) jobs=0 amber=0 queued=0 lanes=8
2026-09-20T03:50:50 SAMPLE   ram=62.0% (10.38GB used, 6.37GB free) cpu=9.8% (15s mean 10.1%) jobs=0 amber=0 queued=0 lanes=8
2026-09-20T03:51:50 SAMPLE   ram=62.3% (10.43GB used, 6.32GB free) cpu=8.9% (15s mean 12.6%) jobs=0 amber=0 queued=0 lanes=8
2026-09-20T03:52:50 SAMPLE   ram=62.2% (10.42GB used, 6.33GB free) cpu=8.0% (15s mean 10.0%) jobs=0 amber=0 queued=0 lanes=8
2026-09-20T03:53:50 SAMPLE   ram=62.7% (10.51GB used, 6.24GB free) cpu=8.8% (15s mean 8.2%) jobs=0 amber=0 queued=0 lanes=8
2026-09-20T03:54:50 SAMPLE   ram=62.6% (10.48GB used, 6.27GB free) cpu=8.2% (15s mean 8.2%) jobs=0 amber=0 queued=0 lanes=8
2026-09-20T03:55:50 SAMPLE   ram=67.9% (11.37GB used, 5.38GB free) cpu=13.6% (15s mean 21.3%) jobs=0 amber=0 queued=0 lanes=8
2026-09-20T03:56:50 SAMPLE   ram=66.1% (11.07GB used, 5.67GB free) cpu=8.3% (15s mean 7.1%) jobs=0 amber=0 queued=0 lanes=8
2026-09-20T03:57:50 SAMPLE   ram=65.6% (10.99GB used, 5.76GB free) cpu=9.0% (15s mean 12.0%) jobs=0 amber=0 queued=0 lanes=8
2026-09-20T03:58:50 SAMPLE   ram=65.5% (10.97GB used, 5.78GB free) cpu=6.7% (15s mean 8.6%) jobs=0 amber=0 queued=0 lanes=8
2026-09-20T03:59:50 SAMPLE   ram=65.3% (10.94GB used, 5.81GB free) cpu=13.8% (15s mean 8.6%) jobs=0 amber=0 queued=0 lanes=8
2026-09-20T04:00:50 SAMPLE   ram=65.7% (11.01GB used, 5.74GB free) cpu=8.8% (15s mean 7.4%) jobs=0 amber=0 queued=0 lanes=8
2026-09-20T04:01:50 SAMPLE   ram=66.2% (11.09GB used, 5.66GB free) cpu=6.9% (15s mean 7.3%) jobs=0 amber=0 queued=0 lanes=8
2026-09-20T04:02:50 SAMPLE   ram=66.1% (11.08GB used, 5.67GB free) cpu=6.6% (15s mean 6.5%) jobs=0 amber=0 queued=0 lanes=8
2026-09-20T04:03:50 SAMPLE   ram=66.5% (11.13GB used, 5.62GB free) cpu=8.3% (15s mean 9.0%) jobs=0 amber=0 queued=0 lanes=8
2026-09-20T04:04:50 SAMPLE   ram=66.5% (11.14GB used, 5.61GB free) cpu=8.3% (15s mean 8.3%) jobs=0 amber=0 queued=0 lanes=8
2026-09-20T04:05:50 SAMPLE   ram=66.4% (11.13GB used, 5.62GB free) cpu=6.5% (15s mean 6.1%) jobs=0 amber=0 queued=0 lanes=8
2026-09-20T04:06:50 SAMPLE   ram=65.9% (11.03GB used, 5.72GB free) cpu=5.7% (15s mean 6.3%) jobs=0 amber=0 queued=0 lanes=8
2026-09-20T04:07:50 SAMPLE   ram=66.1% (11.07GB used, 5.67GB free) cpu=7.3% (15s mean 8.6%) jobs=0 amber=0 queued=0 lanes=8
2026-09-20T04:08:50 SAMPLE   ram=66.1% (11.07GB used, 5.68GB free) cpu=7.3% (15s mean 7.7%) jobs=0 amber=0 queued=0 lanes=8
2026-09-20T04:09:50 SAMPLE   ram=66.2% (11.08GB used, 5.67GB free) cpu=6.0% (15s mean 8.9%) jobs=0 amber=0 queued=0 lanes=8
2026-09-20T04:10:50 SAMPLE   ram=66.1% (11.07GB used, 5.68GB free) cpu=8.6% (15s mean 11.3%) jobs=0 amber=0 queued=0 lanes=8
2026-09-20T04:11:50 SAMPLE   ram=66.4% (11.12GB used, 5.63GB free) cpu=7.3% (15s mean 8.1%) jobs=0 amber=0 queued=0 lanes=8
2026-09-20T04:12:50 SAMPLE   ram=66.0% (11.05GB used, 5.70GB free) cpu=7.9% (15s mean 7.7%) jobs=0 amber=0 queued=0 lanes=8
2026-09-20T04:13:50 SAMPLE   ram=65.9% (11.05GB used, 5.70GB free) cpu=8.1% (15s mean 7.8%) jobs=0 amber=0 queued=0 lanes=8
2026-09-20T04:14:50 SAMPLE   ram=65.8% (11.01GB used, 5.74GB free) cpu=9.4% (15s mean 7.4%) jobs=0 amber=0 queued=0 lanes=8
2026-09-20T04:15:50 SAMPLE   ram=65.8% (11.02GB used, 5.73GB free) cpu=7.6% (15s mean 6.9%) jobs=0 amber=0 queued=0 lanes=8
2026-09-20T04:16:50 SAMPLE   ram=65.9% (11.04GB used, 5.71GB free) cpu=8.7% (15s mean 7.4%) jobs=0 amber=0 queued=0 lanes=8
2026-09-20T04:17:50 SAMPLE   ram=66.3% (11.10GB used, 5.65GB free) cpu=7.6% (15s mean 7.9%) jobs=0 amber=0 queued=0 lanes=8
2026-09-20T04:18:50 SAMPLE   ram=66.1% (11.08GB used, 5.67GB free) cpu=6.2% (15s mean 9.3%) jobs=0 amber=0 queued=0 lanes=8
2026-09-20T04:19:50 SAMPLE   ram=65.9% (11.03GB used, 5.72GB free) cpu=6.4% (15s mean 10.0%) jobs=0 amber=0 queued=0 lanes=8
2026-09-20T04:20:50 SAMPLE   ram=65.9% (11.04GB used, 5.71GB free) cpu=11.0% (15s mean 9.9%) jobs=0 amber=0 queued=0 lanes=8
2026-09-20T04:21:50 SAMPLE   ram=65.9% (11.04GB used, 5.71GB free) cpu=7.5% (15s mean 7.4%) jobs=0 amber=0 queued=0 lanes=8
2026-09-20T04:22:50 SAMPLE   ram=65.6% (10.99GB used, 5.76GB free) cpu=5.8% (15s mean 6.8%) jobs=0 amber=0 queued=0 lanes=8
2026-09-20T04:23:50 SAMPLE   ram=66.7% (11.18GB used, 5.57GB free) cpu=9.4% (15s mean 7.9%) jobs=0 amber=0 queued=0 lanes=8
2026-09-20T04:24:50 SAMPLE   ram=66.9% (11.20GB used, 5.55GB free) cpu=8.4% (15s mean 7.8%) jobs=0 amber=0 queued=0 lanes=8
2026-09-20T04:25:50 SAMPLE   ram=66.7% (11.17GB used, 5.58GB free) cpu=7.1% (15s mean 7.5%) jobs=0 amber=0 queued=0 lanes=8
2026-09-20T04:26:50 SAMPLE   ram=66.1% (11.07GB used, 5.68GB free) cpu=7.0% (15s mean 8.1%) jobs=0 amber=0 queued=0 lanes=8
2026-09-20T04:27:50 SAMPLE   ram=65.7% (11.01GB used, 5.74GB free) cpu=7.4% (15s mean 7.7%) jobs=0 amber=0 queued=0 lanes=8
2026-09-20T04:28:50 SAMPLE   ram=65.8% (11.02GB used, 5.73GB free) cpu=12.4% (15s mean 10.5%) jobs=0 amber=0 queued=0 lanes=8
2026-09-20T04:29:50 SAMPLE   ram=64.5% (10.80GB used, 5.95GB free) cpu=6.7% (15s mean 10.9%) jobs=0 amber=0 queued=0 lanes=8
2026-09-20T04:30:50 SAMPLE   ram=65.0% (10.88GB used, 5.87GB free) cpu=9.4% (15s mean 11.3%) jobs=0 amber=0 queued=0 lanes=8
2026-09-20T04:31:50 SAMPLE   ram=64.7% (10.83GB used, 5.92GB free) cpu=8.8% (15s mean 7.1%) jobs=0 amber=0 queued=0 lanes=8
2026-09-20T04:32:50 SAMPLE   ram=64.7% (10.84GB used, 5.91GB free) cpu=8.8% (15s mean 7.3%) jobs=0 amber=0 queued=0 lanes=8
2026-09-20T04:33:50 SAMPLE   ram=64.9% (10.87GB used, 5.88GB free) cpu=8.5% (15s mean 6.6%) jobs=0 amber=0 queued=0 lanes=8
2026-09-20T04:34:50 SAMPLE   ram=64.9% (10.88GB used, 5.87GB free) cpu=4.7% (15s mean 7.4%) jobs=0 amber=0 queued=0 lanes=8
2026-09-20T04:35:50 SAMPLE   ram=64.9% (10.87GB used, 5.88GB free) cpu=5.2% (15s mean 7.5%) jobs=0 amber=0 queued=0 lanes=8
2026-09-20T04:36:50 SAMPLE   ram=64.5% (10.81GB used, 5.94GB free) cpu=5.9% (15s mean 5.9%) jobs=0 amber=0 queued=0 lanes=8
2026-09-20T04:37:50 SAMPLE   ram=64.4% (10.78GB used, 5.97GB free) cpu=5.4% (15s mean 6.9%) jobs=0 amber=0 queued=0 lanes=8
2026-09-20T04:38:50 SAMPLE   ram=64.5% (10.80GB used, 5.95GB free) cpu=9.7% (15s mean 9.6%) jobs=0 amber=0 queued=0 lanes=8
2026-09-20T04:39:50 SAMPLE   ram=64.5% (10.81GB used, 5.94GB free) cpu=6.0% (15s mean 6.8%) jobs=0 amber=0 queued=0 lanes=8
2026-09-20T04:40:50 SAMPLE   ram=64.5% (10.80GB used, 5.95GB free) cpu=6.7% (15s mean 8.2%) jobs=0 amber=0 queued=0 lanes=8
2026-09-20T04:41:50 SAMPLE   ram=64.4% (10.78GB used, 5.97GB free) cpu=6.7% (15s mean 7.6%) jobs=0 amber=0 queued=0 lanes=8
2026-09-20T04:42:50 SAMPLE   ram=64.5% (10.80GB used, 5.95GB free) cpu=5.5% (15s mean 5.9%) jobs=0 amber=0 queued=0 lanes=8
2026-09-20T04:43:50 SAMPLE   ram=64.7% (10.85GB used, 5.90GB free) cpu=7.1% (15s mean 6.6%) jobs=0 amber=0 queued=0 lanes=8
2026-09-20T04:44:50 SAMPLE   ram=64.5% (10.80GB used, 5.95GB free) cpu=7.1% (15s mean 7.0%) jobs=0 amber=0 queued=0 lanes=8
2026-09-20T04:45:50 SAMPLE   ram=64.6% (10.82GB used, 5.93GB free) cpu=8.4% (15s mean 7.9%) jobs=0 amber=0 queued=0 lanes=8
2026-09-20T04:46:50 SAMPLE   ram=64.6% (10.82GB used, 5.93GB free) cpu=12.5% (15s mean 9.6%) jobs=0 amber=0 queued=0 lanes=8
2026-09-20T04:47:50 SAMPLE   ram=64.4% (10.78GB used, 5.97GB free) cpu=8.9% (15s mean 8.2%) jobs=0 amber=0 queued=0 lanes=8
2026-09-20T04:48:50 SAMPLE   ram=65.0% (10.89GB used, 5.86GB free) cpu=11.7% (15s mean 9.0%) jobs=0 amber=0 queued=0 lanes=8
2026-09-20T04:49:50 SAMPLE   ram=64.8% (10.86GB used, 5.89GB free) cpu=8.1% (15s mean 7.5%) jobs=0 amber=0 queued=0 lanes=8
2026-09-20T04:50:50 SAMPLE   ram=64.8% (10.85GB used, 5.90GB free) cpu=9.0% (15s mean 7.7%) jobs=0 amber=0 queued=0 lanes=8
2026-09-20T04:51:50 SAMPLE   ram=64.2% (10.75GB used, 6.00GB free) cpu=7.6% (15s mean 7.3%) jobs=0 amber=0 queued=0 lanes=8
2026-09-20T04:52:50 SAMPLE   ram=64.4% (10.78GB used, 5.97GB free) cpu=5.2% (15s mean 7.0%) jobs=0 amber=0 queued=0 lanes=8
2026-09-20T04:53:50 SAMPLE   ram=64.6% (10.82GB used, 5.93GB free) cpu=7.6% (15s mean 7.9%) jobs=0 amber=0 queued=0 lanes=8
2026-09-20T04:54:50 SAMPLE   ram=65.1% (10.90GB used, 5.85GB free) cpu=6.8% (15s mean 7.2%) jobs=0 amber=0 queued=0 lanes=8
2026-09-20T04:55:50 SAMPLE   ram=64.9% (10.88GB used, 5.87GB free) cpu=5.3% (15s mean 6.2%) jobs=0 amber=0 queued=0 lanes=8
2026-09-20T04:56:50 SAMPLE   ram=64.3% (10.77GB used, 5.98GB free) cpu=6.3% (15s mean 6.8%) jobs=0 amber=0 queued=0 lanes=8
2026-09-20T04:57:50 SAMPLE   ram=64.3% (10.78GB used, 5.97GB free) cpu=8.6% (15s mean 8.6%) jobs=0 amber=0 queued=0 lanes=8
2026-09-20T04:58:50 SAMPLE   ram=64.5% (10.80GB used, 5.95GB free) cpu=8.5% (15s mean 10.4%) jobs=0 amber=0 queued=0 lanes=8
2026-09-20T04:59:50 SAMPLE   ram=64.2% (10.76GB used, 5.99GB free) cpu=10.2% (15s mean 10.2%) jobs=0 amber=0 queued=0 lanes=8
2026-09-20T05:00:50 SAMPLE   ram=64.5% (10.80GB used, 5.94GB free) cpu=9.7% (15s mean 9.0%) jobs=0 amber=0 queued=0 lanes=8
2026-09-20T05:01:50 SAMPLE   ram=64.0% (10.72GB used, 6.03GB free) cpu=6.8% (15s mean 7.2%) jobs=0 amber=0 queued=0 lanes=8
2026-09-20T05:02:50 SAMPLE   ram=64.0% (10.72GB used, 6.03GB free) cpu=5.6% (15s mean 6.6%) jobs=0 amber=0 queued=0 lanes=8
2026-09-20T05:03:50 SAMPLE   ram=64.2% (10.76GB used, 5.99GB free) cpu=9.1% (15s mean 7.4%) jobs=0 amber=0 queued=0 lanes=8
2026-09-20T05:04:50 SAMPLE   ram=64.2% (10.75GB used, 6.00GB free) cpu=5.9% (15s mean 7.0%) jobs=0 amber=0 queued=0 lanes=8
2026-09-20T05:05:50 SAMPLE   ram=64.3% (10.77GB used, 5.98GB free) cpu=7.5% (15s mean 7.2%) jobs=0 amber=0 queued=0 lanes=8
2026-09-20T05:06:50 SAMPLE   ram=63.6% (10.65GB used, 6.09GB free) cpu=7.7% (15s mean 7.5%) jobs=0 amber=0 queued=0 lanes=8
2026-09-20T05:07:50 SAMPLE   ram=63.7% (10.67GB used, 6.08GB free) cpu=7.6% (15s mean 8.4%) jobs=0 amber=0 queued=0 lanes=8
2026-09-20T05:08:50 SAMPLE   ram=63.8% (10.68GB used, 6.07GB free) cpu=8.2% (15s mean 10.3%) jobs=0 amber=0 queued=0 lanes=8
2026-09-20T05:09:50 SAMPLE   ram=63.7% (10.66GB used, 6.08GB free) cpu=6.9% (15s mean 8.3%) jobs=0 amber=0 queued=0 lanes=8
2026-09-20T05:10:50 SAMPLE   ram=63.7% (10.67GB used, 6.08GB free) cpu=5.9% (15s mean 7.7%) jobs=0 amber=0 queued=0 lanes=8
2026-09-20T05:11:50 SAMPLE   ram=63.7% (10.67GB used, 6.08GB free) cpu=5.5% (15s mean 6.9%) jobs=0 amber=0 queued=0 lanes=8
2026-09-20T05:12:50 SAMPLE   ram=63.8% (10.69GB used, 6.06GB free) cpu=8.7% (15s mean 8.7%) jobs=0 amber=0 queued=0 lanes=8
2026-09-20T05:13:50 SAMPLE   ram=63.6% (10.65GB used, 6.10GB free) cpu=8.0% (15s mean 7.4%) jobs=0 amber=0 queued=0 lanes=8
2026-09-20T05:14:50 SAMPLE   ram=63.6% (10.65GB used, 6.10GB free) cpu=5.0% (15s mean 6.6%) jobs=0 amber=0 queued=0 lanes=8
2026-09-20T05:15:50 SAMPLE   ram=63.7% (10.67GB used, 6.08GB free) cpu=9.6% (15s mean 8.3%) jobs=0 amber=0 queued=0 lanes=8
2026-09-20T05:16:50 SAMPLE   ram=63.7% (10.66GB used, 6.09GB free) cpu=6.2% (15s mean 7.3%) jobs=0 amber=0 queued=0 lanes=8
2026-09-20T05:17:50 SAMPLE   ram=63.7% (10.66GB used, 6.09GB free) cpu=6.9% (15s mean 7.8%) jobs=0 amber=0 queued=0 lanes=8
2026-09-20T05:18:50 SAMPLE   ram=63.3% (10.61GB used, 6.14GB free) cpu=6.1% (15s mean 7.1%) jobs=0 amber=0 queued=0 lanes=8
2026-09-20T05:19:50 SAMPLE   ram=64.1% (10.74GB used, 6.01GB free) cpu=5.5% (15s mean 6.5%) jobs=0 amber=0 queued=0 lanes=8
2026-09-20T05:20:50 SAMPLE   ram=64.0% (10.73GB used, 6.02GB free) cpu=8.9% (15s mean 8.3%) jobs=0 amber=0 queued=0 lanes=8
2026-09-20T05:21:50 SAMPLE   ram=63.5% (10.64GB used, 6.11GB free) cpu=6.8% (15s mean 7.1%) jobs=0 amber=0 queued=0 lanes=8
2026-09-20T05:22:50 SAMPLE   ram=63.7% (10.67GB used, 6.08GB free) cpu=12.2% (15s mean 11.0%) jobs=0 amber=0 queued=0 lanes=8
2026-09-20T05:23:50 SAMPLE   ram=63.8% (10.69GB used, 6.06GB free) cpu=7.9% (15s mean 8.2%) jobs=0 amber=0 queued=0 lanes=8
2026-09-20T05:24:50 SAMPLE   ram=63.8% (10.69GB used, 6.06GB free) cpu=7.5% (15s mean 7.3%) jobs=0 amber=0 queued=0 lanes=8
2026-09-20T05:25:50 SAMPLE   ram=63.8% (10.68GB used, 6.07GB free) cpu=5.8% (15s mean 6.0%) jobs=0 amber=0 queued=0 lanes=8
2026-09-20T05:26:50 SAMPLE   ram=63.8% (10.69GB used, 6.06GB free) cpu=5.7% (15s mean 6.1%) jobs=0 amber=0 queued=0 lanes=8
2026-09-20T05:27:50 SAMPLE   ram=63.7% (10.67GB used, 6.08GB free) cpu=11.3% (15s mean 9.7%) jobs=0 amber=0 queued=0 lanes=8
2026-09-20T05:28:50 SAMPLE   ram=63.9% (10.71GB used, 6.04GB free) cpu=8.9% (15s mean 9.9%) jobs=0 amber=0 queued=0 lanes=8
2026-09-20T05:29:50 SAMPLE   ram=64.2% (10.75GB used, 6.00GB free) cpu=8.2% (15s mean 8.0%) jobs=0 amber=0 queued=0 lanes=8
2026-09-20T05:30:50 SAMPLE   ram=64.3% (10.77GB used, 5.98GB free) cpu=7.1% (15s mean 7.4%) jobs=0 amber=0 queued=0 lanes=8
2026-09-20T05:31:50 SAMPLE   ram=63.5% (10.64GB used, 6.11GB free) cpu=7.7% (15s mean 6.5%) jobs=0 amber=0 queued=0 lanes=8
2026-09-20T05:32:50 SAMPLE   ram=63.6% (10.65GB used, 6.09GB free) cpu=5.9% (15s mean 5.9%) jobs=0 amber=0 queued=0 lanes=8
2026-09-20T05:33:50 SAMPLE   ram=63.7% (10.66GB used, 6.09GB free) cpu=7.0% (15s mean 7.0%) jobs=0 amber=0 queued=0 lanes=8
2026-09-20T05:34:50 SAMPLE   ram=63.7% (10.68GB used, 6.07GB free) cpu=5.3% (15s mean 5.6%) jobs=0 amber=0 queued=0 lanes=8
2026-09-20T05:35:50 SAMPLE   ram=63.8% (10.68GB used, 6.07GB free) cpu=5.1% (15s mean 6.6%) jobs=0 amber=0 queued=0 lanes=8
2026-09-20T05:36:50 SAMPLE   ram=63.9% (10.70GB used, 6.05GB free) cpu=5.6% (15s mean 6.4%) jobs=0 amber=0 queued=0 lanes=8
2026-09-20T05:37:50 SAMPLE   ram=63.6% (10.66GB used, 6.09GB free) cpu=5.7% (15s mean 7.3%) jobs=0 amber=0 queued=0 lanes=8
2026-09-20T05:38:50 SAMPLE   ram=63.6% (10.65GB used, 6.10GB free) cpu=6.9% (15s mean 10.7%) jobs=0 amber=0 queued=0 lanes=8
2026-09-20T05:39:50 SAMPLE   ram=63.8% (10.69GB used, 6.06GB free) cpu=9.6% (15s mean 11.5%) jobs=0 amber=0 queued=0 lanes=8
2026-09-20T05:40:50 SAMPLE   ram=64.1% (10.74GB used, 6.01GB free) cpu=8.0% (15s mean 7.6%) jobs=0 amber=0 queued=0 lanes=8
2026-09-20T05:41:50 SAMPLE   ram=64.0% (10.72GB used, 6.03GB free) cpu=7.9% (15s mean 8.0%) jobs=0 amber=0 queued=0 lanes=8
2026-09-20T05:42:50 SAMPLE   ram=64.0% (10.72GB used, 6.03GB free) cpu=7.2% (15s mean 6.3%) jobs=0 amber=0 queued=0 lanes=8
2026-09-20T05:43:50 SAMPLE   ram=64.1% (10.74GB used, 6.01GB free) cpu=6.4% (15s mean 7.2%) jobs=0 amber=0 queued=0 lanes=8
2026-09-20T05:44:50 SAMPLE   ram=63.4% (10.61GB used, 6.14GB free) cpu=9.7% (15s mean 8.8%) jobs=0 amber=0 queued=0 lanes=8
2026-09-20T05:45:50 SAMPLE   ram=63.5% (10.64GB used, 6.11GB free) cpu=6.8% (15s mean 6.2%) jobs=0 amber=0 queued=0 lanes=8
2026-09-20T05:46:50 SAMPLE   ram=63.5% (10.64GB used, 6.11GB free) cpu=5.9% (15s mean 7.3%) jobs=0 amber=0 queued=0 lanes=8
2026-09-20T05:47:50 SAMPLE   ram=63.9% (10.70GB used, 6.05GB free) cpu=5.8% (15s mean 6.9%) jobs=0 amber=0 queued=0 lanes=8
2026-09-20T05:48:50 SAMPLE   ram=63.7% (10.67GB used, 6.08GB free) cpu=7.7% (15s mean 8.9%) jobs=0 amber=0 queued=0 lanes=8
2026-09-20T05:49:51 SAMPLE   ram=63.8% (10.69GB used, 6.06GB free) cpu=5.9% (15s mean 7.6%) jobs=0 amber=0 queued=0 lanes=8
2026-09-20T05:50:51 SAMPLE   ram=63.9% (10.70GB used, 6.05GB free) cpu=7.6% (15s mean 8.8%) jobs=0 amber=0 queued=0 lanes=8
2026-09-20T05:51:51 SAMPLE   ram=63.5% (10.64GB used, 6.11GB free) cpu=7.7% (15s mean 7.6%) jobs=0 amber=0 queued=0 lanes=8
2026-09-20T05:52:51 SAMPLE   ram=63.5% (10.64GB used, 6.11GB free) cpu=7.7% (15s mean 7.9%) jobs=0 amber=0 queued=0 lanes=8
2026-09-20T05:53:51 SAMPLE   ram=64.0% (10.72GB used, 6.03GB free) cpu=6.8% (15s mean 7.0%) jobs=0 amber=0 queued=0 lanes=8
2026-09-20T05:54:51 SAMPLE   ram=63.9% (10.70GB used, 6.05GB free) cpu=6.7% (15s mean 6.2%) jobs=0 amber=0 queued=0 lanes=8
2026-09-20T05:55:51 SAMPLE   ram=64.0% (10.72GB used, 6.03GB free) cpu=5.8% (15s mean 5.7%) jobs=0 amber=0 queued=0 lanes=8
2026-09-20T05:56:51 SAMPLE   ram=64.1% (10.74GB used, 6.01GB free) cpu=5.4% (15s mean 6.9%) jobs=0 amber=0 queued=0 lanes=8
2026-09-20T05:57:51 SAMPLE   ram=65.0% (10.89GB used, 5.86GB free) cpu=11.0% (15s mean 14.3%) jobs=0 amber=0 queued=0 lanes=8
2026-09-20T05:58:51 SAMPLE   ram=65.2% (10.92GB used, 5.83GB free) cpu=9.1% (15s mean 7.8%) jobs=0 amber=0 queued=0 lanes=8
2026-09-20T05:59:51 SAMPLE   ram=65.5% (10.97GB used, 5.78GB free) cpu=10.6% (15s mean 9.3%) jobs=0 amber=0 queued=0 lanes=8
2026-09-20T06:00:51 SAMPLE   ram=65.2% (10.92GB used, 5.83GB free) cpu=7.0% (15s mean 8.9%) jobs=0 amber=0 queued=0 lanes=8
2026-09-20T06:01:51 SAMPLE   ram=64.7% (10.85GB used, 5.90GB free) cpu=8.4% (15s mean 8.0%) jobs=0 amber=0 queued=0 lanes=8
2026-09-20T06:02:51 SAMPLE   ram=64.9% (10.87GB used, 5.88GB free) cpu=6.6% (15s mean 7.3%) jobs=0 amber=0 queued=0 lanes=8
2026-09-20T06:03:51 SAMPLE   ram=64.8% (10.86GB used, 5.89GB free) cpu=6.7% (15s mean 7.4%) jobs=0 amber=0 queued=0 lanes=8
2026-09-20T06:04:51 SAMPLE   ram=64.9% (10.86GB used, 5.89GB free) cpu=7.9% (15s mean 7.4%) jobs=0 amber=0 queued=0 lanes=8
2026-09-20T06:05:51 SAMPLE   ram=64.6% (10.82GB used, 5.93GB free) cpu=7.5% (15s mean 6.9%) jobs=0 amber=0 queued=0 lanes=8
2026-09-20T06:06:51 SAMPLE   ram=64.2% (10.76GB used, 5.99GB free) cpu=6.3% (15s mean 6.7%) jobs=0 amber=0 queued=0 lanes=8
2026-09-20T06:07:51 SAMPLE   ram=65.1% (10.90GB used, 5.85GB free) cpu=5.2% (15s mean 7.3%) jobs=0 amber=0 queued=0 lanes=8
2026-09-20T06:08:51 SAMPLE   ram=64.5% (10.80GB used, 5.95GB free) cpu=11.4% (15s mean 9.4%) jobs=0 amber=0 queued=0 lanes=8
2026-09-20T06:09:51 SAMPLE   ram=64.3% (10.77GB used, 5.98GB free) cpu=7.8% (15s mean 7.5%) jobs=0 amber=0 queued=0 lanes=8
2026-09-20T06:10:51 SAMPLE   ram=64.3% (10.77GB used, 5.98GB free) cpu=6.4% (15s mean 7.2%) jobs=0 amber=0 queued=0 lanes=8
2026-09-20T06:11:51 SAMPLE   ram=64.4% (10.78GB used, 5.97GB free) cpu=6.8% (15s mean 6.6%) jobs=0 amber=0 queued=0 lanes=8
2026-09-20T06:12:51 SAMPLE   ram=64.7% (10.84GB used, 5.91GB free) cpu=6.6% (15s mean 6.0%) jobs=0 amber=0 queued=0 lanes=8
2026-09-20T06:13:51 SAMPLE   ram=64.6% (10.81GB used, 5.93GB free) cpu=10.2% (15s mean 8.3%) jobs=0 amber=0 queued=0 lanes=8
2026-09-20T06:14:51 SAMPLE   ram=64.6% (10.83GB used, 5.92GB free) cpu=8.7% (15s mean 7.8%) jobs=0 amber=0 queued=0 lanes=8
2026-09-20T06:15:51 SAMPLE   ram=64.8% (10.85GB used, 5.90GB free) cpu=7.7% (15s mean 7.6%) jobs=0 amber=0 queued=0 lanes=8
2026-09-20T06:16:51 SAMPLE   ram=64.1% (10.74GB used, 6.01GB free) cpu=8.2% (15s mean 6.7%) jobs=0 amber=0 queued=0 lanes=8
2026-09-20T06:17:51 SAMPLE   ram=64.2% (10.76GB used, 6.00GB free) cpu=6.7% (15s mean 8.8%) jobs=0 amber=0 queued=0 lanes=8
2026-09-20T06:18:51 SAMPLE   ram=64.3% (10.77GB used, 5.98GB free) cpu=10.2% (15s mean 8.9%) jobs=0 amber=0 queued=0 lanes=8
2026-09-20T06:19:51 SAMPLE   ram=63.8% (10.68GB used, 6.07GB free) cpu=5.9% (15s mean 6.3%) jobs=0 amber=0 queued=0 lanes=8
2026-09-20T06:20:51 SAMPLE   ram=63.8% (10.68GB used, 6.07GB free) cpu=9.8% (15s mean 7.3%) jobs=0 amber=0 queued=0 lanes=8
2026-09-20T06:21:51 SAMPLE   ram=63.8% (10.69GB used, 6.06GB free) cpu=5.7% (15s mean 7.2%) jobs=0 amber=0 queued=0 lanes=8
2026-09-20T06:22:51 SAMPLE   ram=63.8% (10.69GB used, 6.06GB free) cpu=7.5% (15s mean 7.1%) jobs=0 amber=0 queued=0 lanes=8
2026-09-20T06:23:51 SAMPLE   ram=64.0% (10.72GB used, 6.02GB free) cpu=7.0% (15s mean 7.2%) jobs=0 amber=0 queued=0 lanes=8
2026-09-20T06:24:51 SAMPLE   ram=64.1% (10.73GB used, 6.02GB free) cpu=5.9% (15s mean 6.7%) jobs=0 amber=0 queued=0 lanes=8
2026-09-20T06:25:51 SAMPLE   ram=64.4% (10.79GB used, 5.96GB free) cpu=6.1% (15s mean 7.4%) jobs=0 amber=0 queued=0 lanes=8
2026-09-20T06:26:51 SAMPLE   ram=64.1% (10.74GB used, 6.01GB free) cpu=7.5% (15s mean 7.1%) jobs=0 amber=0 queued=0 lanes=8
2026-09-20T06:27:51 SAMPLE   ram=64.5% (10.80GB used, 5.95GB free) cpu=8.2% (15s mean 7.8%) jobs=0 amber=0 queued=0 lanes=8
2026-09-20T06:28:51 SAMPLE   ram=64.4% (10.79GB used, 5.96GB free) cpu=6.3% (15s mean 7.3%) jobs=0 amber=0 queued=0 lanes=8
2026-09-20T06:29:51 SAMPLE   ram=64.1% (10.74GB used, 6.01GB free) cpu=10.6% (15s mean 10.5%) jobs=0 amber=0 queued=0 lanes=8
2026-09-20T06:30:51 SAMPLE   ram=64.4% (10.79GB used, 5.96GB free) cpu=7.7% (15s mean 6.5%) jobs=0 amber=0 queued=0 lanes=8
2026-09-20T06:31:51 SAMPLE   ram=63.8% (10.68GB used, 6.07GB free) cpu=8.5% (15s mean 7.1%) jobs=0 amber=0 queued=0 lanes=8
2026-09-20T06:32:51 SAMPLE   ram=64.6% (10.82GB used, 5.92GB free) cpu=8.2% (15s mean 7.5%) jobs=0 amber=0 queued=0 lanes=8
2026-09-20T06:33:51 SAMPLE   ram=64.7% (10.83GB used, 5.92GB free) cpu=8.1% (15s mean 7.2%) jobs=0 amber=0 queued=0 lanes=8
2026-09-20T06:34:51 SAMPLE   ram=64.4% (10.79GB used, 5.96GB free) cpu=7.0% (15s mean 7.3%) jobs=0 amber=0 queued=0 lanes=8
2026-09-20T06:35:51 SAMPLE   ram=64.5% (10.81GB used, 5.94GB free) cpu=7.2% (15s mean 6.9%) jobs=0 amber=0 queued=0 lanes=8
2026-09-20T06:36:51 SAMPLE   ram=64.1% (10.74GB used, 6.01GB free) cpu=6.5% (15s mean 6.1%) jobs=0 amber=0 queued=0 lanes=8
2026-09-20T06:37:51 SAMPLE   ram=64.6% (10.82GB used, 5.93GB free) cpu=6.0% (15s mean 7.7%) jobs=0 amber=0 queued=0 lanes=8
2026-09-20T06:38:51 SAMPLE   ram=64.4% (10.79GB used, 5.96GB free) cpu=10.3% (15s mean 8.7%) jobs=0 amber=0 queued=0 lanes=8
2026-09-20T06:39:51 SAMPLE   ram=64.4% (10.79GB used, 5.96GB free) cpu=7.3% (15s mean 8.0%) jobs=0 amber=0 queued=0 lanes=8
2026-09-20T06:40:51 SAMPLE   ram=64.4% (10.78GB used, 5.97GB free) cpu=8.1% (15s mean 6.9%) jobs=0 amber=0 queued=0 lanes=8
2026-09-20T06:41:51 SAMPLE   ram=64.3% (10.78GB used, 5.97GB free) cpu=6.8% (15s mean 7.0%) jobs=0 amber=0 queued=0 lanes=8
2026-09-20T06:42:51 SAMPLE   ram=64.4% (10.79GB used, 5.96GB free) cpu=7.9% (15s mean 8.6%) jobs=0 amber=0 queued=0 lanes=8
2026-09-20T06:43:51 SAMPLE   ram=64.4% (10.79GB used, 5.96GB free) cpu=7.2% (15s mean 7.6%) jobs=0 amber=0 queued=0 lanes=8
2026-09-20T06:44:51 SAMPLE   ram=64.3% (10.76GB used, 5.99GB free) cpu=8.0% (15s mean 6.2%) jobs=0 amber=0 queued=0 lanes=8
2026-09-20T06:45:51 SAMPLE   ram=64.4% (10.78GB used, 5.97GB free) cpu=6.6% (15s mean 5.9%) jobs=0 amber=0 queued=0 lanes=8
2026-09-20T06:46:51 SAMPLE   ram=64.4% (10.79GB used, 5.96GB free) cpu=7.5% (15s mean 8.1%) jobs=0 amber=0 queued=0 lanes=8
2026-09-20T06:47:51 SAMPLE   ram=64.9% (10.87GB used, 5.88GB free) cpu=6.4% (15s mean 6.8%) jobs=0 amber=0 queued=0 lanes=8
2026-09-20T06:48:51 SAMPLE   ram=64.6% (10.82GB used, 5.93GB free) cpu=5.6% (15s mean 5.9%) jobs=0 amber=0 queued=0 lanes=8
2026-09-20T06:49:51 SAMPLE   ram=64.7% (10.83GB used, 5.92GB free) cpu=6.9% (15s mean 7.1%) jobs=0 amber=0 queued=0 lanes=8
2026-09-20T06:50:51 SAMPLE   ram=64.8% (10.85GB used, 5.90GB free) cpu=8.8% (15s mean 6.6%) jobs=0 amber=0 queued=0 lanes=8
2026-09-20T06:51:51 SAMPLE   ram=64.7% (10.85GB used, 5.91GB free) cpu=7.0% (15s mean 6.6%) jobs=0 amber=0 queued=0 lanes=8
2026-09-20T06:52:51 SAMPLE   ram=64.8% (10.86GB used, 5.89GB free) cpu=8.0% (15s mean 7.1%) jobs=0 amber=0 queued=0 lanes=8
2026-09-20T06:53:51 SAMPLE   ram=64.9% (10.88GB used, 5.87GB free) cpu=5.8% (15s mean 6.5%) jobs=0 amber=0 queued=0 lanes=8
2026-09-20T06:54:51 SAMPLE   ram=64.9% (10.87GB used, 5.88GB free) cpu=7.0% (15s mean 7.5%) jobs=0 amber=0 queued=0 lanes=8
2026-09-20T06:55:51 SAMPLE   ram=64.8% (10.85GB used, 5.90GB free) cpu=7.8% (15s mean 7.0%) jobs=0 amber=0 queued=0 lanes=8
2026-09-20T06:56:51 SAMPLE   ram=65.0% (10.88GB used, 5.87GB free) cpu=6.4% (15s mean 5.9%) jobs=0 amber=0 queued=0 lanes=8
2026-09-20T06:57:51 SAMPLE   ram=65.2% (10.92GB used, 5.83GB free) cpu=8.3% (15s mean 10.9%) jobs=0 amber=0 queued=0 lanes=8
2026-09-20T06:58:51 SAMPLE   ram=65.1% (10.91GB used, 5.84GB free) cpu=6.8% (15s mean 7.8%) jobs=0 amber=0 queued=0 lanes=8
2026-09-20T06:59:51 SAMPLE   ram=65.4% (10.95GB used, 5.80GB free) cpu=13.3% (15s mean 10.4%) jobs=0 amber=0 queued=0 lanes=8
2026-09-20T07:00:51 SAMPLE   ram=65.2% (10.93GB used, 5.83GB free) cpu=6.8% (15s mean 6.7%) jobs=0 amber=0 queued=0 lanes=8
2026-09-20T07:01:51 SAMPLE   ram=64.9% (10.88GB used, 5.87GB free) cpu=8.5% (15s mean 6.6%) jobs=0 amber=0 queued=0 lanes=8
2026-09-20T07:02:51 SAMPLE   ram=64.9% (10.88GB used, 5.87GB free) cpu=5.5% (15s mean 6.9%) jobs=0 amber=0 queued=0 lanes=8
2026-09-20T07:03:51 SAMPLE   ram=65.2% (10.91GB used, 5.84GB free) cpu=6.1% (15s mean 6.5%) jobs=0 amber=0 queued=0 lanes=8
2026-09-20T07:04:51 SAMPLE   ram=64.6% (10.82GB used, 5.93GB free) cpu=5.1% (15s mean 6.6%) jobs=0 amber=0 queued=0 lanes=8
2026-09-20T07:05:51 SAMPLE   ram=64.6% (10.83GB used, 5.92GB free) cpu=6.6% (15s mean 6.4%) jobs=0 amber=0 queued=0 lanes=8
2026-09-20T07:06:51 SAMPLE   ram=64.3% (10.78GB used, 5.97GB free) cpu=6.0% (15s mean 6.6%) jobs=0 amber=0 queued=0 lanes=8
2026-09-20T07:07:51 SAMPLE   ram=64.0% (10.72GB used, 6.03GB free) cpu=7.7% (15s mean 8.2%) jobs=0 amber=0 queued=0 lanes=8
2026-09-20T07:08:51 SAMPLE   ram=63.9% (10.70GB used, 6.05GB free) cpu=13.5% (15s mean 13.6%) jobs=0 amber=0 queued=0 lanes=8
2026-09-20T07:09:51 SAMPLE   ram=63.9% (10.71GB used, 6.04GB free) cpu=8.3% (15s mean 6.9%) jobs=0 amber=0 queued=0 lanes=8
2026-09-20T07:10:51 SAMPLE   ram=63.8% (10.68GB used, 6.07GB free) cpu=16.4% (15s mean 11.2%) jobs=0 amber=0 queued=0 lanes=8
2026-09-20T07:11:51 SAMPLE   ram=63.8% (10.68GB used, 6.07GB free) cpu=7.1% (15s mean 8.1%) jobs=0 amber=0 queued=0 lanes=8
2026-09-20T07:12:51 SAMPLE   ram=63.9% (10.70GB used, 6.05GB free) cpu=6.5% (15s mean 6.6%) jobs=0 amber=0 queued=0 lanes=8
2026-09-20T07:13:51 SAMPLE   ram=65.9% (11.04GB used, 5.71GB free) cpu=12.9% (15s mean 14.6%) jobs=0 amber=0 queued=0 lanes=8
2026-09-20T07:14:51 SAMPLE   ram=66.5% (11.13GB used, 5.62GB free) cpu=7.5% (15s mean 7.1%) jobs=0 amber=0 queued=0 lanes=8
2026-09-20T07:15:51 SAMPLE   ram=66.5% (11.13GB used, 5.62GB free) cpu=8.8% (15s mean 7.1%) jobs=0 amber=0 queued=0 lanes=8
2026-09-20T07:16:51 SAMPLE   ram=66.5% (11.13GB used, 5.62GB free) cpu=5.6% (15s mean 5.9%) jobs=0 amber=0 queued=0 lanes=8
2026-09-20T07:17:51 SAMPLE   ram=66.4% (11.13GB used, 5.62GB free) cpu=6.6% (15s mean 7.6%) jobs=0 amber=0 queued=0 lanes=8
2026-09-20T07:18:51 SAMPLE   ram=66.3% (11.11GB used, 5.64GB free) cpu=8.0% (15s mean 9.6%) jobs=0 amber=0 queued=0 lanes=8
2026-09-20T07:19:51 SAMPLE   ram=66.0% (11.06GB used, 5.69GB free) cpu=8.4% (15s mean 8.1%) jobs=0 amber=0 queued=0 lanes=8
2026-09-20T07:20:51 SAMPLE   ram=66.1% (11.07GB used, 5.68GB free) cpu=13.3% (15s mean 9.2%) jobs=0 amber=0 queued=0 lanes=8
2026-09-20T07:21:51 SAMPLE   ram=65.7% (11.01GB used, 5.74GB free) cpu=6.4% (15s mean 5.9%) jobs=0 amber=0 queued=0 lanes=8
2026-09-20T07:22:51 SAMPLE   ram=66.4% (11.12GB used, 5.63GB free) cpu=12.5% (15s mean 8.6%) jobs=0 amber=0 queued=0 lanes=8
2026-09-20T07:23:51 SAMPLE   ram=66.5% (11.13GB used, 5.62GB free) cpu=8.3% (15s mean 7.1%) jobs=0 amber=0 queued=0 lanes=8
2026-09-20T07:24:51 SAMPLE   ram=66.9% (11.20GB used, 5.55GB free) cpu=10.6% (15s mean 9.3%) jobs=0 amber=0 queued=0 lanes=8
2026-09-20T07:25:51 SAMPLE   ram=67.0% (11.23GB used, 5.52GB free) cpu=6.4% (15s mean 8.1%) jobs=0 amber=0 queued=0 lanes=8
2026-09-20T07:26:51 SAMPLE   ram=67.1% (11.24GB used, 5.51GB free) cpu=7.0% (15s mean 8.4%) jobs=0 amber=0 queued=0 lanes=8
2026-09-20T07:27:51 SAMPLE   ram=67.0% (11.22GB used, 5.53GB free) cpu=5.5% (15s mean 6.9%) jobs=0 amber=0 queued=0 lanes=8
2026-09-20T07:28:51 SAMPLE   ram=67.0% (11.22GB used, 5.53GB free) cpu=5.7% (15s mean 7.1%) jobs=0 amber=0 queued=0 lanes=8
2026-09-20T07:29:51 SAMPLE   ram=67.1% (11.23GB used, 5.52GB free) cpu=8.4% (15s mean 11.1%) jobs=0 amber=0 queued=0 lanes=8
2026-09-20T07:30:51 SAMPLE   ram=67.1% (11.25GB used, 5.50GB free) cpu=9.7% (15s mean 9.3%) jobs=0 amber=0 queued=0 lanes=8
2026-09-20T07:31:51 SAMPLE   ram=66.7% (11.17GB used, 5.58GB free) cpu=5.6% (15s mean 5.6%) jobs=0 amber=0 queued=0 lanes=8
2026-09-20T07:32:51 SAMPLE   ram=66.8% (11.19GB used, 5.56GB free) cpu=8.4% (15s mean 6.6%) jobs=0 amber=0 queued=0 lanes=8
2026-09-20T07:33:51 SAMPLE   ram=66.8% (11.19GB used, 5.56GB free) cpu=6.4% (15s mean 6.6%) jobs=0 amber=0 queued=0 lanes=8
2026-09-20T07:34:51 SAMPLE   ram=67.0% (11.22GB used, 5.53GB free) cpu=8.1% (15s mean 6.8%) jobs=0 amber=0 queued=0 lanes=8
2026-09-20T07:35:51 SAMPLE   ram=66.8% (11.19GB used, 5.56GB free) cpu=5.8% (15s mean 7.1%) jobs=0 amber=0 queued=0 lanes=8
2026-09-20T07:36:51 SAMPLE   ram=66.9% (11.21GB used, 5.54GB free) cpu=6.1% (15s mean 5.8%) jobs=0 amber=0 queued=0 lanes=8
2026-09-20T07:37:51 SAMPLE   ram=66.7% (11.17GB used, 5.58GB free) cpu=6.5% (15s mean 7.9%) jobs=0 amber=0 queued=0 lanes=8
2026-09-20T07:38:51 SAMPLE   ram=66.8% (11.19GB used, 5.56GB free) cpu=10.3% (15s mean 9.0%) jobs=0 amber=0 queued=0 lanes=8
2026-09-20T07:39:51 SAMPLE   ram=67.0% (11.21GB used, 5.54GB free) cpu=9.7% (15s mean 10.6%) jobs=0 amber=0 queued=0 lanes=8
2026-09-20T07:40:51 SAMPLE   ram=67.1% (11.24GB used, 5.51GB free) cpu=11.9% (15s mean 8.6%) jobs=0 amber=0 queued=0 lanes=8
2026-09-20T07:41:51 SAMPLE   ram=66.9% (11.21GB used, 5.54GB free) cpu=5.9% (15s mean 6.4%) jobs=0 amber=0 queued=0 lanes=8
2026-09-20T07:42:51 SAMPLE   ram=67.0% (11.22GB used, 5.53GB free) cpu=5.8% (15s mean 6.3%) jobs=0 amber=0 queued=0 lanes=8
2026-09-20T07:43:51 SAMPLE   ram=67.0% (11.22GB used, 5.53GB free) cpu=8.3% (15s mean 7.7%) jobs=0 amber=0 queued=0 lanes=8
2026-09-20T07:44:51 SAMPLE   ram=66.8% (11.18GB used, 5.57GB free) cpu=6.5% (15s mean 6.8%) jobs=0 amber=0 queued=0 lanes=8
2026-09-20T07:45:51 SAMPLE   ram=66.8% (11.19GB used, 5.56GB free) cpu=7.2% (15s mean 7.1%) jobs=0 amber=0 queued=0 lanes=8
2026-09-20T07:46:51 SAMPLE   ram=66.1% (11.08GB used, 5.67GB free) cpu=5.9% (15s mean 7.2%) jobs=0 amber=0 queued=0 lanes=8
2026-09-20T07:47:51 SAMPLE   ram=66.7% (11.17GB used, 5.58GB free) cpu=7.4% (15s mean 8.6%) jobs=0 amber=0 queued=0 lanes=8
2026-09-20T07:48:51 SAMPLE   ram=66.7% (11.18GB used, 5.57GB free) cpu=6.0% (15s mean 6.4%) jobs=0 amber=0 queued=0 lanes=8
2026-09-20T07:49:51 SAMPLE   ram=66.6% (11.15GB used, 5.60GB free) cpu=8.9% (15s mean 7.3%) jobs=0 amber=0 queued=0 lanes=8
2026-09-20T07:50:51 SAMPLE   ram=66.7% (11.17GB used, 5.58GB free) cpu=7.3% (15s mean 5.8%) jobs=0 amber=0 queued=0 lanes=8
2026-09-20T07:51:51 SAMPLE   ram=66.3% (11.10GB used, 5.65GB free) cpu=6.3% (15s mean 6.7%) jobs=0 amber=0 queued=0 lanes=8
2026-09-20T07:52:51 SAMPLE   ram=66.4% (11.12GB used, 5.63GB free) cpu=6.6% (15s mean 6.8%) jobs=0 amber=0 queued=0 lanes=8
2026-09-20T07:53:51 SAMPLE   ram=66.8% (11.19GB used, 5.56GB free) cpu=5.9% (15s mean 6.1%) jobs=0 amber=0 queued=0 lanes=8
2026-09-20T07:54:51 SAMPLE   ram=66.7% (11.18GB used, 5.57GB free) cpu=7.7% (15s mean 7.1%) jobs=0 amber=0 queued=0 lanes=8
2026-09-20T07:55:51 SAMPLE   ram=66.7% (11.18GB used, 5.57GB free) cpu=6.7% (15s mean 6.5%) jobs=0 amber=0 queued=0 lanes=8
2026-09-20T07:56:51 SAMPLE   ram=66.3% (11.11GB used, 5.64GB free) cpu=6.5% (15s mean 7.1%) jobs=0 amber=0 queued=0 lanes=8
2026-09-20T07:57:51 SAMPLE   ram=66.5% (11.14GB used, 5.61GB free) cpu=9.8% (15s mean 10.8%) jobs=0 amber=0 queued=0 lanes=8
2026-09-20T07:58:51 SAMPLE   ram=65.8% (11.03GB used, 5.72GB free) cpu=12.2% (15s mean 10.5%) jobs=0 amber=0 queued=0 lanes=8
2026-09-20T07:59:51 SAMPLE   ram=66.3% (11.11GB used, 5.64GB free) cpu=8.7% (15s mean 7.6%) jobs=0 amber=0 queued=0 lanes=8
2026-09-20T08:00:51 SAMPLE   ram=66.3% (11.11GB used, 5.64GB free) cpu=7.6% (15s mean 7.7%) jobs=0 amber=0 queued=0 lanes=8
2026-09-20T08:01:51 SAMPLE   ram=66.1% (11.07GB used, 5.68GB free) cpu=7.4% (15s mean 7.1%) jobs=0 amber=0 queued=0 lanes=8
2026-09-20T08:02:51 SAMPLE   ram=66.4% (11.12GB used, 5.63GB free) cpu=7.1% (15s mean 7.7%) jobs=0 amber=0 queued=0 lanes=8
2026-09-20T08:03:51 SAMPLE   ram=66.4% (11.13GB used, 5.62GB free) cpu=9.4% (15s mean 8.5%) jobs=0 amber=0 queued=0 lanes=8
2026-09-20T08:04:51 SAMPLE   ram=66.4% (11.12GB used, 5.63GB free) cpu=6.7% (15s mean 7.1%) jobs=0 amber=0 queued=0 lanes=8
2026-09-20T08:05:51 SAMPLE   ram=66.4% (11.13GB used, 5.62GB free) cpu=6.8% (15s mean 6.8%) jobs=0 amber=0 queued=0 lanes=8
2026-09-20T08:06:51 SAMPLE   ram=66.1% (11.06GB used, 5.68GB free) cpu=5.0% (15s mean 6.5%) jobs=0 amber=0 queued=0 lanes=8
2026-09-20T08:07:51 SAMPLE   ram=66.5% (11.13GB used, 5.62GB free) cpu=9.0% (15s mean 9.4%) jobs=0 amber=0 queued=0 lanes=8
2026-09-20T08:08:51 SAMPLE   ram=66.7% (11.17GB used, 5.58GB free) cpu=6.4% (15s mean 6.8%) jobs=0 amber=0 queued=0 lanes=8
2026-09-20T08:09:51 SAMPLE   ram=66.8% (11.19GB used, 5.56GB free) cpu=5.4% (15s mean 6.7%) jobs=0 amber=0 queued=0 lanes=8
2026-09-20T08:10:51 SAMPLE   ram=66.9% (11.21GB used, 5.54GB free) cpu=8.2% (15s mean 8.1%) jobs=0 amber=0 queued=0 lanes=8
2026-09-20T08:11:51 SAMPLE   ram=67.0% (11.22GB used, 5.52GB free) cpu=8.0% (15s mean 8.3%) jobs=0 amber=0 queued=0 lanes=8
2026-09-20T08:12:51 SAMPLE   ram=67.1% (11.24GB used, 5.51GB free) cpu=6.4% (15s mean 7.7%) jobs=0 amber=0 queued=0 lanes=8
2026-09-20T08:13:51 SAMPLE   ram=67.1% (11.24GB used, 5.51GB free) cpu=5.6% (15s mean 6.9%) jobs=0 amber=0 queued=0 lanes=8
2026-09-20T08:14:51 SAMPLE   ram=67.1% (11.23GB used, 5.51GB free) cpu=6.8% (15s mean 7.2%) jobs=0 amber=0 queued=0 lanes=8
2026-09-20T08:15:51 SAMPLE   ram=66.5% (11.14GB used, 5.61GB free) cpu=9.3% (15s mean 7.8%) jobs=0 amber=0 queued=0 lanes=8
2026-09-20T08:16:51 SAMPLE   ram=66.3% (11.10GB used, 5.65GB free) cpu=4.2% (15s mean 6.6%) jobs=0 amber=0 queued=0 lanes=8
2026-09-20T08:17:51 SAMPLE   ram=66.2% (11.10GB used, 5.65GB free) cpu=9.9% (15s mean 8.8%) jobs=0 amber=0 queued=0 lanes=8
2026-09-20T08:18:51 SAMPLE   ram=66.4% (11.12GB used, 5.63GB free) cpu=13.5% (15s mean 11.7%) jobs=0 amber=0 queued=0 lanes=8
2026-09-20T08:19:51 SAMPLE   ram=66.7% (11.17GB used, 5.58GB free) cpu=6.0% (15s mean 6.2%) jobs=0 amber=0 queued=0 lanes=8
2026-09-20T08:20:51 SAMPLE   ram=66.5% (11.14GB used, 5.61GB free) cpu=7.9% (15s mean 9.9%) jobs=0 amber=0 queued=0 lanes=8
2026-09-20T08:21:51 SAMPLE   ram=66.7% (11.17GB used, 5.58GB free) cpu=7.9% (15s mean 7.5%) jobs=0 amber=0 queued=0 lanes=8
2026-09-20T08:22:51 SAMPLE   ram=66.6% (11.16GB used, 5.59GB free) cpu=6.2% (15s mean 6.7%) jobs=0 amber=0 queued=0 lanes=8
2026-09-20T08:23:51 SAMPLE   ram=66.7% (11.17GB used, 5.58GB free) cpu=7.5% (15s mean 7.1%) jobs=0 amber=0 queued=0 lanes=8
2026-09-20T08:24:51 SAMPLE   ram=66.8% (11.19GB used, 5.55GB free) cpu=6.5% (15s mean 6.4%) jobs=0 amber=0 queued=0 lanes=8
2026-09-20T08:25:51 SAMPLE   ram=66.8% (11.20GB used, 5.55GB free) cpu=7.2% (15s mean 6.0%) jobs=0 amber=0 queued=0 lanes=8
2026-09-20T08:26:51 SAMPLE   ram=67.0% (11.22GB used, 5.53GB free) cpu=5.6% (15s mean 6.8%) jobs=0 amber=0 queued=0 lanes=8
2026-09-20T08:27:51 SAMPLE   ram=66.4% (11.12GB used, 5.63GB free) cpu=9.6% (15s mean 8.3%) jobs=0 amber=0 queued=0 lanes=8
2026-09-20T08:28:51 SAMPLE   ram=66.3% (11.10GB used, 5.65GB free) cpu=7.4% (15s mean 7.3%) jobs=0 amber=0 queued=0 lanes=8
2026-09-20T08:29:51 SAMPLE   ram=66.5% (11.13GB used, 5.62GB free) cpu=9.6% (15s mean 7.8%) jobs=0 amber=0 queued=0 lanes=8
2026-09-20T08:30:51 SAMPLE   ram=66.5% (11.14GB used, 5.61GB free) cpu=5.6% (15s mean 8.5%) jobs=0 amber=0 queued=0 lanes=8
2026-09-20T08:31:51 SAMPLE   ram=66.5% (11.14GB used, 5.61GB free) cpu=8.8% (15s mean 7.8%) jobs=0 amber=0 queued=0 lanes=8
2026-09-20T08:32:51 SAMPLE   ram=66.7% (11.17GB used, 5.58GB free) cpu=6.3% (15s mean 7.4%) jobs=0 amber=0 queued=0 lanes=8
2026-09-20T08:33:51 SAMPLE   ram=66.8% (11.20GB used, 5.55GB free) cpu=7.2% (15s mean 6.2%) jobs=0 amber=0 queued=0 lanes=8
2026-09-20T08:34:51 SAMPLE   ram=66.6% (11.16GB used, 5.59GB free) cpu=6.8% (15s mean 6.6%) jobs=0 amber=0 queued=0 lanes=8
2026-09-20T08:35:51 SAMPLE   ram=66.6% (11.16GB used, 5.59GB free) cpu=6.8% (15s mean 6.8%) jobs=0 amber=0 queued=0 lanes=8
2026-09-20T08:36:51 SAMPLE   ram=66.0% (11.06GB used, 5.69GB free) cpu=9.1% (15s mean 8.9%) jobs=0 amber=0 queued=0 lanes=8
2026-09-20T08:37:51 SAMPLE   ram=65.6% (10.99GB used, 5.76GB free) cpu=11.4% (15s mean 10.1%) jobs=0 amber=0 queued=0 lanes=8
2026-09-20T08:38:51 SAMPLE   ram=65.8% (11.02GB used, 5.73GB free) cpu=7.7% (15s mean 7.5%) jobs=0 amber=0 queued=0 lanes=8
2026-09-20T08:39:51 SAMPLE   ram=66.0% (11.06GB used, 5.69GB free) cpu=9.7% (15s mean 8.4%) jobs=0 amber=0 queued=0 lanes=8
2026-09-20T08:40:51 SAMPLE   ram=66.2% (11.08GB used, 5.67GB free) cpu=6.8% (15s mean 6.6%) jobs=0 amber=0 queued=0 lanes=8
2026-09-20T08:41:51 SAMPLE   ram=66.1% (11.07GB used, 5.68GB free) cpu=7.0% (15s mean 8.0%) jobs=0 amber=0 queued=0 lanes=8
2026-09-20T08:42:51 SAMPLE   ram=66.5% (11.13GB used, 5.62GB free) cpu=7.9% (15s mean 7.1%) jobs=0 amber=0 queued=0 lanes=8
2026-09-20T08:43:51 SAMPLE   ram=66.3% (11.11GB used, 5.64GB free) cpu=5.4% (15s mean 6.1%) jobs=0 amber=0 queued=0 lanes=8
2026-09-20T08:44:51 SAMPLE   ram=66.4% (11.12GB used, 5.63GB free) cpu=9.1% (15s mean 6.6%) jobs=0 amber=0 queued=0 lanes=8
2026-09-20T08:45:51 SAMPLE   ram=66.4% (11.12GB used, 5.62GB free) cpu=12.6% (15s mean 8.1%) jobs=0 amber=0 queued=0 lanes=8
2026-09-20T08:46:51 SAMPLE   ram=66.4% (11.11GB used, 5.64GB free) cpu=6.4% (15s mean 6.5%) jobs=0 amber=0 queued=0 lanes=8
2026-09-20T08:47:51 SAMPLE   ram=66.7% (11.18GB used, 5.57GB free) cpu=9.4% (15s mean 8.7%) jobs=0 amber=0 queued=0 lanes=8
2026-09-20T08:48:51 SAMPLE   ram=66.3% (11.11GB used, 5.64GB free) cpu=6.4% (15s mean 8.0%) jobs=0 amber=0 queued=0 lanes=8
2026-09-20T08:49:51 SAMPLE   ram=66.2% (11.08GB used, 5.67GB free) cpu=7.4% (15s mean 6.3%) jobs=0 amber=0 queued=0 lanes=8
2026-09-20T08:50:51 SAMPLE   ram=66.2% (11.09GB used, 5.66GB free) cpu=6.2% (15s mean 10.0%) jobs=0 amber=0 queued=0 lanes=8
2026-09-20T08:51:51 SAMPLE   ram=65.9% (11.04GB used, 5.71GB free) cpu=8.4% (15s mean 7.2%) jobs=0 amber=0 queued=0 lanes=8
2026-09-20T08:52:51 SAMPLE   ram=66.0% (11.06GB used, 5.69GB free) cpu=9.9% (15s mean 7.4%) jobs=0 amber=0 queued=0 lanes=8
2026-09-20T08:53:51 SAMPLE   ram=66.5% (11.14GB used, 5.61GB free) cpu=9.6% (15s mean 7.8%) jobs=0 amber=0 queued=0 lanes=8
2026-09-20T08:54:51 SAMPLE   ram=66.6% (11.15GB used, 5.60GB free) cpu=6.8% (15s mean 7.9%) jobs=0 amber=0 queued=0 lanes=8
2026-09-20T08:55:51 SAMPLE   ram=66.6% (11.16GB used, 5.59GB free) cpu=9.3% (15s mean 7.6%) jobs=0 amber=0 queued=0 lanes=8
2026-09-20T08:56:51 SAMPLE   ram=67.4% (11.29GB used, 5.46GB free) cpu=6.9% (15s mean 6.5%) jobs=0 amber=0 queued=0 lanes=8
2026-09-20T08:57:51 SAMPLE   ram=66.9% (11.21GB used, 5.54GB free) cpu=5.8% (15s mean 7.0%) jobs=0 amber=0 queued=0 lanes=8
2026-09-20T08:58:51 SAMPLE   ram=66.5% (11.14GB used, 5.61GB free) cpu=9.7% (15s mean 7.2%) jobs=0 amber=0 queued=0 lanes=8
2026-09-20T08:59:51 SAMPLE   ram=66.5% (11.14GB used, 5.61GB free) cpu=5.7% (15s mean 5.6%) jobs=0 amber=0 queued=0 lanes=8
2026-09-20T09:00:51 SAMPLE   ram=66.5% (11.14GB used, 5.61GB free) cpu=14.0% (15s mean 11.6%) jobs=0 amber=0 queued=0 lanes=8
2026-09-20T09:01:51 SAMPLE   ram=66.5% (11.14GB used, 5.61GB free) cpu=5.0% (15s mean 6.5%) jobs=0 amber=0 queued=0 lanes=8
2026-09-20T09:02:51 SAMPLE   ram=66.6% (11.16GB used, 5.59GB free) cpu=7.1% (15s mean 6.7%) jobs=0 amber=0 queued=0 lanes=8
2026-09-20T09:03:51 SAMPLE   ram=66.9% (11.21GB used, 5.54GB free) cpu=9.1% (15s mean 7.4%) jobs=0 amber=0 queued=0 lanes=8
2026-09-20T09:04:51 SAMPLE   ram=66.9% (11.20GB used, 5.55GB free) cpu=7.7% (15s mean 6.9%) jobs=0 amber=0 queued=0 lanes=8
2026-09-20T09:05:51 SAMPLE   ram=66.8% (11.19GB used, 5.56GB free) cpu=7.2% (15s mean 6.9%) jobs=0 amber=0 queued=0 lanes=8
2026-09-20T09:06:51 SAMPLE   ram=66.3% (11.10GB used, 5.65GB free) cpu=6.2% (15s mean 5.6%) jobs=0 amber=0 queued=0 lanes=8
2026-09-20T09:07:51 SAMPLE   ram=66.0% (11.06GB used, 5.69GB free) cpu=9.0% (15s mean 7.7%) jobs=0 amber=0 queued=0 lanes=8
2026-09-20T09:08:51 SAMPLE   ram=66.2% (11.09GB used, 5.66GB free) cpu=8.9% (15s mean 15.5%) jobs=0 amber=0 queued=0 lanes=8
2026-09-20T09:09:51 SAMPLE   ram=70.4% (11.79GB used, 4.96GB free) cpu=19.1% (15s mean 20.9%) jobs=0 amber=0 queued=0 lanes=8
2026-09-20T09:10:51 SAMPLE   ram=76.4% (12.80GB used, 3.95GB free) cpu=31.5% (15s mean 34.8%) jobs=0 amber=0 queued=0 lanes=8
2026-09-20T09:11:51 SAMPLE   ram=73.6% (12.33GB used, 4.42GB free) cpu=12.4% (15s mean 11.4%) jobs=0 amber=0 queued=0 lanes=8
2026-09-20T09:12:51 SAMPLE   ram=73.7% (12.35GB used, 4.41GB free) cpu=9.3% (15s mean 8.0%) jobs=0 amber=0 queued=0 lanes=8
2026-09-20T09:13:51 SAMPLE   ram=75.7% (12.67GB used, 4.08GB free) cpu=18.9% (15s mean 13.8%) jobs=0 amber=0 queued=0 lanes=8
2026-09-20T09:14:51 SAMPLE   ram=74.1% (12.41GB used, 4.34GB free) cpu=9.9% (15s mean 9.4%) jobs=0 amber=0 queued=0 lanes=8
2026-09-20T09:15:51 SAMPLE   ram=73.9% (12.38GB used, 4.37GB free) cpu=12.1% (15s mean 10.1%) jobs=0 amber=0 queued=0 lanes=8
2026-09-20T09:16:51 SAMPLE   ram=73.5% (12.32GB used, 4.43GB free) cpu=7.2% (15s mean 7.4%) jobs=0 amber=0 queued=0 lanes=8
2026-09-20T09:17:51 SAMPLE   ram=72.6% (12.16GB used, 4.59GB free) cpu=7.2% (15s mean 6.1%) jobs=0 amber=0 queued=0 lanes=8
2026-09-20T09:18:51 SAMPLE   ram=72.3% (12.11GB used, 4.64GB free) cpu=6.0% (15s mean 6.3%) jobs=0 amber=0 queued=0 lanes=8
2026-09-20T09:19:51 SAMPLE   ram=71.8% (12.03GB used, 4.72GB free) cpu=6.6% (15s mean 6.5%) jobs=0 amber=0 queued=0 lanes=8
2026-09-20T09:20:51 SAMPLE   ram=72.1% (12.08GB used, 4.67GB free) cpu=4.9% (15s mean 5.4%) jobs=0 amber=0 queued=0 lanes=8
2026-09-20T09:21:51 SAMPLE   ram=72.1% (12.08GB used, 4.67GB free) cpu=5.8% (15s mean 5.7%) jobs=0 amber=0 queued=0 lanes=8
2026-09-20T09:22:51 SAMPLE   ram=72.2% (12.09GB used, 4.66GB free) cpu=8.9% (15s mean 7.2%) jobs=0 amber=0 queued=0 lanes=8
2026-09-20T09:23:51 SAMPLE   ram=72.2% (12.09GB used, 4.66GB free) cpu=4.9% (15s mean 5.9%) jobs=0 amber=0 queued=0 lanes=8
2026-09-20T09:24:51 SAMPLE   ram=72.5% (12.14GB used, 4.61GB free) cpu=4.6% (15s mean 6.1%) jobs=0 amber=0 queued=0 lanes=8
2026-09-20T09:25:51 SAMPLE   ram=72.6% (12.16GB used, 4.59GB free) cpu=4.7% (15s mean 6.2%) jobs=0 amber=0 queued=0 lanes=8
2026-09-20T09:26:51 SAMPLE   ram=72.1% (12.08GB used, 4.67GB free) cpu=5.6% (15s mean 5.2%) jobs=0 amber=0 queued=0 lanes=8
2026-09-20T09:27:51 SAMPLE   ram=72.0% (12.06GB used, 4.69GB free) cpu=7.9% (15s mean 7.7%) jobs=0 amber=0 queued=0 lanes=8
2026-09-20T09:28:51 SAMPLE   ram=72.2% (12.09GB used, 4.66GB free) cpu=5.7% (15s mean 5.7%) jobs=0 amber=0 queued=0 lanes=8
2026-09-20T09:29:51 SAMPLE   ram=72.1% (12.08GB used, 4.67GB free) cpu=6.4% (15s mean 10.0%) jobs=0 amber=0 queued=0 lanes=8
2026-09-20T09:30:51 SAMPLE   ram=72.7% (12.18GB used, 4.58GB free) cpu=12.2% (15s mean 9.8%) jobs=0 amber=0 queued=0 lanes=8
2026-09-20T09:31:51 SAMPLE   ram=72.3% (12.10GB used, 4.65GB free) cpu=14.9% (15s mean 10.8%) jobs=0 amber=0 queued=0 lanes=8
2026-09-20T09:32:51 SAMPLE   ram=76.3% (12.78GB used, 3.97GB free) cpu=31.6% (15s mean 20.3%) jobs=0 amber=0 queued=0 lanes=8
2026-09-20T09:33:51 SAMPLE   ram=79.9% (13.39GB used, 3.36GB free) cpu=22.1% (15s mean 16.0%) jobs=0 amber=0 queued=0 lanes=8
2026-09-20T09:34:51 SAMPLE   ram=80.5% (13.48GB used, 3.27GB free) cpu=13.9% (15s mean 12.8%) jobs=0 amber=0 queued=0 lanes=8
2026-09-20T09:35:52 SAMPLE   ram=80.4% (13.47GB used, 3.28GB free) cpu=12.3% (15s mean 13.5%) jobs=0 amber=0 queued=0 lanes=8
2026-09-20T09:36:52 SAMPLE   ram=85.5% (14.32GB used, 2.43GB free) cpu=19.5% (15s mean 28.1%) jobs=0 amber=0 queued=0 lanes=8
2026-09-20T09:37:52 SAMPLE   ram=77.0% (12.90GB used, 3.85GB free) cpu=14.5% (15s mean 15.3%) jobs=0 amber=0 queued=0 lanes=8
2026-09-20T09:38:52 SAMPLE   ram=76.6% (12.83GB used, 3.92GB free) cpu=15.3% (15s mean 14.4%) jobs=0 amber=0 queued=0 lanes=8
2026-09-20T09:39:52 SAMPLE   ram=77.3% (12.94GB used, 3.81GB free) cpu=17.5% (15s mean 20.6%) jobs=0 amber=0 queued=0 lanes=8
2026-09-20T09:40:52 SAMPLE   ram=77.5% (12.99GB used, 3.76GB free) cpu=18.1% (15s mean 16.6%) jobs=0 amber=0 queued=0 lanes=8
2026-09-20T09:41:52 SAMPLE   ram=80.7% (13.52GB used, 3.23GB free) cpu=24.2% (15s mean 28.0%) jobs=0 amber=0 queued=0 lanes=8
2026-09-20T09:42:52 SAMPLE   ram=77.0% (12.89GB used, 3.86GB free) cpu=19.4% (15s mean 17.9%) jobs=0 amber=0 queued=0 lanes=8
2026-09-20T09:43:52 SAMPLE   ram=77.2% (12.93GB used, 3.82GB free) cpu=14.2% (15s mean 14.9%) jobs=0 amber=0 queued=0 lanes=8
2026-09-20T09:44:52 SAMPLE   ram=77.0% (12.90GB used, 3.85GB free) cpu=15.9% (15s mean 16.3%) jobs=0 amber=0 queued=0 lanes=8
2026-09-20T09:45:52 SAMPLE   ram=76.9% (12.88GB used, 3.87GB free) cpu=16.9% (15s mean 15.5%) jobs=0 amber=0 queued=0 lanes=8
2026-09-20T09:46:52 SAMPLE   ram=79.1% (13.25GB used, 3.50GB free) cpu=31.7% (15s mean 29.2%) jobs=0 amber=0 queued=0 lanes=8
2026-09-20T09:47:52 SAMPLE   ram=78.9% (13.22GB used, 3.53GB free) cpu=22.5% (15s mean 18.2%) jobs=0 amber=0 queued=0 lanes=8
2026-09-20T09:48:52 SAMPLE   ram=81.4% (13.64GB used, 3.11GB free) cpu=20.4% (15s mean 28.1%) jobs=0 amber=0 queued=0 lanes=8
2026-09-20T09:49:52 SAMPLE   ram=80.0% (13.40GB used, 3.35GB free) cpu=15.5% (15s mean 13.2%) jobs=0 amber=0 queued=0 lanes=8
2026-09-20T09:50:52 SAMPLE   ram=78.0% (13.06GB used, 3.69GB free) cpu=14.8% (15s mean 14.5%) jobs=0 amber=0 queued=0 lanes=8
2026-09-20T09:51:52 SAMPLE   ram=78.2% (13.10GB used, 3.65GB free) cpu=17.4% (15s mean 17.8%) jobs=0 amber=0 queued=0 lanes=8
2026-09-20T09:52:52 SAMPLE   ram=81.5% (13.65GB used, 3.10GB free) cpu=13.2% (15s mean 19.7%) jobs=0 amber=0 queued=0 lanes=8
2026-09-20T09:53:52 SAMPLE   ram=79.8% (13.37GB used, 3.38GB free) cpu=13.8% (15s mean 12.6%) jobs=0 amber=0 queued=0 lanes=8
2026-09-20T09:54:52 SAMPLE   ram=81.1% (13.58GB used, 3.17GB free) cpu=12.6% (15s mean 17.1%) jobs=0 amber=0 queued=0 lanes=8
2026-09-20T09:55:52 SAMPLE   ram=82.0% (13.73GB used, 3.02GB free) cpu=12.8% (15s mean 12.9%) jobs=0 amber=0 queued=0 lanes=8
2026-09-20T09:56:52 SAMPLE   ram=81.0% (13.56GB used, 3.19GB free) cpu=15.2% (15s mean 12.9%) jobs=0 amber=0 queued=0 lanes=8
2026-09-20T09:57:52 SAMPLE   ram=80.0% (13.39GB used, 3.36GB free) cpu=13.2% (15s mean 14.2%) jobs=0 amber=0 queued=0 lanes=8
2026-09-20T09:58:52 SAMPLE   ram=79.8% (13.37GB used, 3.38GB free) cpu=18.3% (15s mean 14.0%) jobs=0 amber=0 queued=0 lanes=8
2026-09-20T09:59:52 SAMPLE   ram=81.5% (13.65GB used, 3.10GB free) cpu=13.6% (15s mean 13.4%) jobs=0 amber=0 queued=0 lanes=8
2026-09-20T10:00:52 SAMPLE   ram=79.4% (13.29GB used, 3.46GB free) cpu=36.5% (15s mean 31.0%) jobs=0 amber=0 queued=0 lanes=8
2026-09-20T10:01:52 SAMPLE   ram=80.8% (13.53GB used, 3.22GB free) cpu=17.9% (15s mean 21.2%) jobs=0 amber=0 queued=0 lanes=8
2026-09-20T10:02:52 SAMPLE   ram=78.9% (13.21GB used, 3.54GB free) cpu=11.6% (15s mean 15.9%) jobs=0 amber=0 queued=0 lanes=8
2026-09-20T10:03:52 SAMPLE   ram=79.9% (13.38GB used, 3.37GB free) cpu=14.9% (15s mean 14.1%) jobs=0 amber=0 queued=0 lanes=8
2026-09-20T10:04:52 SAMPLE   ram=78.8% (13.20GB used, 3.55GB free) cpu=15.4% (15s mean 15.6%) jobs=0 amber=0 queued=0 lanes=8
2026-09-20T10:05:52 SAMPLE   ram=78.6% (13.16GB used, 3.59GB free) cpu=16.9% (15s mean 16.7%) jobs=0 amber=0 queued=0 lanes=8
2026-09-20T10:06:52 SAMPLE   ram=76.9% (12.88GB used, 3.87GB free) cpu=16.7% (15s mean 14.0%) jobs=0 amber=0 queued=0 lanes=8
2026-09-20T10:07:52 SAMPLE   ram=74.5% (12.49GB used, 4.26GB free) cpu=13.9% (15s mean 14.7%) jobs=0 amber=0 queued=0 lanes=8
2026-09-20T10:08:52 SAMPLE   ram=73.1% (12.24GB used, 4.51GB free) cpu=15.8% (15s mean 15.4%) jobs=0 amber=0 queued=0 lanes=8
2026-09-20T10:09:52 SAMPLE   ram=73.7% (12.34GB used, 4.41GB free) cpu=26.1% (15s mean 23.8%) jobs=0 amber=0 queued=0 lanes=8
2026-09-20T10:10:52 SAMPLE   ram=75.1% (12.57GB used, 4.18GB free) cpu=34.0% (15s mean 28.1%) jobs=0 amber=0 queued=0 lanes=8
2026-09-20T10:11:52 SAMPLE   ram=72.7% (12.17GB used, 4.58GB free) cpu=25.1% (15s mean 26.7%) jobs=0 amber=0 queued=0 lanes=8
2026-09-20T10:12:52 SAMPLE   ram=72.3% (12.11GB used, 4.64GB free) cpu=11.3% (15s mean 13.3%) jobs=0 amber=0 queued=0 lanes=8
2026-09-20T10:13:52 SAMPLE   ram=72.2% (12.10GB used, 4.65GB free) cpu=11.2% (15s mean 12.7%) jobs=0 amber=0 queued=0 lanes=8
2026-09-20T10:14:52 SAMPLE   ram=73.3% (12.28GB used, 4.47GB free) cpu=12.0% (15s mean 13.2%) jobs=0 amber=0 queued=0 lanes=8
2026-09-20T10:15:52 SAMPLE   ram=72.4% (12.13GB used, 4.62GB free) cpu=16.1% (15s mean 14.2%) jobs=0 amber=0 queued=0 lanes=8
2026-09-20T10:16:52 SAMPLE   ram=73.6% (12.33GB used, 4.42GB free) cpu=19.4% (15s mean 14.5%) jobs=0 amber=0 queued=0 lanes=8
2026-09-20T10:17:52 SAMPLE   ram=75.2% (12.59GB used, 4.16GB free) cpu=39.1% (15s mean 26.9%) jobs=0 amber=0 queued=0 lanes=8
2026-09-20T10:18:52 SAMPLE   ram=73.9% (12.38GB used, 4.37GB free) cpu=11.7% (15s mean 13.3%) jobs=0 amber=0 queued=0 lanes=8
2026-09-20T10:19:52 SAMPLE   ram=73.4% (12.30GB used, 4.45GB free) cpu=13.1% (15s mean 13.3%) jobs=0 amber=0 queued=0 lanes=8
2026-09-20T10:20:52 SAMPLE   ram=73.3% (12.29GB used, 4.46GB free) cpu=12.9% (15s mean 14.9%) jobs=0 amber=0 queued=0 lanes=8
2026-09-20T10:21:52 SAMPLE   ram=73.4% (12.29GB used, 4.45GB free) cpu=19.7% (15s mean 16.3%) jobs=0 amber=0 queued=0 lanes=8
2026-09-20T10:22:52 SAMPLE   ram=73.5% (12.31GB used, 4.44GB free) cpu=12.1% (15s mean 13.7%) jobs=0 amber=0 queued=0 lanes=8
2026-09-20T10:23:52 SAMPLE   ram=74.9% (12.55GB used, 4.20GB free) cpu=14.9% (15s mean 15.0%) jobs=0 amber=0 queued=0 lanes=8
2026-09-20T10:24:52 SAMPLE   ram=78.3% (13.12GB used, 3.63GB free) cpu=14.3% (15s mean 14.5%) jobs=0 amber=0 queued=0 lanes=8
2026-09-20T10:25:52 SAMPLE   ram=76.9% (12.88GB used, 3.87GB free) cpu=12.6% (15s mean 13.3%) jobs=0 amber=0 queued=0 lanes=8
2026-09-20T10:26:52 SAMPLE   ram=75.9% (12.72GB used, 4.03GB free) cpu=13.9% (15s mean 14.6%) jobs=0 amber=0 queued=0 lanes=8
2026-09-20T10:27:52 SAMPLE   ram=78.4% (13.13GB used, 3.62GB free) cpu=33.5% (15s mean 25.8%) jobs=0 amber=0 queued=0 lanes=8
2026-09-20T10:28:52 SAMPLE   ram=77.2% (12.93GB used, 3.82GB free) cpu=13.0% (15s mean 13.2%) jobs=0 amber=0 queued=0 lanes=8
2026-09-20T10:29:52 SAMPLE   ram=77.9% (13.04GB used, 3.71GB free) cpu=11.9% (15s mean 11.2%) jobs=0 amber=0 queued=0 lanes=8
2026-09-20T12:32:52 START    governor v2 pid 34192 ceiling=94.0% hard(ram)=95.5%/15s cpu_resume=99.0% cpu_window=3 min_suspend=20s low=91.0%/60s sample=5s max_amber=2
2026-09-20T12:32:52 SAMPLE   ram=83.9% (14.06GB used, 2.69GB free) cpu=0.0% (15s mean 0.0%) jobs=0 amber=0 queued=0 lanes=8
2026-09-20T12:33:52 SAMPLE   ram=72.7% (12.18GB used, 4.57GB free) cpu=14.0% (15s mean 14.6%) jobs=0 amber=0 queued=0 lanes=8
2026-09-20T12:34:52 SAMPLE   ram=67.1% (11.23GB used, 5.52GB free) cpu=11.7% (15s mean 13.0%) jobs=0 amber=0 queued=0 lanes=8
2026-09-20T12:35:52 SAMPLE   ram=69.1% (11.58GB used, 5.17GB free) cpu=19.0% (15s mean 17.0%) jobs=0 amber=0 queued=0 lanes=8
2026-09-20T12:36:52 SAMPLE   ram=67.5% (11.31GB used, 5.44GB free) cpu=6.7% (15s mean 8.4%) jobs=0 amber=0 queued=0 lanes=8
2026-09-20T12:37:52 SAMPLE   ram=69.0% (11.55GB used, 5.19GB free) cpu=28.8% (15s mean 29.2%) jobs=0 amber=0 queued=0 lanes=8
2026-09-20T12:38:52 SAMPLE   ram=67.5% (11.31GB used, 5.44GB free) cpu=14.1% (15s mean 21.9%) jobs=0 amber=0 queued=0 lanes=8
2026-09-20T12:39:52 SAMPLE   ram=69.1% (11.57GB used, 5.18GB free) cpu=15.0% (15s mean 15.2%) jobs=0 amber=0 queued=0 lanes=8
2026-09-20T12:40:52 SAMPLE   ram=68.9% (11.55GB used, 5.20GB free) cpu=11.6% (15s mean 15.0%) jobs=0 amber=0 queued=0 lanes=8
2026-09-20T12:41:52 SAMPLE   ram=69.1% (11.58GB used, 5.17GB free) cpu=22.3% (15s mean 26.7%) jobs=0 amber=0 queued=0 lanes=8
2026-09-20T12:42:52 SAMPLE   ram=69.0% (11.56GB used, 5.19GB free) cpu=13.3% (15s mean 12.8%) jobs=0 amber=0 queued=0 lanes=8
2026-09-20T12:43:52 SAMPLE   ram=70.5% (11.80GB used, 4.95GB free) cpu=21.2% (15s mean 23.8%) jobs=0 amber=0 queued=0 lanes=8
2026-09-20T12:44:52 SAMPLE   ram=76.4% (12.80GB used, 3.95GB free) cpu=78.9% (15s mean 74.0%) jobs=4 amber=0 queued=0 lanes=8
2026-09-20T12:45:52 SAMPLE   ram=79.0% (13.23GB used, 3.52GB free) cpu=100.0% (15s mean 98.8%) jobs=4 amber=0 queued=0 lanes=8
2026-09-20T12:46:52 SAMPLE   ram=77.1% (12.91GB used, 3.84GB free) cpu=98.1% (15s mean 98.5%) jobs=4 amber=0 queued=0 lanes=8
2026-09-20T12:47:52 SAMPLE   ram=76.3% (12.77GB used, 3.98GB free) cpu=81.4% (15s mean 78.4%) jobs=4 amber=0 queued=0 lanes=8
2026-09-20T12:48:52 SAMPLE   ram=79.3% (13.28GB used, 3.47GB free) cpu=99.7% (15s mean 83.5%) jobs=7 amber=0 queued=0 lanes=8
2026-09-20T12:49:17 REAP     s30R_ladder_0 (pid 17220) is gone; registration removed
2026-09-20T12:49:17 REAP     s30R_ladder_1 (pid 5080) is gone; registration removed
2026-09-20T12:49:52 SAMPLE   ram=77.1% (12.91GB used, 3.84GB free) cpu=98.6% (15s mean 95.0%) jobs=4 amber=0 queued=0 lanes=8
2026-09-20T12:50:52 SAMPLE   ram=79.9% (13.38GB used, 3.37GB free) cpu=100.0% (15s mean 100.0%) jobs=7 amber=0 queued=0 lanes=8
2026-09-20T12:51:53 SAMPLE   ram=80.5% (13.49GB used, 3.26GB free) cpu=100.0% (15s mean 100.0%) jobs=7 amber=0 queued=0 lanes=8
2026-09-20T12:52:53 SAMPLE   ram=80.8% (13.54GB used, 3.21GB free) cpu=100.0% (15s mean 100.0%) jobs=7 amber=0 queued=0 lanes=8
2026-09-20T12:53:53 SAMPLE   ram=82.8% (13.86GB used, 2.89GB free) cpu=100.0% (15s mean 100.0%) jobs=7 amber=0 queued=0 lanes=8
2026-09-20T12:54:53 SAMPLE   ram=82.4% (13.80GB used, 2.95GB free) cpu=100.0% (15s mean 100.0%) jobs=7 amber=0 queued=0 lanes=8
2026-09-20T12:55:53 SAMPLE   ram=82.2% (13.77GB used, 2.98GB free) cpu=100.0% (15s mean 100.0%) jobs=7 amber=0 queued=0 lanes=8
2026-09-20T12:56:53 SAMPLE   ram=82.3% (13.79GB used, 2.96GB free) cpu=100.0% (15s mean 100.0%) jobs=7 amber=0 queued=0 lanes=8
2026-09-20T12:57:54 SAMPLE   ram=81.9% (13.72GB used, 3.03GB free) cpu=100.0% (15s mean 100.0%) jobs=7 amber=0 queued=0 lanes=8
2026-09-20T12:58:54 SAMPLE   ram=80.6% (13.50GB used, 3.25GB free) cpu=100.0% (15s mean 100.0%) jobs=7 amber=0 queued=0 lanes=8
2026-09-20T12:59:54 SAMPLE   ram=83.6% (14.00GB used, 2.75GB free) cpu=100.0% (15s mean 100.0%) jobs=7 amber=0 queued=0 lanes=8
2026-09-20T13:00:54 SAMPLE   ram=83.7% (14.03GB used, 2.72GB free) cpu=100.0% (15s mean 100.0%) jobs=7 amber=0 queued=0 lanes=8
2026-09-20T13:01:54 SAMPLE   ram=84.1% (14.08GB used, 2.67GB free) cpu=100.0% (15s mean 100.0%) jobs=7 amber=0 queued=0 lanes=8
2026-09-20T13:02:55 SAMPLE   ram=85.8% (14.38GB used, 2.38GB free) cpu=100.0% (15s mean 100.0%) jobs=7 amber=0 queued=0 lanes=8
2026-09-20T13:03:55 SAMPLE   ram=86.4% (14.47GB used, 2.28GB free) cpu=100.0% (15s mean 100.0%) jobs=7 amber=0 queued=0 lanes=8
2026-09-20T13:04:55 SAMPLE   ram=84.7% (14.19GB used, 2.56GB free) cpu=100.0% (15s mean 100.0%) jobs=7 amber=0 queued=0 lanes=8
2026-09-20T13:05:55 SAMPLE   ram=86.5% (14.49GB used, 2.25GB free) cpu=100.0% (15s mean 100.0%) jobs=7 amber=0 queued=0 lanes=8
2026-09-20T13:06:30 REAP     s30R_ladder_0 (pid 30524) is gone; registration removed
2026-09-20T13:06:30 REAP     s30R_ladder_1 (pid 38840) is gone; registration removed
2026-09-20T13:06:30 REAP     s30R_ladder_2 (pid 26076) is gone; registration removed
2026-09-20T13:06:55 SAMPLE   ram=77.4% (12.97GB used, 3.78GB free) cpu=100.0% (15s mean 100.0%) jobs=4 amber=0 queued=0 lanes=8
2026-09-20T13:07:55 SAMPLE   ram=80.8% (13.54GB used, 3.21GB free) cpu=100.0% (15s mean 97.4%) jobs=4 amber=0 queued=0 lanes=8
2026-09-20T13:08:55 SAMPLE   ram=81.0% (13.57GB used, 3.18GB free) cpu=100.0% (15s mean 100.0%) jobs=4 amber=0 queued=0 lanes=8
2026-09-20T13:09:56 SAMPLE   ram=83.0% (13.90GB used, 2.85GB free) cpu=100.0% (15s mean 100.0%) jobs=4 amber=0 queued=0 lanes=8
2026-09-20T13:10:56 SAMPLE   ram=79.8% (13.36GB used, 3.39GB free) cpu=100.0% (15s mean 100.0%) jobs=4 amber=0 queued=0 lanes=8
2026-09-20T13:11:56 SAMPLE   ram=81.4% (13.63GB used, 3.12GB free) cpu=100.0% (15s mean 100.0%) jobs=4 amber=0 queued=0 lanes=8
2026-09-20T13:12:56 SAMPLE   ram=79.4% (13.30GB used, 3.45GB free) cpu=100.0% (15s mean 100.0%) jobs=4 amber=0 queued=0 lanes=8
2026-09-20T13:13:56 SAMPLE   ram=81.4% (13.63GB used, 3.12GB free) cpu=100.0% (15s mean 100.0%) jobs=4 amber=0 queued=0 lanes=8
2026-09-20T13:14:56 SAMPLE   ram=79.2% (13.27GB used, 3.48GB free) cpu=100.0% (15s mean 100.0%) jobs=4 amber=0 queued=0 lanes=8
2026-09-20T13:15:56 SAMPLE   ram=72.7% (12.18GB used, 4.57GB free) cpu=95.8% (15s mean 98.4%) jobs=4 amber=0 queued=0 lanes=8
2026-09-20T13:16:21 REAP     s30D_gram_0 (pid 16564) is gone; registration removed
2026-09-20T13:16:56 SAMPLE   ram=74.5% (12.47GB used, 4.28GB free) cpu=100.0% (15s mean 100.0%) jobs=6 amber=0 queued=0 lanes=8
2026-09-20T13:17:57 SAMPLE   ram=74.9% (12.55GB used, 4.20GB free) cpu=100.0% (15s mean 100.0%) jobs=6 amber=0 queued=0 lanes=8
2026-09-20T13:18:57 SAMPLE   ram=77.2% (12.93GB used, 3.82GB free) cpu=100.0% (15s mean 100.0%) jobs=6 amber=0 queued=0 lanes=8
2026-09-20T13:19:32 REAP     s30R_run_1 (pid 11876) is gone; registration removed
2026-09-20T13:19:32 REAP     s30R_run_2 (pid 1720) is gone; registration removed
2026-09-20T13:19:57 SAMPLE   ram=71.9% (12.04GB used, 4.71GB free) cpu=91.4% (15s mean 92.6%) jobs=4 amber=0 queued=0 lanes=8
2026-09-20T13:20:57 SAMPLE   ram=71.6% (12.00GB used, 4.75GB free) cpu=97.4% (15s mean 96.8%) jobs=5 amber=0 queued=0 lanes=8
2026-09-20T13:21:32 REAP     s30R_run_0 (pid 16720) is gone; registration removed
2026-09-20T13:21:57 SAMPLE   ram=69.6% (11.65GB used, 5.10GB free) cpu=82.0% (15s mean 77.4%) jobs=4 amber=0 queued=0 lanes=8
2026-09-20T13:22:57 SAMPLE   ram=70.2% (11.76GB used, 4.99GB free) cpu=76.4% (15s mean 77.4%) jobs=4 amber=0 queued=0 lanes=8
2026-09-20T13:23:57 SAMPLE   ram=70.1% (11.75GB used, 5.00GB free) cpu=80.3% (15s mean 88.1%) jobs=4 amber=0 queued=0 lanes=8
2026-09-20T13:24:57 SAMPLE   ram=69.4% (11.62GB used, 5.13GB free) cpu=56.5% (15s mean 62.7%) jobs=4 amber=0 queued=0 lanes=8
2026-09-20T13:25:57 SAMPLE   ram=71.9% (12.04GB used, 4.71GB free) cpu=75.1% (15s mean 77.5%) jobs=4 amber=0 queued=0 lanes=8
2026-09-20T13:26:57 SAMPLE   ram=70.2% (11.76GB used, 5.00GB free) cpu=57.4% (15s mean 58.4%) jobs=4 amber=0 queued=0 lanes=8
2026-09-20T13:27:57 SAMPLE   ram=70.1% (11.74GB used, 5.01GB free) cpu=66.2% (15s mean 67.5%) jobs=4 amber=0 queued=0 lanes=8
2026-09-20T13:28:57 SAMPLE   ram=69.8% (11.70GB used, 5.05GB free) cpu=73.6% (15s mean 71.0%) jobs=4 amber=0 queued=0 lanes=8
2026-09-20T13:29:57 SAMPLE   ram=70.1% (11.75GB used, 5.00GB free) cpu=67.8% (15s mean 67.0%) jobs=4 amber=0 queued=0 lanes=8
2026-09-20T13:30:57 SAMPLE   ram=71.2% (11.92GB used, 4.83GB free) cpu=79.9% (15s mean 74.1%) jobs=4 amber=0 queued=0 lanes=8
2026-09-20T13:31:57 SAMPLE   ram=69.7% (11.68GB used, 5.07GB free) cpu=60.8% (15s mean 59.3%) jobs=3 amber=0 queued=0 lanes=8
2026-09-20T13:32:02 REAP     s30D_cache_3 (pid 21532) is gone; registration removed
2026-09-20T13:32:57 SAMPLE   ram=68.8% (11.52GB used, 5.23GB free) cpu=90.3% (15s mean 91.1%) jobs=2 amber=0 queued=0 lanes=8
2026-09-20T13:33:22 REAP     s30D_cache_2 (pid 24796) is gone; registration removed
2026-09-20T13:33:57 SAMPLE   ram=67.0% (11.21GB used, 5.53GB free) cpu=69.0% (15s mean 71.5%) jobs=1 amber=0 queued=0 lanes=8
2026-09-20T13:34:57 SAMPLE   ram=65.3% (10.93GB used, 5.82GB free) cpu=22.5% (15s mean 20.9%) jobs=1 amber=0 queued=0 lanes=8
2026-09-20T13:35:57 SAMPLE   ram=64.6% (10.83GB used, 5.92GB free) cpu=65.6% (15s mean 68.4%) jobs=1 amber=0 queued=0 lanes=8
2026-09-20T13:36:32 REAP     s30D_cache_1 (pid 37408) is gone; registration removed
2026-09-20T13:36:57 SAMPLE   ram=63.3% (10.60GB used, 6.15GB free) cpu=18.2% (15s mean 23.3%) jobs=0 amber=0 queued=0 lanes=8
2026-09-20T13:37:57 SAMPLE   ram=63.3% (10.61GB used, 6.14GB free) cpu=12.9% (15s mean 16.1%) jobs=0 amber=0 queued=0 lanes=8
2026-09-20T13:38:57 SAMPLE   ram=63.5% (10.63GB used, 6.12GB free) cpu=12.0% (15s mean 15.2%) jobs=0 amber=0 queued=0 lanes=8
2026-09-20T13:39:57 SAMPLE   ram=64.1% (10.73GB used, 6.02GB free) cpu=20.3% (15s mean 20.2%) jobs=0 amber=0 queued=0 lanes=8
2026-09-20T13:40:57 SAMPLE   ram=64.1% (10.73GB used, 6.02GB free) cpu=21.0% (15s mean 16.6%) jobs=0 amber=0 queued=0 lanes=8
2026-09-20T13:41:57 SAMPLE   ram=63.8% (10.69GB used, 6.06GB free) cpu=20.1% (15s mean 19.3%) jobs=0 amber=0 queued=0 lanes=8
2026-09-20T13:42:57 SAMPLE   ram=64.0% (10.73GB used, 6.02GB free) cpu=22.5% (15s mean 21.0%) jobs=0 amber=0 queued=0 lanes=8
2026-09-20T13:43:57 SAMPLE   ram=63.7% (10.67GB used, 6.08GB free) cpu=20.1% (15s mean 25.5%) jobs=0 amber=0 queued=0 lanes=8
2026-09-20T13:44:57 SAMPLE   ram=63.9% (10.70GB used, 6.05GB free) cpu=23.2% (15s mean 23.1%) jobs=0 amber=0 queued=0 lanes=8
2026-09-20T13:45:57 SAMPLE   ram=65.8% (11.02GB used, 5.73GB free) cpu=32.5% (15s mean 35.5%) jobs=0 amber=0 queued=0 lanes=8
2026-09-20T13:46:57 SAMPLE   ram=65.0% (10.88GB used, 5.87GB free) cpu=47.6% (15s mean 41.8%) jobs=0 amber=0 queued=0 lanes=8
2026-09-20T13:47:57 SAMPLE   ram=64.8% (10.85GB used, 5.90GB free) cpu=35.3% (15s mean 28.2%) jobs=0 amber=0 queued=0 lanes=8
2026-09-20T13:48:57 SAMPLE   ram=64.3% (10.76GB used, 5.99GB free) cpu=33.3% (15s mean 29.0%) jobs=0 amber=0 queued=0 lanes=8
2026-09-20T13:49:57 SAMPLE   ram=64.4% (10.79GB used, 5.96GB free) cpu=39.0% (15s mean 35.8%) jobs=0 amber=0 queued=0 lanes=8
2026-09-20T13:50:57 SAMPLE   ram=64.0% (10.71GB used, 6.03GB free) cpu=26.9% (15s mean 23.9%) jobs=0 amber=0 queued=0 lanes=8
2026-09-20T13:51:57 SAMPLE   ram=63.9% (10.71GB used, 6.04GB free) cpu=22.2% (15s mean 23.6%) jobs=0 amber=0 queued=0 lanes=8
2026-09-20T13:52:57 SAMPLE   ram=64.6% (10.82GB used, 5.93GB free) cpu=39.5% (15s mean 34.8%) jobs=0 amber=0 queued=0 lanes=8
2026-09-20T13:53:57 SAMPLE   ram=63.8% (10.69GB used, 6.06GB free) cpu=27.4% (15s mean 23.1%) jobs=0 amber=0 queued=0 lanes=8
2026-09-20T13:54:57 SAMPLE   ram=63.6% (10.65GB used, 6.10GB free) cpu=21.2% (15s mean 20.6%) jobs=0 amber=0 queued=0 lanes=8
2026-09-20T13:55:57 SAMPLE   ram=64.6% (10.82GB used, 5.92GB free) cpu=37.8% (15s mean 36.0%) jobs=0 amber=0 queued=0 lanes=8
2026-09-20T13:56:57 SAMPLE   ram=63.7% (10.66GB used, 6.08GB free) cpu=30.1% (15s mean 29.6%) jobs=0 amber=0 queued=0 lanes=8
2026-09-20T13:57:57 SAMPLE   ram=63.8% (10.68GB used, 6.07GB free) cpu=26.7% (15s mean 25.9%) jobs=0 amber=0 queued=0 lanes=8
2026-09-20T13:58:57 SAMPLE   ram=64.0% (10.72GB used, 6.03GB free) cpu=30.1% (15s mean 30.1%) jobs=0 amber=0 queued=0 lanes=8
2026-09-20T13:59:57 SAMPLE   ram=64.5% (10.80GB used, 5.95GB free) cpu=24.2% (15s mean 26.4%) jobs=0 amber=0 queued=0 lanes=8
2026-09-20T14:00:57 SAMPLE   ram=64.6% (10.82GB used, 5.93GB free) cpu=20.5% (15s mean 23.1%) jobs=0 amber=0 queued=0 lanes=8
2026-09-20T14:01:57 SAMPLE   ram=70.8% (11.86GB used, 4.89GB free) cpu=63.3% (15s mean 63.4%) jobs=0 amber=0 queued=0 lanes=8
2026-09-20T14:02:57 SAMPLE   ram=70.9% (11.87GB used, 4.88GB free) cpu=67.7% (15s mean 66.4%) jobs=0 amber=0 queued=0 lanes=8
2026-09-20T14:03:57 SAMPLE   ram=70.7% (11.85GB used, 4.90GB free) cpu=63.2% (15s mean 66.1%) jobs=0 amber=0 queued=0 lanes=8
2026-09-20T14:04:57 SAMPLE   ram=70.7% (11.84GB used, 4.91GB free) cpu=63.2% (15s mean 69.5%) jobs=0 amber=0 queued=0 lanes=8
2026-09-20T14:05:57 SAMPLE   ram=69.0% (11.56GB used, 5.19GB free) cpu=64.2% (15s mean 64.0%) jobs=0 amber=0 queued=0 lanes=8
2026-09-20T14:06:57 SAMPLE   ram=70.9% (11.87GB used, 4.88GB free) cpu=67.0% (15s mean 68.4%) jobs=0 amber=0 queued=0 lanes=8
2026-09-20T14:07:57 SAMPLE   ram=70.9% (11.87GB used, 4.88GB free) cpu=61.8% (15s mean 64.6%) jobs=0 amber=0 queued=0 lanes=8
2026-09-20T14:08:57 SAMPLE   ram=71.2% (11.93GB used, 4.82GB free) cpu=78.9% (15s mean 71.9%) jobs=0 amber=0 queued=0 lanes=8
2026-09-20T14:09:57 SAMPLE   ram=71.4% (11.96GB used, 4.79GB free) cpu=65.5% (15s mean 69.8%) jobs=0 amber=0 queued=0 lanes=8
2026-09-20T14:10:57 SAMPLE   ram=70.2% (11.77GB used, 4.98GB free) cpu=70.1% (15s mean 67.8%) jobs=0 amber=0 queued=0 lanes=8
2026-09-20T14:11:57 SAMPLE   ram=70.7% (11.83GB used, 4.92GB free) cpu=70.9% (15s mean 72.8%) jobs=0 amber=0 queued=0 lanes=8
2026-09-20T14:12:57 SAMPLE   ram=71.6% (11.99GB used, 4.76GB free) cpu=85.1% (15s mean 85.9%) jobs=0 amber=0 queued=0 lanes=8
2026-09-20T14:13:57 SAMPLE   ram=71.0% (11.89GB used, 4.86GB free) cpu=69.2% (15s mean 78.6%) jobs=0 amber=0 queued=0 lanes=8
2026-09-20T14:14:57 SAMPLE   ram=70.8% (11.86GB used, 4.89GB free) cpu=79.1% (15s mean 71.4%) jobs=0 amber=0 queued=0 lanes=8
2026-09-20T14:15:57 SAMPLE   ram=71.3% (11.94GB used, 4.81GB free) cpu=70.5% (15s mean 69.1%) jobs=0 amber=0 queued=0 lanes=8
2026-09-20T14:16:57 SAMPLE   ram=70.1% (11.74GB used, 5.01GB free) cpu=71.7% (15s mean 71.2%) jobs=0 amber=0 queued=0 lanes=8
2026-09-20T14:17:57 SAMPLE   ram=70.6% (11.82GB used, 4.93GB free) cpu=75.1% (15s mean 70.3%) jobs=0 amber=0 queued=0 lanes=8
2026-09-20T14:18:57 SAMPLE   ram=70.3% (11.78GB used, 4.97GB free) cpu=57.0% (15s mean 58.0%) jobs=0 amber=0 queued=0 lanes=8
2026-09-20T14:19:57 SAMPLE   ram=70.7% (11.84GB used, 4.91GB free) cpu=57.6% (15s mean 58.8%) jobs=0 amber=0 queued=0 lanes=8
2026-09-20T14:20:57 SAMPLE   ram=70.1% (11.73GB used, 5.01GB free) cpu=57.3% (15s mean 57.9%) jobs=0 amber=0 queued=0 lanes=8
2026-09-20T14:21:57 SAMPLE   ram=68.4% (11.46GB used, 5.29GB free) cpu=44.5% (15s mean 44.4%) jobs=0 amber=0 queued=0 lanes=8
2026-09-20T14:22:57 SAMPLE   ram=63.7% (10.67GB used, 6.08GB free) cpu=8.1% (15s mean 8.4%) jobs=0 amber=0 queued=0 lanes=8
2026-09-20T14:23:57 SAMPLE   ram=63.7% (10.67GB used, 6.08GB free) cpu=8.9% (15s mean 8.1%) jobs=0 amber=0 queued=0 lanes=8
2026-09-20T14:24:57 SAMPLE   ram=63.9% (10.71GB used, 6.04GB free) cpu=7.0% (15s mean 8.7%) jobs=0 amber=0 queued=0 lanes=8
2026-09-20T14:25:57 SAMPLE   ram=63.8% (10.68GB used, 6.07GB free) cpu=8.5% (15s mean 10.0%) jobs=0 amber=0 queued=0 lanes=8
2026-09-20T14:26:57 SAMPLE   ram=63.6% (10.66GB used, 6.09GB free) cpu=5.7% (15s mean 5.9%) jobs=0 amber=0 queued=0 lanes=8
2026-09-20T14:27:57 SAMPLE   ram=64.3% (10.76GB used, 5.99GB free) cpu=6.7% (15s mean 11.0%) jobs=0 amber=0 queued=0 lanes=8
2026-09-20T14:28:57 SAMPLE   ram=64.4% (10.79GB used, 5.96GB free) cpu=5.8% (15s mean 8.3%) jobs=0 amber=0 queued=0 lanes=8
2026-09-20T14:29:57 SAMPLE   ram=64.1% (10.73GB used, 6.02GB free) cpu=6.3% (15s mean 6.4%) jobs=0 amber=0 queued=0 lanes=8
2026-09-20T14:30:57 SAMPLE   ram=63.5% (10.63GB used, 6.12GB free) cpu=8.4% (15s mean 7.9%) jobs=0 amber=0 queued=0 lanes=8
2026-09-20T14:31:57 SAMPLE   ram=63.5% (10.63GB used, 6.12GB free) cpu=7.5% (15s mean 6.9%) jobs=0 amber=0 queued=0 lanes=8
2026-09-20T14:32:57 SAMPLE   ram=64.1% (10.73GB used, 6.02GB free) cpu=10.0% (15s mean 9.3%) jobs=0 amber=0 queued=0 lanes=8
2026-09-20T14:33:57 SAMPLE   ram=63.4% (10.63GB used, 6.12GB free) cpu=6.2% (15s mean 6.5%) jobs=0 amber=0 queued=0 lanes=8
2026-09-20T14:34:57 SAMPLE   ram=63.5% (10.64GB used, 6.11GB free) cpu=7.1% (15s mean 10.4%) jobs=0 amber=0 queued=0 lanes=8
2026-09-20T14:35:57 SAMPLE   ram=62.8% (10.53GB used, 6.22GB free) cpu=7.2% (15s mean 8.7%) jobs=0 amber=0 queued=0 lanes=8
2026-09-20T14:36:57 SAMPLE   ram=63.1% (10.57GB used, 6.18GB free) cpu=6.6% (15s mean 7.2%) jobs=0 amber=0 queued=0 lanes=8
2026-09-20T14:37:57 SAMPLE   ram=62.8% (10.52GB used, 6.23GB free) cpu=6.8% (15s mean 6.9%) jobs=0 amber=0 queued=0 lanes=8
2026-09-20T14:38:57 SAMPLE   ram=62.9% (10.53GB used, 6.22GB free) cpu=6.9% (15s mean 7.1%) jobs=0 amber=0 queued=0 lanes=8
2026-09-20T14:39:57 SAMPLE   ram=68.0% (11.39GB used, 5.36GB free) cpu=10.4% (15s mean 9.2%) jobs=0 amber=0 queued=0 lanes=8
2026-09-20T14:40:57 SAMPLE   ram=66.2% (11.08GB used, 5.67GB free) cpu=7.4% (15s mean 6.2%) jobs=0 amber=0 queued=0 lanes=8
2026-09-20T14:41:57 SAMPLE   ram=66.0% (11.05GB used, 5.70GB free) cpu=6.5% (15s mean 6.1%) jobs=0 amber=0 queued=0 lanes=8
2026-09-20T14:42:57 SAMPLE   ram=65.9% (11.04GB used, 5.71GB free) cpu=7.5% (15s mean 7.0%) jobs=0 amber=0 queued=0 lanes=8
2026-09-20T14:43:57 SAMPLE   ram=65.5% (10.97GB used, 5.78GB free) cpu=7.0% (15s mean 9.3%) jobs=0 amber=0 queued=0 lanes=8
2026-09-20T14:44:57 SAMPLE   ram=65.5% (10.96GB used, 5.79GB free) cpu=5.2% (15s mean 5.4%) jobs=0 amber=0 queued=0 lanes=8
2026-09-20T14:45:57 SAMPLE   ram=65.2% (10.93GB used, 5.82GB free) cpu=3.8% (15s mean 5.8%) jobs=0 amber=0 queued=0 lanes=8
2026-09-20T14:46:57 SAMPLE   ram=64.9% (10.87GB used, 5.88GB free) cpu=4.9% (15s mean 5.3%) jobs=0 amber=0 queued=0 lanes=8
2026-09-20T14:47:57 SAMPLE   ram=65.2% (10.93GB used, 5.82GB free) cpu=4.4% (15s mean 5.8%) jobs=0 amber=0 queued=0 lanes=8
2026-09-20T14:48:57 SAMPLE   ram=65.3% (10.94GB used, 5.81GB free) cpu=7.7% (15s mean 6.2%) jobs=0 amber=0 queued=0 lanes=8
2026-09-20T14:49:57 SAMPLE   ram=65.4% (10.95GB used, 5.80GB free) cpu=6.3% (15s mean 6.5%) jobs=0 amber=0 queued=0 lanes=8
2026-09-20T14:50:57 SAMPLE   ram=65.4% (10.95GB used, 5.80GB free) cpu=6.5% (15s mean 5.9%) jobs=0 amber=0 queued=0 lanes=8
2026-09-20T14:51:57 SAMPLE   ram=64.0% (10.73GB used, 6.02GB free) cpu=4.4% (15s mean 5.0%) jobs=0 amber=0 queued=0 lanes=8
2026-09-20T14:52:57 SAMPLE   ram=64.4% (10.78GB used, 5.97GB free) cpu=8.7% (15s mean 6.4%) jobs=0 amber=0 queued=0 lanes=8
2026-09-20T14:53:57 SAMPLE   ram=63.9% (10.70GB used, 6.05GB free) cpu=6.2% (15s mean 4.9%) jobs=0 amber=0 queued=0 lanes=8
2026-09-20T14:54:57 SAMPLE   ram=64.4% (10.78GB used, 5.97GB free) cpu=4.4% (15s mean 5.0%) jobs=0 amber=0 queued=0 lanes=8
2026-09-20T14:55:57 SAMPLE   ram=66.1% (11.07GB used, 5.68GB free) cpu=6.1% (15s mean 6.1%) jobs=0 amber=0 queued=0 lanes=8
2026-09-20T14:56:57 SAMPLE   ram=66.3% (11.10GB used, 5.65GB free) cpu=6.1% (15s mean 5.8%) jobs=0 amber=0 queued=0 lanes=8
2026-09-20T14:57:57 SAMPLE   ram=66.5% (11.13GB used, 5.62GB free) cpu=7.3% (15s mean 5.7%) jobs=0 amber=0 queued=0 lanes=8
2026-09-20T14:58:57 SAMPLE   ram=66.4% (11.11GB used, 5.63GB free) cpu=7.3% (15s mean 8.4%) jobs=0 amber=0 queued=0 lanes=8
2026-09-20T14:59:57 SAMPLE   ram=66.4% (11.12GB used, 5.63GB free) cpu=6.5% (15s mean 6.6%) jobs=0 amber=0 queued=0 lanes=8
2026-09-20T15:00:57 SAMPLE   ram=66.4% (11.13GB used, 5.62GB free) cpu=6.7% (15s mean 6.8%) jobs=0 amber=0 queued=0 lanes=8
2026-09-20T15:01:57 SAMPLE   ram=67.1% (11.23GB used, 5.51GB free) cpu=4.3% (15s mean 5.8%) jobs=0 amber=0 queued=0 lanes=8
2026-09-20T15:02:57 SAMPLE   ram=72.2% (12.09GB used, 4.66GB free) cpu=6.5% (15s mean 5.2%) jobs=0 amber=0 queued=0 lanes=8
2026-09-20T15:03:57 SAMPLE   ram=73.3% (12.28GB used, 4.47GB free) cpu=7.3% (15s mean 15.1%) jobs=0 amber=0 queued=0 lanes=8
2026-09-20T15:04:57 SAMPLE   ram=75.5% (12.64GB used, 4.11GB free) cpu=22.1% (15s mean 11.3%) jobs=0 amber=0 queued=0 lanes=8
2026-09-20T15:05:57 SAMPLE   ram=76.3% (12.78GB used, 3.97GB free) cpu=6.8% (15s mean 9.0%) jobs=0 amber=0 queued=0 lanes=8
2026-09-20T15:06:57 SAMPLE   ram=75.0% (12.56GB used, 4.18GB free) cpu=6.1% (15s mean 6.4%) jobs=0 amber=0 queued=0 lanes=8
2026-09-20T15:07:57 SAMPLE   ram=75.0% (12.56GB used, 4.19GB free) cpu=6.9% (15s mean 6.1%) jobs=0 amber=0 queued=0 lanes=8
2026-09-20T15:08:57 SAMPLE   ram=76.0% (12.73GB used, 4.01GB free) cpu=7.3% (15s mean 9.2%) jobs=0 amber=0 queued=0 lanes=8
2026-09-20T15:09:57 SAMPLE   ram=75.9% (12.72GB used, 4.03GB free) cpu=10.8% (15s mean 12.1%) jobs=0 amber=0 queued=0 lanes=8
2026-09-20T15:10:57 SAMPLE   ram=75.3% (12.61GB used, 4.14GB free) cpu=13.6% (15s mean 9.9%) jobs=0 amber=0 queued=0 lanes=8
2026-09-20T15:11:57 SAMPLE   ram=74.7% (12.51GB used, 4.24GB free) cpu=5.5% (15s mean 6.5%) jobs=0 amber=0 queued=0 lanes=8
2026-09-20T15:12:57 SAMPLE   ram=75.5% (12.64GB used, 4.11GB free) cpu=18.1% (15s mean 13.1%) jobs=0 amber=0 queued=0 lanes=8
2026-09-20T15:13:57 SAMPLE   ram=75.3% (12.62GB used, 4.13GB free) cpu=7.2% (15s mean 11.1%) jobs=0 amber=0 queued=0 lanes=8
2026-09-20T15:14:57 SAMPLE   ram=74.9% (12.55GB used, 4.20GB free) cpu=6.8% (15s mean 9.5%) jobs=0 amber=0 queued=0 lanes=8
2026-09-20T15:15:57 SAMPLE   ram=74.8% (12.53GB used, 4.22GB free) cpu=8.1% (15s mean 8.7%) jobs=0 amber=0 queued=0 lanes=8
2026-09-20T15:16:57 SAMPLE   ram=74.2% (12.42GB used, 4.33GB free) cpu=12.3% (15s mean 9.1%) jobs=0 amber=0 queued=0 lanes=8
2026-09-20T15:17:57 SAMPLE   ram=74.8% (12.53GB used, 4.22GB free) cpu=8.9% (15s mean 8.8%) jobs=0 amber=0 queued=0 lanes=8
2026-09-20T15:18:57 SAMPLE   ram=74.5% (12.47GB used, 4.28GB free) cpu=8.2% (15s mean 8.2%) jobs=0 amber=0 queued=0 lanes=8
2026-09-20T15:19:57 SAMPLE   ram=74.6% (12.49GB used, 4.26GB free) cpu=7.4% (15s mean 11.3%) jobs=0 amber=0 queued=0 lanes=8
2026-09-20T15:20:57 SAMPLE   ram=75.2% (12.59GB used, 4.16GB free) cpu=8.7% (15s mean 10.4%) jobs=0 amber=0 queued=0 lanes=8
2026-09-20T15:21:57 SAMPLE   ram=75.8% (12.69GB used, 4.06GB free) cpu=7.3% (15s mean 7.9%) jobs=0 amber=0 queued=0 lanes=8
2026-09-20T15:22:57 SAMPLE   ram=75.5% (12.64GB used, 4.11GB free) cpu=9.5% (15s mean 9.1%) jobs=0 amber=0 queued=0 lanes=8
2026-09-20T15:23:57 SAMPLE   ram=75.5% (12.64GB used, 4.11GB free) cpu=13.6% (15s mean 10.2%) jobs=0 amber=0 queued=0 lanes=8
2026-09-20T15:24:57 SAMPLE   ram=76.1% (12.75GB used, 4.00GB free) cpu=8.1% (15s mean 7.8%) jobs=0 amber=0 queued=0 lanes=8
2026-09-20T15:25:57 SAMPLE   ram=73.7% (12.35GB used, 4.40GB free) cpu=8.0% (15s mean 10.7%) jobs=0 amber=0 queued=0 lanes=8
2026-09-20T15:26:57 SAMPLE   ram=74.1% (12.41GB used, 4.34GB free) cpu=3.2% (15s mean 10.9%) jobs=0 amber=0 queued=0 lanes=8
2026-09-20T15:27:57 SAMPLE   ram=73.8% (12.37GB used, 4.38GB free) cpu=3.9% (15s mean 4.1%) jobs=0 amber=0 queued=0 lanes=8
2026-09-20T15:28:57 SAMPLE   ram=73.8% (12.37GB used, 4.38GB free) cpu=1.6% (15s mean 4.0%) jobs=0 amber=0 queued=0 lanes=8
2026-09-20T15:29:57 SAMPLE   ram=74.1% (12.41GB used, 4.34GB free) cpu=3.3% (15s mean 3.4%) jobs=0 amber=0 queued=0 lanes=8
2026-09-20T15:30:57 SAMPLE   ram=73.2% (12.27GB used, 4.48GB free) cpu=3.9% (15s mean 3.1%) jobs=0 amber=0 queued=0 lanes=8
2026-09-20T15:31:57 SAMPLE   ram=70.9% (11.88GB used, 4.87GB free) cpu=1.5% (15s mean 1.9%) jobs=0 amber=0 queued=0 lanes=8
2026-09-20T15:32:57 SAMPLE   ram=72.2% (12.10GB used, 4.65GB free) cpu=7.0% (15s mean 4.7%) jobs=0 amber=0 queued=0 lanes=8
2026-09-20T15:33:57 SAMPLE   ram=72.2% (12.09GB used, 4.66GB free) cpu=6.4% (15s mean 5.9%) jobs=0 amber=0 queued=0 lanes=8
2026-09-20T15:34:57 SAMPLE   ram=71.8% (12.02GB used, 4.72GB free) cpu=4.5% (15s mean 4.9%) jobs=0 amber=0 queued=0 lanes=8
2026-09-20T15:35:57 SAMPLE   ram=70.1% (11.74GB used, 5.01GB free) cpu=12.0% (15s mean 8.0%) jobs=0 amber=0 queued=0 lanes=8
2026-09-20T15:36:57 SAMPLE   ram=70.0% (11.72GB used, 5.03GB free) cpu=5.6% (15s mean 4.7%) jobs=0 amber=0 queued=0 lanes=8
2026-09-20T15:37:57 SAMPLE   ram=70.0% (11.72GB used, 5.03GB free) cpu=6.9% (15s mean 4.9%) jobs=0 amber=0 queued=0 lanes=8
2026-09-20T15:38:57 SAMPLE   ram=70.0% (11.73GB used, 5.02GB free) cpu=3.4% (15s mean 5.5%) jobs=0 amber=0 queued=0 lanes=8
2026-09-20T15:39:57 SAMPLE   ram=71.1% (11.91GB used, 4.84GB free) cpu=5.1% (15s mean 6.3%) jobs=0 amber=0 queued=0 lanes=8
2026-09-20T15:40:57 SAMPLE   ram=70.0% (11.72GB used, 5.03GB free) cpu=7.4% (15s mean 6.0%) jobs=0 amber=0 queued=0 lanes=8
2026-09-20T15:41:57 SAMPLE   ram=70.2% (11.76GB used, 4.99GB free) cpu=7.7% (15s mean 6.8%) jobs=0 amber=0 queued=0 lanes=8
2026-09-20T15:42:57 SAMPLE   ram=70.3% (11.78GB used, 4.97GB free) cpu=5.6% (15s mean 4.6%) jobs=0 amber=0 queued=0 lanes=8
2026-09-20T15:43:58 SAMPLE   ram=69.7% (11.68GB used, 5.07GB free) cpu=4.9% (15s mean 6.8%) jobs=0 amber=0 queued=0 lanes=8
2026-09-20T15:44:58 SAMPLE   ram=69.8% (11.70GB used, 5.05GB free) cpu=8.2% (15s mean 7.5%) jobs=0 amber=0 queued=0 lanes=8
2026-09-20T15:45:58 SAMPLE   ram=69.5% (11.64GB used, 5.11GB free) cpu=5.7% (15s mean 5.2%) jobs=0 amber=0 queued=0 lanes=8
2026-09-20T15:46:58 SAMPLE   ram=68.7% (11.50GB used, 5.25GB free) cpu=11.4% (15s mean 9.2%) jobs=0 amber=0 queued=0 lanes=8
2026-09-20T15:47:58 SAMPLE   ram=68.8% (11.53GB used, 5.22GB free) cpu=4.8% (15s mean 5.1%) jobs=0 amber=0 queued=0 lanes=8
2026-09-20T15:48:58 SAMPLE   ram=68.9% (11.54GB used, 5.21GB free) cpu=6.7% (15s mean 5.0%) jobs=0 amber=0 queued=0 lanes=8
2026-09-20T15:49:58 SAMPLE   ram=69.0% (11.56GB used, 5.18GB free) cpu=4.1% (15s mean 6.3%) jobs=0 amber=0 queued=0 lanes=8
2026-09-20T15:50:58 SAMPLE   ram=69.4% (11.63GB used, 5.12GB free) cpu=4.7% (15s mean 4.9%) jobs=0 amber=0 queued=0 lanes=8
2026-09-20T15:51:58 SAMPLE   ram=71.0% (11.89GB used, 4.86GB free) cpu=8.4% (15s mean 7.7%) jobs=0 amber=0 queued=0 lanes=8
2026-09-20T15:52:58 SAMPLE   ram=70.7% (11.83GB used, 4.92GB free) cpu=5.3% (15s mean 7.1%) jobs=0 amber=0 queued=0 lanes=8
2026-09-20T15:53:58 SAMPLE   ram=70.2% (11.76GB used, 4.99GB free) cpu=5.4% (15s mean 4.9%) jobs=0 amber=0 queued=0 lanes=8
2026-09-20T15:54:58 SAMPLE   ram=70.5% (11.82GB used, 4.93GB free) cpu=5.2% (15s mean 5.3%) jobs=0 amber=0 queued=0 lanes=8
2026-09-20T15:55:58 SAMPLE   ram=70.3% (11.78GB used, 4.97GB free) cpu=5.5% (15s mean 5.9%) jobs=0 amber=0 queued=0 lanes=8
2026-09-20T15:56:58 SAMPLE   ram=70.2% (11.77GB used, 4.98GB free) cpu=5.2% (15s mean 6.1%) jobs=0 amber=0 queued=0 lanes=8
2026-09-20T15:57:58 SAMPLE   ram=70.5% (11.81GB used, 4.94GB free) cpu=9.1% (15s mean 8.1%) jobs=0 amber=0 queued=0 lanes=8
2026-09-20T15:58:58 SAMPLE   ram=70.8% (11.85GB used, 4.90GB free) cpu=4.9% (15s mean 8.4%) jobs=0 amber=0 queued=0 lanes=8
2026-09-20T15:59:58 SAMPLE   ram=71.1% (11.91GB used, 4.84GB free) cpu=7.9% (15s mean 6.0%) jobs=0 amber=0 queued=0 lanes=8
2026-09-20T16:00:58 SAMPLE   ram=70.6% (11.82GB used, 4.93GB free) cpu=5.5% (15s mean 5.5%) jobs=0 amber=0 queued=0 lanes=8
2026-09-20T16:01:58 SAMPLE   ram=70.5% (11.81GB used, 4.94GB free) cpu=3.9% (15s mean 7.0%) jobs=0 amber=0 queued=0 lanes=8
2026-09-20T16:02:58 SAMPLE   ram=71.0% (11.90GB used, 4.85GB free) cpu=6.1% (15s mean 5.2%) jobs=0 amber=0 queued=0 lanes=8
2026-09-20T16:03:58 SAMPLE   ram=69.4% (11.63GB used, 5.12GB free) cpu=7.3% (15s mean 7.5%) jobs=0 amber=0 queued=0 lanes=8
2026-09-20T16:04:58 SAMPLE   ram=69.9% (11.71GB used, 5.04GB free) cpu=10.5% (15s mean 9.5%) jobs=0 amber=0 queued=0 lanes=8
2026-09-20T16:05:58 SAMPLE   ram=69.8% (11.70GB used, 5.05GB free) cpu=4.7% (15s mean 5.1%) jobs=0 amber=0 queued=0 lanes=8
2026-09-20T16:06:58 SAMPLE   ram=69.5% (11.64GB used, 5.11GB free) cpu=9.0% (15s mean 7.8%) jobs=0 amber=0 queued=0 lanes=8
2026-09-20T16:07:58 SAMPLE   ram=69.7% (11.67GB used, 5.08GB free) cpu=4.7% (15s mean 5.6%) jobs=0 amber=0 queued=0 lanes=8
2026-09-20T16:08:58 SAMPLE   ram=69.7% (11.67GB used, 5.08GB free) cpu=4.6% (15s mean 4.4%) jobs=0 amber=0 queued=0 lanes=8
2026-09-20T16:09:58 SAMPLE   ram=69.7% (11.67GB used, 5.08GB free) cpu=5.6% (15s mean 6.1%) jobs=0 amber=0 queued=0 lanes=8
2026-09-20T16:10:58 SAMPLE   ram=69.9% (11.71GB used, 5.04GB free) cpu=5.9% (15s mean 6.0%) jobs=0 amber=0 queued=0 lanes=8
2026-09-20T16:11:58 SAMPLE   ram=69.1% (11.58GB used, 5.17GB free) cpu=5.0% (15s mean 5.1%) jobs=0 amber=0 queued=0 lanes=8
2026-09-20T16:12:58 SAMPLE   ram=69.7% (11.67GB used, 5.08GB free) cpu=7.2% (15s mean 5.8%) jobs=0 amber=0 queued=0 lanes=8
2026-09-20T16:13:58 SAMPLE   ram=69.9% (11.71GB used, 5.04GB free) cpu=4.0% (15s mean 5.5%) jobs=0 amber=0 queued=0 lanes=8
2026-09-20T16:14:58 SAMPLE   ram=69.9% (11.71GB used, 5.04GB free) cpu=2.8% (15s mean 5.9%) jobs=0 amber=0 queued=0 lanes=8
2026-09-20T16:15:58 SAMPLE   ram=70.2% (11.75GB used, 5.00GB free) cpu=3.8% (15s mean 4.0%) jobs=0 amber=0 queued=0 lanes=8
2026-09-20T16:16:58 SAMPLE   ram=76.8% (12.86GB used, 3.89GB free) cpu=23.1% (15s mean 26.5%) jobs=0 amber=0 queued=0 lanes=8
2026-09-20T16:17:58 SAMPLE   ram=76.4% (12.80GB used, 3.94GB free) cpu=5.0% (15s mean 4.8%) jobs=0 amber=0 queued=0 lanes=8
2026-09-20T16:18:58 SAMPLE   ram=76.7% (12.84GB used, 3.91GB free) cpu=10.5% (15s mean 7.5%) jobs=0 amber=0 queued=0 lanes=8
2026-09-20T16:19:58 SAMPLE   ram=76.2% (12.77GB used, 3.98GB free) cpu=7.9% (15s mean 7.7%) jobs=0 amber=0 queued=0 lanes=8
2026-09-20T16:20:58 SAMPLE   ram=76.9% (12.87GB used, 3.88GB free) cpu=14.3% (15s mean 10.9%) jobs=0 amber=0 queued=0 lanes=8
2026-09-20T16:21:58 SAMPLE   ram=77.0% (12.90GB used, 3.85GB free) cpu=7.6% (15s mean 8.5%) jobs=0 amber=0 queued=0 lanes=8
2026-09-20T16:22:58 SAMPLE   ram=77.5% (12.98GB used, 3.77GB free) cpu=10.7% (15s mean 8.9%) jobs=0 amber=0 queued=0 lanes=8
2026-09-20T16:23:58 SAMPLE   ram=76.4% (12.79GB used, 3.96GB free) cpu=8.5% (15s mean 9.8%) jobs=0 amber=0 queued=0 lanes=8
2026-09-20T16:24:58 SAMPLE   ram=77.6% (13.00GB used, 3.75GB free) cpu=9.2% (15s mean 8.6%) jobs=0 amber=0 queued=0 lanes=8
2026-09-20T16:25:58 SAMPLE   ram=77.2% (12.94GB used, 3.81GB free) cpu=3.5% (15s mean 4.1%) jobs=0 amber=0 queued=0 lanes=8
2026-09-20T16:26:58 SAMPLE   ram=76.5% (12.81GB used, 3.94GB free) cpu=4.2% (15s mean 4.1%) jobs=0 amber=0 queued=0 lanes=8
2026-09-20T16:27:58 SAMPLE   ram=76.8% (12.87GB used, 3.88GB free) cpu=5.8% (15s mean 4.9%) jobs=0 amber=0 queued=0 lanes=8
2026-09-20T16:28:58 SAMPLE   ram=76.7% (12.85GB used, 3.90GB free) cpu=3.3% (15s mean 5.8%) jobs=0 amber=0 queued=0 lanes=8
2026-09-20T16:29:58 SAMPLE   ram=79.3% (13.29GB used, 3.46GB free) cpu=30.9% (15s mean 17.9%) jobs=0 amber=0 queued=0 lanes=8
2026-09-20T16:30:58 SAMPLE   ram=77.3% (12.95GB used, 3.80GB free) cpu=7.0% (15s mean 8.0%) jobs=0 amber=0 queued=0 lanes=8
2026-09-20T16:31:58 SAMPLE   ram=76.5% (12.81GB used, 3.94GB free) cpu=6.2% (15s mean 7.2%) jobs=0 amber=0 queued=0 lanes=8
2026-09-20T16:32:58 SAMPLE   ram=76.8% (12.86GB used, 3.89GB free) cpu=13.0% (15s mean 11.0%) jobs=0 amber=0 queued=0 lanes=8
2026-09-20T16:33:58 SAMPLE   ram=72.4% (12.13GB used, 4.62GB free) cpu=5.0% (15s mean 5.6%) jobs=0 amber=0 queued=0 lanes=8
2026-09-20T16:34:58 SAMPLE   ram=72.6% (12.17GB used, 4.58GB free) cpu=7.6% (15s mean 8.1%) jobs=0 amber=0 queued=0 lanes=8
2026-09-20T16:35:58 SAMPLE   ram=72.9% (12.21GB used, 4.54GB free) cpu=4.7% (15s mean 5.2%) jobs=0 amber=0 queued=0 lanes=8
2026-09-20T16:36:58 SAMPLE   ram=72.6% (12.15GB used, 4.60GB free) cpu=4.0% (15s mean 4.8%) jobs=0 amber=0 queued=0 lanes=8
2026-09-20T16:37:58 SAMPLE   ram=72.6% (12.15GB used, 4.59GB free) cpu=3.3% (15s mean 3.9%) jobs=0 amber=0 queued=0 lanes=8
2026-09-20T16:38:58 SAMPLE   ram=72.5% (12.15GB used, 4.60GB free) cpu=3.9% (15s mean 3.8%) jobs=0 amber=0 queued=0 lanes=8
2026-09-20T16:39:58 SAMPLE   ram=72.6% (12.16GB used, 4.58GB free) cpu=6.3% (15s mean 5.3%) jobs=0 amber=0 queued=0 lanes=8
2026-09-20T16:40:58 SAMPLE   ram=72.8% (12.20GB used, 4.55GB free) cpu=5.7% (15s mean 6.2%) jobs=0 amber=0 queued=0 lanes=8
2026-09-20T16:41:58 SAMPLE   ram=72.8% (12.20GB used, 4.55GB free) cpu=6.1% (15s mean 6.4%) jobs=0 amber=0 queued=0 lanes=8
2026-09-20T16:42:58 SAMPLE   ram=73.2% (12.26GB used, 4.49GB free) cpu=6.0% (15s mean 5.0%) jobs=0 amber=0 queued=0 lanes=8
2026-09-20T16:43:58 SAMPLE   ram=72.8% (12.20GB used, 4.55GB free) cpu=5.9% (15s mean 6.9%) jobs=0 amber=0 queued=0 lanes=8
2026-09-20T16:44:58 SAMPLE   ram=72.9% (12.22GB used, 4.53GB free) cpu=4.6% (15s mean 4.3%) jobs=0 amber=0 queued=0 lanes=8
2026-09-20T16:45:58 SAMPLE   ram=73.9% (12.38GB used, 4.38GB free) cpu=5.0% (15s mean 6.4%) jobs=0 amber=0 queued=0 lanes=8
2026-09-20T16:46:58 SAMPLE   ram=72.9% (12.21GB used, 4.54GB free) cpu=8.5% (15s mean 7.1%) jobs=0 amber=0 queued=0 lanes=8
2026-09-20T16:47:58 SAMPLE   ram=72.9% (12.21GB used, 4.54GB free) cpu=4.3% (15s mean 5.4%) jobs=0 amber=0 queued=0 lanes=8
2026-09-20T16:48:58 SAMPLE   ram=72.9% (12.21GB used, 4.54GB free) cpu=5.2% (15s mean 4.8%) jobs=0 amber=0 queued=0 lanes=8
2026-09-20T16:49:58 SAMPLE   ram=73.1% (12.24GB used, 4.50GB free) cpu=8.5% (15s mean 7.1%) jobs=0 amber=0 queued=0 lanes=8
2026-09-20T16:50:58 SAMPLE   ram=73.2% (12.25GB used, 4.50GB free) cpu=5.5% (15s mean 5.6%) jobs=0 amber=0 queued=0 lanes=8
2026-09-20T16:51:58 SAMPLE   ram=71.7% (12.01GB used, 4.74GB free) cpu=3.8% (15s mean 4.9%) jobs=0 amber=0 queued=0 lanes=8
2026-09-20T16:52:58 SAMPLE   ram=72.2% (12.09GB used, 4.66GB free) cpu=7.2% (15s mean 5.8%) jobs=0 amber=0 queued=0 lanes=8
2026-09-20T16:53:58 SAMPLE   ram=71.7% (12.01GB used, 4.74GB free) cpu=5.1% (15s mean 4.1%) jobs=0 amber=0 queued=0 lanes=8
2026-09-20T16:54:58 SAMPLE   ram=72.0% (12.06GB used, 4.68GB free) cpu=4.4% (15s mean 4.8%) jobs=0 amber=0 queued=0 lanes=8
2026-09-20T16:55:58 SAMPLE   ram=71.8% (12.03GB used, 4.72GB free) cpu=6.9% (15s mean 5.2%) jobs=0 amber=0 queued=0 lanes=8
2026-09-20T16:56:58 SAMPLE   ram=71.3% (11.94GB used, 4.81GB free) cpu=5.4% (15s mean 5.1%) jobs=0 amber=0 queued=0 lanes=8
2026-09-20T16:57:58 SAMPLE   ram=71.5% (11.97GB used, 4.78GB free) cpu=5.3% (15s mean 5.7%) jobs=0 amber=0 queued=0 lanes=8
2026-09-20T16:58:58 SAMPLE   ram=71.7% (12.02GB used, 4.73GB free) cpu=8.8% (15s mean 25.1%) jobs=0 amber=0 queued=0 lanes=8
2026-09-20T16:59:58 SAMPLE   ram=71.6% (11.99GB used, 4.76GB free) cpu=4.5% (15s mean 5.2%) jobs=0 amber=0 queued=0 lanes=8
2026-09-20T17:00:58 SAMPLE   ram=71.7% (12.00GB used, 4.75GB free) cpu=4.8% (15s mean 5.5%) jobs=0 amber=0 queued=0 lanes=8
2026-09-20T17:01:58 SAMPLE   ram=70.3% (11.78GB used, 4.97GB free) cpu=4.2% (15s mean 4.8%) jobs=0 amber=0 queued=0 lanes=8
2026-09-20T17:02:58 SAMPLE   ram=70.7% (11.85GB used, 4.90GB free) cpu=6.6% (15s mean 6.2%) jobs=0 amber=0 queued=0 lanes=8
2026-09-20T17:03:58 SAMPLE   ram=70.3% (11.77GB used, 4.98GB free) cpu=5.9% (15s mean 5.2%) jobs=0 amber=0 queued=0 lanes=8
2026-09-20T17:04:58 SAMPLE   ram=70.3% (11.78GB used, 4.97GB free) cpu=2.7% (15s mean 3.5%) jobs=0 amber=0 queued=0 lanes=8
2026-09-20T17:05:58 SAMPLE   ram=70.6% (11.83GB used, 4.92GB free) cpu=4.3% (15s mean 5.0%) jobs=0 amber=0 queued=0 lanes=8
2026-09-20T17:06:58 SAMPLE   ram=69.2% (11.59GB used, 5.16GB free) cpu=5.2% (15s mean 4.7%) jobs=0 amber=0 queued=0 lanes=8
2026-09-20T17:07:58 SAMPLE   ram=69.3% (11.60GB used, 5.15GB free) cpu=2.8% (15s mean 4.1%) jobs=0 amber=0 queued=0 lanes=8
2026-09-20T17:08:58 SAMPLE   ram=69.3% (11.61GB used, 5.14GB free) cpu=3.7% (15s mean 3.9%) jobs=0 amber=0 queued=0 lanes=8
2026-09-20T17:09:58 SAMPLE   ram=69.4% (11.62GB used, 5.13GB free) cpu=4.2% (15s mean 4.7%) jobs=0 amber=0 queued=0 lanes=8
2026-09-20T17:10:58 SAMPLE   ram=69.4% (11.63GB used, 5.12GB free) cpu=4.8% (15s mean 5.4%) jobs=0 amber=0 queued=0 lanes=8
2026-09-20T17:11:58 SAMPLE   ram=68.9% (11.53GB used, 5.21GB free) cpu=4.1% (15s mean 4.2%) jobs=0 amber=0 queued=0 lanes=8
2026-09-20T17:12:58 SAMPLE   ram=69.2% (11.58GB used, 5.17GB free) cpu=6.1% (15s mean 4.8%) jobs=0 amber=0 queued=0 lanes=8
2026-09-20T17:13:58 SAMPLE   ram=68.6% (11.50GB used, 5.25GB free) cpu=4.8% (15s mean 6.5%) jobs=0 amber=0 queued=0 lanes=8
2026-09-20T17:14:58 SAMPLE   ram=68.7% (11.51GB used, 5.24GB free) cpu=4.4% (15s mean 4.4%) jobs=0 amber=0 queued=0 lanes=8
2026-09-20T17:15:58 SAMPLE   ram=69.0% (11.55GB used, 5.19GB free) cpu=6.2% (15s mean 7.2%) jobs=0 amber=0 queued=0 lanes=8
2026-09-20T17:16:58 SAMPLE   ram=68.5% (11.48GB used, 5.27GB free) cpu=6.0% (15s mean 5.7%) jobs=0 amber=0 queued=0 lanes=8
2026-09-20T17:17:58 SAMPLE   ram=68.6% (11.49GB used, 5.26GB free) cpu=6.1% (15s mean 5.3%) jobs=0 amber=0 queued=0 lanes=8
2026-09-20T17:18:58 SAMPLE   ram=68.6% (11.49GB used, 5.26GB free) cpu=3.5% (15s mean 3.8%) jobs=0 amber=0 queued=0 lanes=8
2026-09-20T17:19:58 SAMPLE   ram=67.8% (11.36GB used, 5.39GB free) cpu=4.1% (15s mean 4.2%) jobs=0 amber=0 queued=0 lanes=8
2026-09-20T17:20:58 SAMPLE   ram=68.1% (11.41GB used, 5.34GB free) cpu=4.4% (15s mean 4.5%) jobs=0 amber=0 queued=0 lanes=8
2026-09-20T17:21:58 SAMPLE   ram=67.8% (11.36GB used, 5.39GB free) cpu=4.1% (15s mean 4.5%) jobs=0 amber=0 queued=0 lanes=8
2026-09-20T17:22:58 SAMPLE   ram=68.1% (11.41GB used, 5.34GB free) cpu=6.3% (15s mean 4.8%) jobs=0 amber=0 queued=0 lanes=8
2026-09-20T17:23:58 SAMPLE   ram=67.6% (11.32GB used, 5.43GB free) cpu=4.5% (15s mean 3.9%) jobs=0 amber=0 queued=0 lanes=8
2026-09-20T17:24:58 SAMPLE   ram=68.5% (11.48GB used, 5.27GB free) cpu=4.6% (15s mean 4.7%) jobs=0 amber=0 queued=0 lanes=8
2026-09-20T17:25:58 SAMPLE   ram=68.4% (11.46GB used, 5.29GB free) cpu=4.9% (15s mean 4.9%) jobs=0 amber=0 queued=0 lanes=8
2026-09-20T17:26:58 SAMPLE   ram=67.8% (11.36GB used, 5.39GB free) cpu=3.2% (15s mean 4.0%) jobs=0 amber=0 queued=0 lanes=8
2026-09-20T17:27:58 SAMPLE   ram=68.0% (11.40GB used, 5.35GB free) cpu=4.2% (15s mean 3.9%) jobs=0 amber=0 queued=0 lanes=8
2026-09-20T17:28:58 SAMPLE   ram=68.0% (11.39GB used, 5.36GB free) cpu=3.9% (15s mean 6.1%) jobs=0 amber=0 queued=0 lanes=8
2026-09-20T17:29:58 SAMPLE   ram=68.0% (11.40GB used, 5.35GB free) cpu=3.8% (15s mean 4.3%) jobs=0 amber=0 queued=0 lanes=8
2026-09-20T17:30:58 SAMPLE   ram=68.4% (11.45GB used, 5.30GB free) cpu=5.2% (15s mean 4.8%) jobs=0 amber=0 queued=0 lanes=8
2026-09-20T17:31:58 SAMPLE   ram=67.5% (11.30GB used, 5.45GB free) cpu=4.6% (15s mean 4.3%) jobs=0 amber=0 queued=0 lanes=8
2026-09-20T17:32:58 SAMPLE   ram=67.7% (11.34GB used, 5.41GB free) cpu=7.6% (15s mean 5.6%) jobs=0 amber=0 queued=0 lanes=8
2026-09-20T17:33:58 SAMPLE   ram=67.7% (11.33GB used, 5.42GB free) cpu=5.4% (15s mean 5.7%) jobs=0 amber=0 queued=0 lanes=8
2026-09-20T17:34:58 SAMPLE   ram=67.6% (11.33GB used, 5.42GB free) cpu=4.9% (15s mean 5.3%) jobs=0 amber=0 queued=0 lanes=8
2026-09-20T17:35:58 SAMPLE   ram=67.6% (11.33GB used, 5.42GB free) cpu=4.7% (15s mean 4.7%) jobs=0 amber=0 queued=0 lanes=8
2026-09-20T17:36:58 SAMPLE   ram=67.1% (11.24GB used, 5.51GB free) cpu=4.0% (15s mean 3.7%) jobs=0 amber=0 queued=0 lanes=8
2026-09-20T17:37:58 SAMPLE   ram=66.8% (11.19GB used, 5.56GB free) cpu=4.0% (15s mean 4.4%) jobs=0 amber=0 queued=0 lanes=8
2026-09-20T17:38:58 SAMPLE   ram=67.0% (11.22GB used, 5.53GB free) cpu=3.9% (15s mean 4.8%) jobs=0 amber=0 queued=0 lanes=8
2026-09-20T17:39:58 SAMPLE   ram=67.1% (11.24GB used, 5.51GB free) cpu=4.9% (15s mean 5.3%) jobs=0 amber=0 queued=0 lanes=8
2026-09-20T17:40:58 SAMPLE   ram=67.2% (11.25GB used, 5.50GB free) cpu=4.1% (15s mean 4.0%) jobs=0 amber=0 queued=0 lanes=8
2026-09-20T17:41:58 SAMPLE   ram=67.9% (11.37GB used, 5.38GB free) cpu=3.3% (15s mean 3.9%) jobs=0 amber=0 queued=0 lanes=8
2026-09-20T17:42:58 SAMPLE   ram=68.1% (11.41GB used, 5.34GB free) cpu=7.0% (15s mean 5.1%) jobs=0 amber=0 queued=0 lanes=8
2026-09-20T17:43:58 SAMPLE   ram=67.5% (11.30GB used, 5.45GB free) cpu=4.9% (15s mean 6.8%) jobs=0 amber=0 queued=0 lanes=8
2026-09-20T17:44:58 SAMPLE   ram=67.6% (11.32GB used, 5.43GB free) cpu=4.0% (15s mean 4.2%) jobs=0 amber=0 queued=0 lanes=8
2026-09-20T17:45:58 SAMPLE   ram=68.5% (11.47GB used, 5.28GB free) cpu=4.8% (15s mean 7.0%) jobs=0 amber=0 queued=0 lanes=8
2026-09-20T17:46:58 SAMPLE   ram=68.4% (11.45GB used, 5.30GB free) cpu=5.2% (15s mean 4.7%) jobs=0 amber=0 queued=0 lanes=8
2026-09-20T17:47:58 SAMPLE   ram=68.4% (11.45GB used, 5.30GB free) cpu=4.1% (15s mean 5.1%) jobs=0 amber=0 queued=0 lanes=8
2026-09-20T17:48:58 SAMPLE   ram=68.4% (11.46GB used, 5.29GB free) cpu=4.4% (15s mean 3.8%) jobs=0 amber=0 queued=0 lanes=8
2026-09-20T17:49:58 SAMPLE   ram=68.5% (11.47GB used, 5.28GB free) cpu=5.0% (15s mean 4.7%) jobs=0 amber=0 queued=0 lanes=8
2026-09-20T17:50:58 SAMPLE   ram=68.4% (11.46GB used, 5.29GB free) cpu=5.3% (15s mean 4.6%) jobs=0 amber=0 queued=0 lanes=8
2026-09-20T17:51:58 SAMPLE   ram=68.0% (11.40GB used, 5.35GB free) cpu=5.0% (15s mean 5.5%) jobs=0 amber=0 queued=0 lanes=8
2026-09-20T17:52:58 SAMPLE   ram=68.5% (11.47GB used, 5.28GB free) cpu=9.5% (15s mean 6.3%) jobs=0 amber=0 queued=0 lanes=8
2026-09-20T17:53:58 SAMPLE   ram=67.9% (11.38GB used, 5.37GB free) cpu=4.3% (15s mean 4.1%) jobs=0 amber=0 queued=0 lanes=8
2026-09-20T17:54:58 SAMPLE   ram=68.4% (11.46GB used, 5.29GB free) cpu=5.3% (15s mean 5.1%) jobs=0 amber=0 queued=0 lanes=8
2026-09-20T17:55:58 SAMPLE   ram=68.7% (11.51GB used, 5.24GB free) cpu=5.2% (15s mean 4.2%) jobs=0 amber=0 queued=0 lanes=8
2026-09-20T17:56:58 SAMPLE   ram=68.8% (11.53GB used, 5.22GB free) cpu=4.1% (15s mean 4.3%) jobs=0 amber=0 queued=0 lanes=8
2026-09-20T17:57:58 SAMPLE   ram=69.1% (11.58GB used, 5.17GB free) cpu=4.0% (15s mean 4.3%) jobs=0 amber=0 queued=0 lanes=8
2026-09-20T17:58:58 SAMPLE   ram=68.6% (11.49GB used, 5.26GB free) cpu=5.0% (15s mean 6.3%) jobs=0 amber=0 queued=0 lanes=8
2026-09-20T17:59:58 SAMPLE   ram=69.0% (11.56GB used, 5.19GB free) cpu=3.6% (15s mean 4.2%) jobs=0 amber=0 queued=0 lanes=8
2026-09-20T18:00:58 SAMPLE   ram=69.2% (11.59GB used, 5.16GB free) cpu=4.9% (15s mean 4.1%) jobs=0 amber=0 queued=0 lanes=8
2026-09-20T18:01:58 SAMPLE   ram=69.0% (11.55GB used, 5.19GB free) cpu=5.4% (15s mean 5.3%) jobs=0 amber=0 queued=0 lanes=8
2026-09-20T18:02:58 SAMPLE   ram=69.3% (11.61GB used, 5.14GB free) cpu=6.7% (15s mean 6.0%) jobs=0 amber=0 queued=0 lanes=8
2026-09-20T18:03:59 SAMPLE   ram=68.4% (11.46GB used, 5.29GB free) cpu=3.6% (15s mean 3.9%) jobs=0 amber=0 queued=0 lanes=8
2026-09-20T18:04:59 SAMPLE   ram=68.6% (11.49GB used, 5.26GB free) cpu=5.0% (15s mean 4.2%) jobs=0 amber=0 queued=0 lanes=8
2026-09-20T18:05:59 SAMPLE   ram=68.7% (11.51GB used, 5.24GB free) cpu=7.7% (15s mean 6.9%) jobs=0 amber=0 queued=0 lanes=8
2026-09-20T18:06:59 SAMPLE   ram=68.9% (11.54GB used, 5.21GB free) cpu=8.3% (15s mean 6.4%) jobs=0 amber=0 queued=0 lanes=8
2026-09-20T18:07:59 SAMPLE   ram=69.0% (11.55GB used, 5.20GB free) cpu=4.9% (15s mean 4.4%) jobs=0 amber=0 queued=0 lanes=8
2026-09-20T18:08:59 SAMPLE   ram=68.9% (11.55GB used, 5.20GB free) cpu=5.3% (15s mean 5.8%) jobs=0 amber=0 queued=0 lanes=8
2026-09-20T18:09:59 SAMPLE   ram=69.5% (11.65GB used, 5.10GB free) cpu=4.6% (15s mean 7.0%) jobs=0 amber=0 queued=0 lanes=8
2026-09-20T18:10:59 SAMPLE   ram=69.6% (11.66GB used, 5.09GB free) cpu=4.3% (15s mean 5.2%) jobs=0 amber=0 queued=0 lanes=8
2026-09-20T18:11:59 SAMPLE   ram=73.5% (12.32GB used, 4.43GB free) cpu=12.8% (15s mean 16.8%) jobs=0 amber=0 queued=0 lanes=8
2026-09-20T18:12:59 SAMPLE   ram=73.6% (12.34GB used, 4.42GB free) cpu=7.2% (15s mean 6.1%) jobs=0 amber=0 queued=0 lanes=8
2026-09-20T18:13:59 SAMPLE   ram=73.0% (12.23GB used, 4.52GB free) cpu=7.2% (15s mean 9.0%) jobs=0 amber=0 queued=0 lanes=8
2026-09-20T18:14:59 SAMPLE   ram=73.0% (12.22GB used, 4.53GB free) cpu=8.5% (15s mean 7.8%) jobs=0 amber=0 queued=0 lanes=8
2026-09-20T18:15:59 SAMPLE   ram=79.9% (13.38GB used, 3.37GB free) cpu=73.0% (15s mean 30.9%) jobs=0 amber=0 queued=0 lanes=8
2026-09-20T18:16:59 SAMPLE   ram=77.1% (12.91GB used, 3.84GB free) cpu=10.4% (15s mean 8.3%) jobs=0 amber=0 queued=0 lanes=8
2026-09-20T18:17:59 SAMPLE   ram=75.6% (12.66GB used, 4.09GB free) cpu=6.3% (15s mean 7.5%) jobs=0 amber=0 queued=0 lanes=8
2026-09-20T18:18:59 SAMPLE   ram=76.1% (12.75GB used, 4.00GB free) cpu=7.3% (15s mean 9.4%) jobs=0 amber=0 queued=0 lanes=8
2026-09-20T18:19:59 SAMPLE   ram=75.6% (12.66GB used, 4.09GB free) cpu=7.8% (15s mean 8.8%) jobs=0 amber=0 queued=0 lanes=8
2026-09-20T18:20:59 SAMPLE   ram=75.6% (12.66GB used, 4.09GB free) cpu=8.2% (15s mean 9.1%) jobs=0 amber=0 queued=0 lanes=8
2026-09-20T18:21:59 SAMPLE   ram=76.4% (12.79GB used, 3.96GB free) cpu=10.4% (15s mean 10.4%) jobs=0 amber=0 queued=0 lanes=8
2026-09-20T18:22:59 SAMPLE   ram=76.2% (12.77GB used, 3.98GB free) cpu=9.8% (15s mean 7.9%) jobs=0 amber=0 queued=0 lanes=8
2026-09-20T18:23:59 SAMPLE   ram=75.4% (12.64GB used, 4.11GB free) cpu=10.8% (15s mean 8.5%) jobs=0 amber=0 queued=0 lanes=8
2026-09-20T18:24:59 SAMPLE   ram=76.5% (12.81GB used, 3.94GB free) cpu=9.0% (15s mean 8.0%) jobs=0 amber=0 queued=0 lanes=8
2026-09-20T18:25:59 SAMPLE   ram=76.6% (12.83GB used, 3.92GB free) cpu=6.3% (15s mean 8.1%) jobs=0 amber=0 queued=0 lanes=8
2026-09-20T18:26:59 SAMPLE   ram=74.4% (12.46GB used, 4.29GB free) cpu=6.9% (15s mean 8.0%) jobs=0 amber=0 queued=0 lanes=8
2026-09-20T18:27:59 SAMPLE   ram=74.8% (12.53GB used, 4.22GB free) cpu=9.5% (15s mean 9.1%) jobs=0 amber=0 queued=0 lanes=8
2026-09-20T18:28:59 SAMPLE   ram=75.2% (12.59GB used, 4.16GB free) cpu=9.0% (15s mean 11.5%) jobs=0 amber=0 queued=0 lanes=8
2026-09-20T18:29:59 SAMPLE   ram=75.1% (12.57GB used, 4.18GB free) cpu=7.5% (15s mean 8.6%) jobs=0 amber=0 queued=0 lanes=8
2026-09-20T18:30:59 SAMPLE   ram=75.7% (12.68GB used, 4.07GB free) cpu=8.4% (15s mean 9.8%) jobs=0 amber=0 queued=0 lanes=8
2026-09-20T18:31:59 SAMPLE   ram=75.3% (12.61GB used, 4.14GB free) cpu=9.5% (15s mean 9.2%) jobs=0 amber=0 queued=0 lanes=8
2026-09-20T18:32:59 SAMPLE   ram=73.9% (12.38GB used, 4.37GB free) cpu=8.5% (15s mean 7.7%) jobs=0 amber=0 queued=0 lanes=8
2026-09-20T18:33:59 SAMPLE   ram=73.6% (12.32GB used, 4.43GB free) cpu=5.3% (15s mean 6.3%) jobs=0 amber=0 queued=0 lanes=8
2026-09-20T18:34:59 SAMPLE   ram=73.5% (12.32GB used, 4.43GB free) cpu=5.9% (15s mean 6.7%) jobs=0 amber=0 queued=0 lanes=8
2026-09-20T18:35:59 SAMPLE   ram=73.4% (12.30GB used, 4.45GB free) cpu=9.7% (15s mean 6.9%) jobs=0 amber=0 queued=0 lanes=8
2026-09-20T18:36:59 SAMPLE   ram=73.6% (12.33GB used, 4.42GB free) cpu=10.1% (15s mean 8.0%) jobs=0 amber=0 queued=0 lanes=8
2026-09-20T18:37:59 SAMPLE   ram=73.6% (12.33GB used, 4.42GB free) cpu=7.0% (15s mean 8.0%) jobs=0 amber=0 queued=0 lanes=8
2026-09-20T18:38:59 SAMPLE   ram=73.6% (12.33GB used, 4.42GB free) cpu=7.2% (15s mean 7.6%) jobs=0 amber=0 queued=0 lanes=8
2026-09-20T18:39:59 SAMPLE   ram=73.7% (12.35GB used, 4.40GB free) cpu=6.3% (15s mean 6.7%) jobs=0 amber=0 queued=0 lanes=8
2026-09-20T18:40:59 SAMPLE   ram=74.2% (12.43GB used, 4.32GB free) cpu=7.1% (15s mean 7.4%) jobs=0 amber=0 queued=0 lanes=8
2026-09-20T18:41:59 SAMPLE   ram=73.1% (12.25GB used, 4.50GB free) cpu=8.6% (15s mean 8.6%) jobs=0 amber=0 queued=0 lanes=8
2026-09-20T18:42:59 SAMPLE   ram=73.9% (12.38GB used, 4.37GB free) cpu=8.8% (15s mean 6.7%) jobs=0 amber=0 queued=0 lanes=8
2026-09-20T18:43:59 SAMPLE   ram=73.6% (12.32GB used, 4.43GB free) cpu=12.0% (15s mean 12.3%) jobs=0 amber=0 queued=0 lanes=8
2026-09-20T18:44:59 SAMPLE   ram=73.6% (12.33GB used, 4.42GB free) cpu=10.1% (15s mean 8.8%) jobs=0 amber=0 queued=0 lanes=8
2026-09-20T18:45:59 SAMPLE   ram=74.9% (12.55GB used, 4.20GB free) cpu=10.5% (15s mean 10.6%) jobs=0 amber=0 queued=0 lanes=8
2026-09-20T18:46:59 SAMPLE   ram=75.0% (12.56GB used, 4.19GB free) cpu=12.3% (15s mean 8.7%) jobs=0 amber=0 queued=0 lanes=8
2026-09-20T18:47:59 SAMPLE   ram=74.9% (12.55GB used, 4.20GB free) cpu=6.3% (15s mean 8.1%) jobs=0 amber=0 queued=0 lanes=8
2026-09-20T18:48:59 SAMPLE   ram=74.9% (12.54GB used, 4.21GB free) cpu=9.0% (15s mean 7.6%) jobs=0 amber=0 queued=0 lanes=8
2026-09-20T18:49:59 SAMPLE   ram=74.8% (12.53GB used, 4.22GB free) cpu=11.0% (15s mean 8.1%) jobs=0 amber=0 queued=0 lanes=8
2026-09-20T18:50:59 SAMPLE   ram=74.6% (12.50GB used, 4.25GB free) cpu=7.8% (15s mean 5.7%) jobs=0 amber=0 queued=0 lanes=8
2026-09-20T18:51:59 SAMPLE   ram=74.6% (12.50GB used, 4.25GB free) cpu=6.1% (15s mean 4.7%) jobs=0 amber=0 queued=0 lanes=8
2026-09-20T18:52:59 SAMPLE   ram=74.6% (12.49GB used, 4.26GB free) cpu=6.5% (15s mean 6.9%) jobs=0 amber=0 queued=0 lanes=8
2026-09-20T18:53:59 SAMPLE   ram=74.2% (12.44GB used, 4.31GB free) cpu=4.3% (15s mean 5.0%) jobs=0 amber=0 queued=0 lanes=8
2026-09-20T18:54:59 SAMPLE   ram=75.0% (12.57GB used, 4.18GB free) cpu=3.0% (15s mean 4.3%) jobs=0 amber=0 queued=0 lanes=8
2026-09-20T18:55:59 SAMPLE   ram=75.0% (12.56GB used, 4.19GB free) cpu=4.7% (15s mean 4.4%) jobs=0 amber=0 queued=0 lanes=8
2026-09-20T18:56:59 SAMPLE   ram=73.5% (12.31GB used, 4.44GB free) cpu=5.2% (15s mean 6.0%) jobs=0 amber=0 queued=0 lanes=8
2026-09-20T18:57:59 SAMPLE   ram=74.7% (12.51GB used, 4.24GB free) cpu=3.1% (15s mean 5.3%) jobs=0 amber=0 queued=0 lanes=8
2026-09-20T18:58:59 SAMPLE   ram=74.7% (12.51GB used, 4.24GB free) cpu=4.8% (15s mean 7.2%) jobs=0 amber=0 queued=0 lanes=8
2026-09-20T18:59:59 SAMPLE   ram=74.7% (12.51GB used, 4.24GB free) cpu=4.2% (15s mean 4.6%) jobs=0 amber=0 queued=0 lanes=8
2026-09-20T20:33:20 SAMPLE   ram=76.8% (12.87GB used, 3.88GB free) cpu=0.3% (15s mean 10.3%) jobs=0 amber=0 queued=0 lanes=8
2026-09-20T22:43:33 SAMPLE   ram=80.0% (13.40GB used, 3.35GB free) cpu=4.4% (15s mean 5.9%) jobs=0 amber=0 queued=0 lanes=8
2026-09-20T22:44:33 SAMPLE   ram=88.5% (14.83GB used, 1.92GB free) cpu=100.0% (15s mean 100.0%) jobs=0 amber=0 queued=0 lanes=8
2026-09-20T22:45:33 SAMPLE   ram=85.5% (14.32GB used, 2.43GB free) cpu=36.5% (15s mean 31.9%) jobs=0 amber=0 queued=0 lanes=8
2026-09-20T22:46:33 SAMPLE   ram=87.4% (14.64GB used, 2.10GB free) cpu=27.2% (15s mean 24.3%) jobs=0 amber=0 queued=0 lanes=8
2026-09-20T22:47:33 SAMPLE   ram=87.1% (14.58GB used, 2.17GB free) cpu=29.3% (15s mean 30.5%) jobs=0 amber=0 queued=0 lanes=8
2026-09-20T22:48:33 SAMPLE   ram=85.9% (14.40GB used, 2.35GB free) cpu=21.7% (15s mean 20.1%) jobs=0 amber=0 queued=0 lanes=8
2026-09-20T22:49:33 SAMPLE   ram=79.9% (13.38GB used, 3.37GB free) cpu=22.3% (15s mean 20.9%) jobs=0 amber=0 queued=0 lanes=8
2026-09-20T22:50:33 SAMPLE   ram=79.5% (13.32GB used, 3.42GB free) cpu=8.6% (15s mean 8.3%) jobs=0 amber=0 queued=0 lanes=8
2026-09-20T22:51:33 SAMPLE   ram=80.2% (13.43GB used, 3.32GB free) cpu=10.9% (15s mean 9.0%) jobs=0 amber=0 queued=0 lanes=8
2026-09-20T22:52:33 SAMPLE   ram=79.6% (13.33GB used, 3.42GB free) cpu=6.7% (15s mean 8.7%) jobs=0 amber=0 queued=0 lanes=8
2026-09-20T22:53:33 SAMPLE   ram=80.1% (13.42GB used, 3.33GB free) cpu=8.7% (15s mean 10.0%) jobs=0 amber=0 queued=0 lanes=8
2026-09-20T22:54:33 SAMPLE   ram=79.9% (13.38GB used, 3.37GB free) cpu=8.1% (15s mean 11.6%) jobs=0 amber=0 queued=0 lanes=8
2026-09-20T22:55:33 SAMPLE   ram=79.8% (13.36GB used, 3.39GB free) cpu=7.2% (15s mean 8.8%) jobs=0 amber=0 queued=0 lanes=8
2026-09-20T22:56:33 SAMPLE   ram=81.0% (13.56GB used, 3.19GB free) cpu=9.9% (15s mean 9.2%) jobs=0 amber=0 queued=0 lanes=8
2026-09-20T22:57:33 SAMPLE   ram=80.5% (13.48GB used, 3.27GB free) cpu=5.5% (15s mean 6.9%) jobs=0 amber=0 queued=0 lanes=8
2026-09-20T22:58:33 SAMPLE   ram=81.9% (13.71GB used, 3.04GB free) cpu=5.9% (15s mean 6.8%) jobs=0 amber=0 queued=0 lanes=8
2026-09-20T22:59:33 SAMPLE   ram=81.9% (13.73GB used, 3.02GB free) cpu=7.1% (15s mean 10.6%) jobs=0 amber=0 queued=0 lanes=8
2026-09-20T23:00:33 SAMPLE   ram=82.2% (13.77GB used, 2.98GB free) cpu=11.5% (15s mean 8.1%) jobs=0 amber=0 queued=0 lanes=8
2026-09-20T23:01:33 SAMPLE   ram=82.8% (13.87GB used, 2.88GB free) cpu=19.8% (15s mean 20.8%) jobs=0 amber=0 queued=0 lanes=8
2026-09-20T23:02:33 SAMPLE   ram=83.0% (13.90GB used, 2.85GB free) cpu=10.9% (15s mean 8.2%) jobs=0 amber=0 queued=0 lanes=8
2026-09-20T23:03:33 SAMPLE   ram=82.1% (13.75GB used, 3.00GB free) cpu=8.3% (15s mean 8.2%) jobs=0 amber=0 queued=0 lanes=8
2026-09-20T23:04:33 SAMPLE   ram=83.1% (13.92GB used, 2.83GB free) cpu=11.0% (15s mean 9.8%) jobs=0 amber=0 queued=0 lanes=8
2026-09-20T23:05:33 SAMPLE   ram=83.0% (13.90GB used, 2.85GB free) cpu=13.7% (15s mean 9.4%) jobs=0 amber=0 queued=0 lanes=8
2026-09-20T23:06:33 SAMPLE   ram=83.1% (13.93GB used, 2.82GB free) cpu=7.1% (15s mean 8.2%) jobs=0 amber=0 queued=0 lanes=8
2026-09-20T23:07:33 SAMPLE   ram=83.4% (13.96GB used, 2.79GB free) cpu=13.4% (15s mean 13.0%) jobs=0 amber=0 queued=0 lanes=8
2026-09-20T23:08:33 SAMPLE   ram=84.9% (14.21GB used, 2.54GB free) cpu=9.5% (15s mean 8.0%) jobs=0 amber=0 queued=0 lanes=8
2026-09-20T23:09:33 SAMPLE   ram=82.0% (13.73GB used, 3.02GB free) cpu=15.2% (15s mean 11.9%) jobs=0 amber=0 queued=0 lanes=8
2026-09-20T23:10:33 SAMPLE   ram=83.5% (13.98GB used, 2.76GB free) cpu=9.7% (15s mean 9.7%) jobs=0 amber=0 queued=0 lanes=8
2026-09-20T23:11:33 SAMPLE   ram=83.1% (13.92GB used, 2.83GB free) cpu=8.5% (15s mean 10.6%) jobs=0 amber=0 queued=0 lanes=8
2026-09-20T23:12:33 SAMPLE   ram=83.3% (13.96GB used, 2.79GB free) cpu=7.1% (15s mean 9.8%) jobs=0 amber=0 queued=0 lanes=8
2026-09-20T23:13:33 SAMPLE   ram=83.3% (13.96GB used, 2.79GB free) cpu=12.2% (15s mean 8.9%) jobs=0 amber=0 queued=0 lanes=8
2026-09-20T23:14:33 SAMPLE   ram=81.6% (13.67GB used, 3.08GB free) cpu=9.5% (15s mean 9.0%) jobs=0 amber=0 queued=0 lanes=8
2026-09-20T23:15:33 SAMPLE   ram=81.8% (13.71GB used, 3.04GB free) cpu=15.0% (15s mean 11.1%) jobs=0 amber=0 queued=0 lanes=8
2026-09-20T23:16:33 SAMPLE   ram=81.9% (13.72GB used, 3.03GB free) cpu=8.1% (15s mean 8.8%) jobs=0 amber=0 queued=0 lanes=8
2026-09-20T23:17:33 SAMPLE   ram=82.6% (13.84GB used, 2.91GB free) cpu=10.3% (15s mean 9.7%) jobs=0 amber=0 queued=0 lanes=8
2026-09-20T23:18:33 SAMPLE   ram=82.0% (13.73GB used, 3.02GB free) cpu=11.6% (15s mean 9.8%) jobs=0 amber=0 queued=0 lanes=8
2026-09-20T23:19:33 SAMPLE   ram=78.4% (13.13GB used, 3.62GB free) cpu=10.6% (15s mean 10.0%) jobs=0 amber=0 queued=0 lanes=8
2026-09-20T23:20:33 SAMPLE   ram=77.7% (13.02GB used, 3.73GB free) cpu=6.7% (15s mean 7.1%) jobs=0 amber=0 queued=0 lanes=8
2026-09-20T23:21:33 SAMPLE   ram=78.8% (13.21GB used, 3.54GB free) cpu=8.3% (15s mean 11.8%) jobs=0 amber=0 queued=0 lanes=8
2026-09-20T23:22:33 SAMPLE   ram=78.5% (13.14GB used, 3.61GB free) cpu=6.7% (15s mean 8.1%) jobs=0 amber=0 queued=0 lanes=8
2026-09-20T23:23:33 SAMPLE   ram=80.0% (13.40GB used, 3.35GB free) cpu=8.0% (15s mean 9.8%) jobs=0 amber=0 queued=0 lanes=8
2026-09-20T23:24:33 SAMPLE   ram=85.2% (14.28GB used, 2.47GB free) cpu=24.2% (15s mean 22.1%) jobs=0 amber=0 queued=0 lanes=8
2026-09-20T23:25:33 SAMPLE   ram=83.2% (13.94GB used, 2.81GB free) cpu=11.4% (15s mean 12.7%) jobs=0 amber=0 queued=0 lanes=8
2026-09-20T23:26:33 SAMPLE   ram=86.8% (14.53GB used, 2.22GB free) cpu=36.4% (15s mean 28.3%) jobs=0 amber=0 queued=0 lanes=8
2026-09-20T23:27:33 SAMPLE   ram=83.8% (14.04GB used, 2.71GB free) cpu=6.8% (15s mean 8.8%) jobs=0 amber=0 queued=0 lanes=8
2026-09-20T23:28:33 SAMPLE   ram=83.1% (13.92GB used, 2.83GB free) cpu=7.6% (15s mean 7.9%) jobs=0 amber=0 queued=0 lanes=8
2026-09-20T23:29:33 SAMPLE   ram=82.9% (13.89GB used, 2.86GB free) cpu=7.6% (15s mean 8.0%) jobs=0 amber=0 queued=0 lanes=8
2026-09-20T23:30:33 SAMPLE   ram=84.5% (14.15GB used, 2.59GB free) cpu=16.6% (15s mean 15.4%) jobs=0 amber=0 queued=0 lanes=8
2026-09-20T23:31:33 SAMPLE   ram=88.4% (14.81GB used, 1.94GB free) cpu=14.3% (15s mean 17.4%) jobs=0 amber=0 queued=0 lanes=8
2026-09-20T23:32:33 SAMPLE   ram=84.1% (14.08GB used, 2.67GB free) cpu=14.3% (15s mean 12.3%) jobs=0 amber=0 queued=0 lanes=8
2026-09-20T23:33:33 SAMPLE   ram=83.9% (14.05GB used, 2.70GB free) cpu=5.2% (15s mean 6.0%) jobs=0 amber=0 queued=0 lanes=8
2026-09-20T23:34:33 SAMPLE   ram=83.9% (14.05GB used, 2.70GB free) cpu=12.3% (15s mean 8.1%) jobs=0 amber=0 queued=0 lanes=8
2026-09-20T23:35:33 SAMPLE   ram=83.2% (13.94GB used, 2.81GB free) cpu=6.7% (15s mean 7.2%) jobs=0 amber=0 queued=0 lanes=8
2026-09-20T23:36:33 SAMPLE   ram=63.1% (10.57GB used, 6.17GB free) cpu=4.3% (15s mean 4.2%) jobs=0 amber=0 queued=0 lanes=8
2026-09-20T23:37:33 SAMPLE   ram=62.1% (10.40GB used, 6.35GB free) cpu=6.5% (15s mean 7.3%) jobs=0 amber=0 queued=0 lanes=8
2026-09-20T23:38:33 SAMPLE   ram=62.3% (10.43GB used, 6.32GB free) cpu=7.0% (15s mean 8.2%) jobs=0 amber=0 queued=0 lanes=8
2026-09-20T23:39:33 SAMPLE   ram=62.3% (10.43GB used, 6.32GB free) cpu=8.7% (15s mean 8.3%) jobs=0 amber=0 queued=0 lanes=8
2026-09-20T23:40:33 SAMPLE   ram=62.5% (10.46GB used, 6.28GB free) cpu=8.2% (15s mean 8.3%) jobs=0 amber=0 queued=0 lanes=8
2026-09-20T23:41:33 SAMPLE   ram=62.3% (10.43GB used, 6.32GB free) cpu=7.4% (15s mean 8.1%) jobs=0 amber=0 queued=0 lanes=8
2026-09-20T23:42:33 SAMPLE   ram=62.7% (10.50GB used, 6.25GB free) cpu=8.9% (15s mean 9.8%) jobs=0 amber=0 queued=0 lanes=8
2026-09-20T23:43:33 SAMPLE   ram=62.8% (10.52GB used, 6.23GB free) cpu=15.1% (15s mean 12.0%) jobs=0 amber=0 queued=0 lanes=8
2026-09-20T23:44:33 SAMPLE   ram=66.2% (11.09GB used, 5.66GB free) cpu=34.5% (15s mean 21.9%) jobs=0 amber=0 queued=0 lanes=8
2026-09-20T23:45:33 SAMPLE   ram=64.0% (10.73GB used, 6.02GB free) cpu=27.5% (15s mean 27.4%) jobs=0 amber=0 queued=0 lanes=8
2026-09-20T23:46:33 SAMPLE   ram=63.6% (10.66GB used, 6.09GB free) cpu=16.6% (15s mean 21.9%) jobs=0 amber=0 queued=0 lanes=8
2026-09-20T23:47:33 SAMPLE   ram=63.6% (10.66GB used, 6.09GB free) cpu=16.4% (15s mean 17.1%) jobs=0 amber=0 queued=0 lanes=8
2026-09-20T23:48:33 SAMPLE   ram=63.3% (10.60GB used, 6.15GB free) cpu=15.3% (15s mean 13.2%) jobs=0 amber=0 queued=0 lanes=8
2026-09-20T23:49:33 SAMPLE   ram=63.8% (10.69GB used, 6.06GB free) cpu=27.6% (15s mean 25.7%) jobs=0 amber=0 queued=0 lanes=8
2026-09-20T23:50:33 SAMPLE   ram=64.0% (10.72GB used, 6.03GB free) cpu=26.0% (15s mean 25.4%) jobs=0 amber=0 queued=0 lanes=8
2026-09-20T23:51:33 SAMPLE   ram=66.9% (11.21GB used, 5.54GB free) cpu=57.0% (15s mean 53.6%) jobs=0 amber=0 queued=0 lanes=8
2026-09-20T23:52:33 SAMPLE   ram=68.2% (11.43GB used, 5.32GB free) cpu=98.4% (15s mean 96.8%) jobs=0 amber=0 queued=0 lanes=8
2026-09-20T23:53:33 SAMPLE   ram=68.0% (11.38GB used, 5.37GB free) cpu=100.0% (15s mean 100.0%) jobs=0 amber=0 queued=0 lanes=8
2026-09-20T23:54:33 REAP     s31D_gatetest (pid 2160) is gone; registration removed
2026-09-20T23:54:33 SAMPLE   ram=70.9% (11.88GB used, 4.87GB free) cpu=100.0% (15s mean 100.0%) jobs=0 amber=0 queued=0 lanes=8
2026-09-20T23:55:34 SAMPLE   ram=70.0% (11.72GB used, 5.03GB free) cpu=100.0% (15s mean 100.0%) jobs=0 amber=0 queued=0 lanes=8
2026-09-20T23:56:34 SAMPLE   ram=69.4% (11.62GB used, 5.13GB free) cpu=100.0% (15s mean 100.0%) jobs=0 amber=0 queued=0 lanes=8
2026-09-20T23:57:34 SAMPLE   ram=70.9% (11.88GB used, 4.87GB free) cpu=100.0% (15s mean 100.0%) jobs=0 amber=0 queued=0 lanes=8
2026-09-20T23:58:34 SAMPLE   ram=68.1% (11.40GB used, 5.34GB free) cpu=100.0% (15s mean 100.0%) jobs=0 amber=0 queued=0 lanes=8
2026-09-20T23:59:34 SAMPLE   ram=71.3% (11.94GB used, 4.81GB free) cpu=100.0% (15s mean 100.0%) jobs=0 amber=0 queued=0 lanes=8
2026-09-21T00:00:34 SAMPLE   ram=70.9% (11.87GB used, 4.88GB free) cpu=100.0% (15s mean 100.0%) jobs=0 amber=0 queued=0 lanes=8
2026-09-21T00:01:34 SAMPLE   ram=69.7% (11.67GB used, 5.08GB free) cpu=100.0% (15s mean 100.0%) jobs=0 amber=0 queued=0 lanes=8
2026-09-21T00:02:34 SAMPLE   ram=72.0% (12.06GB used, 4.68GB free) cpu=100.0% (15s mean 100.0%) jobs=0 amber=0 queued=0 lanes=8
2026-09-21T00:03:35 SAMPLE   ram=72.8% (12.20GB used, 4.55GB free) cpu=100.0% (15s mean 100.0%) jobs=4 amber=0 queued=0 lanes=8
2026-09-21T00:04:35 SAMPLE   ram=71.2% (11.93GB used, 4.82GB free) cpu=100.0% (15s mean 100.0%) jobs=4 amber=0 queued=0 lanes=8
2026-09-21T00:05:35 SAMPLE   ram=70.4% (11.80GB used, 4.95GB free) cpu=100.0% (15s mean 100.0%) jobs=4 amber=0 queued=0 lanes=8
2026-09-21T00:06:35 SAMPLE   ram=70.0% (11.72GB used, 5.03GB free) cpu=100.0% (15s mean 100.0%) jobs=4 amber=0 queued=0 lanes=8
2026-09-21T00:07:36 SAMPLE   ram=72.1% (12.08GB used, 4.67GB free) cpu=100.0% (15s mean 100.0%) jobs=4 amber=0 queued=0 lanes=8
2026-09-21T00:08:00 REAP     s31D_branch_3 (pid 39212) is gone; registration removed
2026-09-21T00:08:15 REAP     s31D_branch_1 (pid 29196) is gone; registration removed
2026-09-21T00:08:35 SAMPLE   ram=69.2% (11.59GB used, 5.16GB free) cpu=90.9% (15s mean 89.9%) jobs=0 amber=0 queued=0 lanes=8
2026-09-21T00:09:35 SAMPLE   ram=72.1% (12.08GB used, 4.67GB free) cpu=100.0% (15s mean 100.0%) jobs=0 amber=0 queued=0 lanes=8
2026-09-21T00:10:36 SAMPLE   ram=72.6% (12.15GB used, 4.59GB free) cpu=100.0% (15s mean 100.0%) jobs=0 amber=0 queued=0 lanes=8
2026-09-21T00:11:36 SAMPLE   ram=73.1% (12.25GB used, 4.50GB free) cpu=100.0% (15s mean 100.0%) jobs=0 amber=0 queued=0 lanes=8
2026-09-21T00:12:36 SAMPLE   ram=70.3% (11.77GB used, 4.98GB free) cpu=97.6% (15s mean 99.2%) jobs=0 amber=0 queued=0 lanes=8
2026-09-21T00:13:36 SAMPLE   ram=69.8% (11.68GB used, 5.07GB free) cpu=99.2% (15s mean 99.7%) jobs=0 amber=0 queued=0 lanes=8
2026-09-21T00:14:36 SAMPLE   ram=69.9% (11.71GB used, 5.04GB free) cpu=97.6% (15s mean 98.2%) jobs=0 amber=0 queued=0 lanes=8
2026-09-21T00:15:36 SAMPLE   ram=69.1% (11.57GB used, 5.18GB free) cpu=100.0% (15s mean 99.9%) jobs=0 amber=0 queued=0 lanes=8
2026-09-21T00:16:36 SAMPLE   ram=69.0% (11.55GB used, 5.20GB free) cpu=97.8% (15s mean 99.2%) jobs=0 amber=0 queued=0 lanes=8
2026-09-21T00:17:36 SAMPLE   ram=69.0% (11.56GB used, 5.19GB free) cpu=89.1% (15s mean 81.4%) jobs=0 amber=0 queued=0 lanes=8
2026-09-21T00:18:36 SAMPLE   ram=68.4% (11.45GB used, 5.30GB free) cpu=93.8% (15s mean 93.3%) jobs=0 amber=0 queued=0 lanes=8
2026-09-21T00:19:36 SAMPLE   ram=68.3% (11.44GB used, 5.31GB free) cpu=88.5% (15s mean 85.5%) jobs=0 amber=0 queued=0 lanes=8
2026-09-21T00:20:36 SAMPLE   ram=68.4% (11.46GB used, 5.29GB free) cpu=95.9% (15s mean 97.5%) jobs=0 amber=0 queued=0 lanes=8
2026-09-21T00:21:36 SAMPLE   ram=73.1% (12.25GB used, 4.50GB free) cpu=100.0% (15s mean 100.0%) jobs=4 amber=0 queued=0 lanes=8
2026-09-21T00:22:36 SAMPLE   ram=73.3% (12.28GB used, 4.47GB free) cpu=100.0% (15s mean 100.0%) jobs=4 amber=0 queued=0 lanes=8
2026-09-21T00:23:37 SAMPLE   ram=73.1% (12.25GB used, 4.50GB free) cpu=100.0% (15s mean 100.0%) jobs=4 amber=0 queued=0 lanes=8
2026-09-21T00:24:37 SAMPLE   ram=74.0% (12.39GB used, 4.36GB free) cpu=100.0% (15s mean 100.0%) jobs=4 amber=0 queued=0 lanes=8
2026-09-21T00:25:37 SAMPLE   ram=73.4% (12.29GB used, 4.46GB free) cpu=100.0% (15s mean 100.0%) jobs=4 amber=0 queued=0 lanes=8
2026-09-21T00:26:37 SAMPLE   ram=75.0% (12.56GB used, 4.19GB free) cpu=100.0% (15s mean 100.0%) jobs=4 amber=0 queued=0 lanes=8
2026-09-21T00:27:37 SAMPLE   ram=74.6% (12.49GB used, 4.26GB free) cpu=100.0% (15s mean 100.0%) jobs=4 amber=0 queued=0 lanes=8
2026-09-21T00:28:38 SAMPLE   ram=74.3% (12.45GB used, 4.30GB free) cpu=100.0% (15s mean 100.0%) jobs=5 amber=0 queued=0 lanes=8
2026-09-21T00:29:38 SAMPLE   ram=74.3% (12.45GB used, 4.30GB free) cpu=100.0% (15s mean 100.0%) jobs=6 amber=0 queued=0 lanes=8
2026-09-21T00:30:38 SAMPLE   ram=75.5% (12.65GB used, 4.10GB free) cpu=100.0% (15s mean 100.0%) jobs=6 amber=0 queued=0 lanes=8
2026-09-21T00:31:38 SAMPLE   ram=76.2% (12.76GB used, 3.99GB free) cpu=100.0% (15s mean 100.0%) jobs=6 amber=0 queued=0 lanes=8
2026-09-21T00:32:39 SAMPLE   ram=76.6% (12.82GB used, 3.93GB free) cpu=100.0% (15s mean 100.0%) jobs=6 amber=0 queued=0 lanes=8
2026-09-21T00:33:39 SAMPLE   ram=75.5% (12.65GB used, 4.10GB free) cpu=100.0% (15s mean 100.0%) jobs=6 amber=0 queued=0 lanes=8
2026-09-21T00:34:39 SAMPLE   ram=75.6% (12.66GB used, 4.09GB free) cpu=100.0% (15s mean 100.0%) jobs=6 amber=0 queued=0 lanes=8
2026-09-21T00:35:40 SAMPLE   ram=76.6% (12.83GB used, 3.92GB free) cpu=100.0% (15s mean 100.0%) jobs=6 amber=0 queued=0 lanes=8
2026-09-21T00:36:40 SAMPLE   ram=76.8% (12.87GB used, 3.88GB free) cpu=100.0% (15s mean 100.0%) jobs=6 amber=0 queued=0 lanes=8
2026-09-21T00:37:40 SAMPLE   ram=76.7% (12.85GB used, 3.90GB free) cpu=100.0% (15s mean 100.0%) jobs=6 amber=0 queued=0 lanes=8
2026-09-21T00:38:41 SAMPLE   ram=77.6% (13.00GB used, 3.75GB free) cpu=100.0% (15s mean 100.0%) jobs=6 amber=0 queued=0 lanes=8
2026-09-21T00:39:05 REAP     P_a2_s0 (pid 7792) is gone; registration removed
2026-09-21T00:39:41 SAMPLE   ram=75.3% (12.61GB used, 4.14GB free) cpu=100.0% (15s mean 100.0%) jobs=4 amber=0 queued=0 lanes=8
2026-09-21T00:40:41 SAMPLE   ram=74.9% (12.54GB used, 4.21GB free) cpu=100.0% (15s mean 100.0%) jobs=4 amber=0 queued=0 lanes=8
2026-09-21T00:41:41 SAMPLE   ram=73.6% (12.32GB used, 4.43GB free) cpu=100.0% (15s mean 100.0%) jobs=4 amber=0 queued=0 lanes=8
2026-09-21T00:42:41 SAMPLE   ram=72.4% (12.12GB used, 4.63GB free) cpu=100.0% (15s mean 100.0%) jobs=4 amber=0 queued=0 lanes=8
2026-09-21T00:43:01 REAP     P_sub_s3 (pid 10964) is gone; registration removed
2026-09-21T00:43:11 REAP     P_sub_s2 (pid 19444) is gone; registration removed
2026-09-21T00:43:41 SAMPLE   ram=67.8% (11.35GB used, 5.40GB free) cpu=99.8% (15s mean 99.7%) jobs=1 amber=0 queued=0 lanes=8
2026-09-21T00:44:06 REAP     P_sub_s1 (pid 25684) is gone; registration removed
2026-09-21T00:44:41 SAMPLE   ram=65.4% (10.95GB used, 5.80GB free) cpu=60.1% (15s mean 54.1%) jobs=0 amber=0 queued=0 lanes=8
2026-09-21T00:45:41 SAMPLE   ram=64.8% (10.85GB used, 5.90GB free) cpu=36.1% (15s mean 42.4%) jobs=0 amber=0 queued=0 lanes=8
2026-09-21T00:46:41 SAMPLE   ram=65.5% (10.97GB used, 5.78GB free) cpu=86.7% (15s mean 90.9%) jobs=0 amber=0 queued=0 lanes=8
2026-09-21T00:47:36 REAP     s31V_zrank (pid 33568) is gone; registration removed
2026-09-21T00:47:41 SAMPLE   ram=65.5% (10.96GB used, 5.79GB free) cpu=88.2% (15s mean 89.6%) jobs=0 amber=0 queued=0 lanes=8
2026-09-21T00:48:41 SAMPLE   ram=66.6% (11.16GB used, 5.59GB free) cpu=99.5% (15s mean 93.9%) jobs=0 amber=0 queued=0 lanes=8
2026-09-21T00:49:41 SAMPLE   ram=66.7% (11.18GB used, 5.57GB free) cpu=84.2% (15s mean 87.1%) jobs=0 amber=0 queued=0 lanes=8
2026-09-21T00:50:41 SAMPLE   ram=66.7% (11.18GB used, 5.57GB free) cpu=83.0% (15s mean 86.4%) jobs=0 amber=0 queued=0 lanes=8
2026-09-21T00:51:41 SAMPLE   ram=67.2% (11.25GB used, 5.50GB free) cpu=91.7% (15s mean 90.7%) jobs=0 amber=0 queued=0 lanes=8
2026-09-21T00:52:41 SAMPLE   ram=66.6% (11.16GB used, 5.59GB free) cpu=85.4% (15s mean 87.0%) jobs=0 amber=0 queued=0 lanes=8
2026-09-21T00:53:41 SAMPLE   ram=66.7% (11.18GB used, 5.57GB free) cpu=83.3% (15s mean 87.0%) jobs=0 amber=0 queued=0 lanes=8
2026-09-21T00:54:41 SAMPLE   ram=66.3% (11.11GB used, 5.64GB free) cpu=71.1% (15s mean 75.2%) jobs=0 amber=0 queued=0 lanes=8
2026-09-21T00:55:41 SAMPLE   ram=66.2% (11.10GB used, 5.65GB free) cpu=83.5% (15s mean 82.5%) jobs=0 amber=0 queued=0 lanes=8
2026-09-21T00:56:41 SAMPLE   ram=66.2% (11.08GB used, 5.67GB free) cpu=85.5% (15s mean 78.7%) jobs=0 amber=0 queued=0 lanes=8
2026-09-21T00:57:41 SAMPLE   ram=65.3% (10.94GB used, 5.81GB free) cpu=73.8% (15s mean 75.7%) jobs=0 amber=0 queued=0 lanes=8
2026-09-21T00:58:41 SAMPLE   ram=65.8% (11.02GB used, 5.73GB free) cpu=73.9% (15s mean 73.5%) jobs=0 amber=0 queued=0 lanes=8
2026-09-21T00:59:41 SAMPLE   ram=65.2% (10.93GB used, 5.82GB free) cpu=69.0% (15s mean 68.6%) jobs=0 amber=0 queued=0 lanes=8
2026-09-21T01:00:41 SAMPLE   ram=66.5% (11.14GB used, 5.61GB free) cpu=86.1% (15s mean 86.6%) jobs=0 amber=0 queued=0 lanes=8
2026-09-21T01:01:41 SAMPLE   ram=66.2% (11.09GB used, 5.66GB free) cpu=74.5% (15s mean 76.0%) jobs=0 amber=0 queued=0 lanes=8
2026-09-21T01:02:41 SAMPLE   ram=65.9% (11.04GB used, 5.70GB free) cpu=71.6% (15s mean 73.0%) jobs=0 amber=0 queued=0 lanes=8
2026-09-21T01:03:41 SAMPLE   ram=65.8% (11.02GB used, 5.72GB free) cpu=70.0% (15s mean 72.8%) jobs=0 amber=0 queued=0 lanes=8
2026-09-21T01:04:41 SAMPLE   ram=66.7% (11.18GB used, 5.57GB free) cpu=76.0% (15s mean 75.9%) jobs=0 amber=0 queued=0 lanes=8
2026-09-21T01:05:41 SAMPLE   ram=66.3% (11.10GB used, 5.65GB free) cpu=75.3% (15s mean 84.9%) jobs=0 amber=0 queued=0 lanes=8
2026-09-21T01:06:41 SAMPLE   ram=66.2% (11.09GB used, 5.66GB free) cpu=72.0% (15s mean 71.6%) jobs=0 amber=0 queued=0 lanes=8
2026-09-21T01:07:41 SAMPLE   ram=65.0% (10.89GB used, 5.86GB free) cpu=46.9% (15s mean 50.1%) jobs=0 amber=0 queued=0 lanes=8
2026-09-21T01:08:41 SAMPLE   ram=64.3% (10.76GB used, 5.99GB free) cpu=23.5% (15s mean 25.9%) jobs=0 amber=0 queued=0 lanes=8
2026-09-21T01:09:41 SAMPLE   ram=64.4% (10.78GB used, 5.97GB free) cpu=21.0% (15s mean 22.3%) jobs=0 amber=0 queued=0 lanes=8
2026-09-21T01:10:41 SAMPLE   ram=64.3% (10.77GB used, 5.98GB free) cpu=22.0% (15s mean 20.6%) jobs=0 amber=0 queued=0 lanes=8
2026-09-21T01:11:41 SAMPLE   ram=64.3% (10.76GB used, 5.99GB free) cpu=31.2% (15s mean 28.5%) jobs=0 amber=0 queued=0 lanes=8
2026-09-21T01:12:41 SAMPLE   ram=63.9% (10.70GB used, 6.05GB free) cpu=21.4% (15s mean 20.7%) jobs=0 amber=0 queued=0 lanes=8
2026-09-21T01:13:41 SAMPLE   ram=63.8% (10.69GB used, 6.06GB free) cpu=22.3% (15s mean 22.0%) jobs=0 amber=0 queued=0 lanes=8
2026-09-21T01:14:41 SAMPLE   ram=63.8% (10.69GB used, 6.06GB free) cpu=21.3% (15s mean 23.5%) jobs=0 amber=0 queued=0 lanes=8
2026-09-21T01:15:41 SAMPLE   ram=63.9% (10.71GB used, 6.04GB free) cpu=22.6% (15s mean 22.2%) jobs=0 amber=0 queued=0 lanes=8
2026-09-21T01:16:41 SAMPLE   ram=64.3% (10.77GB used, 5.98GB free) cpu=28.2% (15s mean 24.4%) jobs=0 amber=0 queued=0 lanes=8
2026-09-21T01:17:41 SAMPLE   ram=64.3% (10.78GB used, 5.97GB free) cpu=20.6% (15s mean 21.8%) jobs=0 amber=0 queued=0 lanes=8
2026-09-21T01:18:41 SAMPLE   ram=64.2% (10.75GB used, 6.00GB free) cpu=20.2% (15s mean 22.7%) jobs=0 amber=0 queued=0 lanes=8
2026-09-21T01:19:41 SAMPLE   ram=64.4% (10.79GB used, 5.96GB free) cpu=27.5% (15s mean 22.4%) jobs=0 amber=0 queued=0 lanes=8
2026-09-21T01:20:41 SAMPLE   ram=64.2% (10.75GB used, 6.00GB free) cpu=19.3% (15s mean 20.0%) jobs=0 amber=0 queued=0 lanes=8
2026-09-21T01:21:41 SAMPLE   ram=63.9% (10.71GB used, 6.04GB free) cpu=22.5% (15s mean 23.7%) jobs=0 amber=0 queued=0 lanes=8
2026-09-21T01:22:41 SAMPLE   ram=64.0% (10.72GB used, 6.03GB free) cpu=27.1% (15s mean 24.2%) jobs=0 amber=0 queued=0 lanes=8
2026-09-21T01:23:41 SAMPLE   ram=63.9% (10.70GB used, 6.05GB free) cpu=18.3% (15s mean 21.5%) jobs=0 amber=0 queued=0 lanes=8
2026-09-21T01:24:41 SAMPLE   ram=64.7% (10.84GB used, 5.91GB free) cpu=7.3% (15s mean 13.3%) jobs=0 amber=0 queued=0 lanes=8
2026-09-21T01:25:41 SAMPLE   ram=63.4% (10.62GB used, 6.13GB free) cpu=8.6% (15s mean 11.6%) jobs=0 amber=0 queued=0 lanes=8
2026-09-21T01:26:41 SAMPLE   ram=62.8% (10.53GB used, 6.22GB free) cpu=11.8% (15s mean 9.5%) jobs=0 amber=0 queued=0 lanes=8
2026-09-21T01:27:41 SAMPLE   ram=62.7% (10.50GB used, 6.25GB free) cpu=10.9% (15s mean 10.0%) jobs=0 amber=0 queued=0 lanes=8
2026-09-21T01:28:41 SAMPLE   ram=62.8% (10.51GB used, 6.24GB free) cpu=10.6% (15s mean 9.1%) jobs=0 amber=0 queued=0 lanes=8
2026-09-21T01:29:41 SAMPLE   ram=62.8% (10.52GB used, 6.24GB free) cpu=8.1% (15s mean 8.2%) jobs=0 amber=0 queued=0 lanes=8
2026-09-21T01:30:41 SAMPLE   ram=62.9% (10.54GB used, 6.21GB free) cpu=8.0% (15s mean 8.0%) jobs=0 amber=0 queued=0 lanes=8
2026-09-21T01:31:41 SAMPLE   ram=62.3% (10.44GB used, 6.31GB free) cpu=8.0% (15s mean 8.0%) jobs=0 amber=0 queued=0 lanes=8
2026-09-21T01:32:41 SAMPLE   ram=62.1% (10.40GB used, 6.35GB free) cpu=10.3% (15s mean 8.1%) jobs=0 amber=0 queued=0 lanes=8
2026-09-21T01:33:41 SAMPLE   ram=62.2% (10.42GB used, 6.33GB free) cpu=9.1% (15s mean 9.5%) jobs=0 amber=0 queued=0 lanes=8
2026-09-21T01:34:41 SAMPLE   ram=72.2% (12.10GB used, 4.65GB free) cpu=18.2% (15s mean 12.8%) jobs=0 amber=0 queued=0 lanes=8
2026-09-21T01:35:41 SAMPLE   ram=71.5% (11.97GB used, 4.78GB free) cpu=11.3% (15s mean 10.0%) jobs=0 amber=0 queued=0 lanes=8
2026-09-21T01:36:41 SAMPLE   ram=68.3% (11.44GB used, 5.30GB free) cpu=8.4% (15s mean 7.0%) jobs=0 amber=0 queued=0 lanes=8
2026-09-21T01:37:41 SAMPLE   ram=68.4% (11.45GB used, 5.30GB free) cpu=5.9% (15s mean 6.4%) jobs=0 amber=0 queued=0 lanes=8
2026-09-21T01:38:41 SAMPLE   ram=68.1% (11.41GB used, 5.34GB free) cpu=6.3% (15s mean 6.8%) jobs=0 amber=0 queued=0 lanes=8
2026-09-21T01:39:41 SAMPLE   ram=68.2% (11.42GB used, 5.33GB free) cpu=5.1% (15s mean 5.0%) jobs=0 amber=0 queued=0 lanes=8
2026-09-21T01:40:41 SAMPLE   ram=68.4% (11.46GB used, 5.29GB free) cpu=5.1% (15s mean 5.7%) jobs=0 amber=0 queued=0 lanes=8
2026-09-21T01:41:41 SAMPLE   ram=68.4% (11.45GB used, 5.30GB free) cpu=4.8% (15s mean 5.9%) jobs=0 amber=0 queued=0 lanes=8
2026-09-21T01:42:41 SAMPLE   ram=68.1% (11.41GB used, 5.34GB free) cpu=6.4% (15s mean 6.3%) jobs=0 amber=0 queued=0 lanes=8
2026-09-21T01:43:41 SAMPLE   ram=68.7% (11.51GB used, 5.25GB free) cpu=6.6% (15s mean 6.9%) jobs=0 amber=0 queued=0 lanes=8
2026-09-21T01:44:41 SAMPLE   ram=68.4% (11.46GB used, 5.29GB free) cpu=5.9% (15s mean 6.9%) jobs=0 amber=0 queued=0 lanes=8
2026-09-21T01:45:41 SAMPLE   ram=68.3% (11.44GB used, 5.31GB free) cpu=5.7% (15s mean 6.2%) jobs=0 amber=0 queued=0 lanes=8
2026-09-21T01:46:41 SAMPLE   ram=68.2% (11.42GB used, 5.33GB free) cpu=6.7% (15s mean 7.2%) jobs=0 amber=0 queued=0 lanes=8
2026-09-21T01:47:41 SAMPLE   ram=68.4% (11.45GB used, 5.30GB free) cpu=5.7% (15s mean 7.4%) jobs=0 amber=0 queued=0 lanes=8
2026-09-21T01:48:41 SAMPLE   ram=68.6% (11.49GB used, 5.26GB free) cpu=6.3% (15s mean 6.2%) jobs=0 amber=0 queued=0 lanes=8
2026-09-21T01:49:41 SAMPLE   ram=68.8% (11.53GB used, 5.22GB free) cpu=5.9% (15s mean 5.9%) jobs=0 amber=0 queued=0 lanes=8
2026-09-21T01:50:41 SAMPLE   ram=68.7% (11.50GB used, 5.25GB free) cpu=5.2% (15s mean 5.9%) jobs=0 amber=0 queued=0 lanes=8
2026-09-21T01:51:41 SAMPLE   ram=68.5% (11.48GB used, 5.27GB free) cpu=6.2% (15s mean 7.2%) jobs=0 amber=0 queued=0 lanes=8
2026-09-21T01:52:41 SAMPLE   ram=68.6% (11.50GB used, 5.25GB free) cpu=5.5% (15s mean 6.9%) jobs=0 amber=0 queued=0 lanes=8
2026-09-21T01:53:41 SAMPLE   ram=68.7% (11.51GB used, 5.24GB free) cpu=6.9% (15s mean 6.0%) jobs=0 amber=0 queued=0 lanes=8
2026-09-21T01:54:41 SAMPLE   ram=68.4% (11.46GB used, 5.29GB free) cpu=6.2% (15s mean 9.0%) jobs=0 amber=0 queued=0 lanes=8
2026-09-21T01:55:41 SAMPLE   ram=68.5% (11.48GB used, 5.27GB free) cpu=7.5% (15s mean 5.7%) jobs=0 amber=0 queued=0 lanes=8
2026-09-21T01:56:41 SAMPLE   ram=68.2% (11.42GB used, 5.33GB free) cpu=6.8% (15s mean 6.3%) jobs=0 amber=0 queued=0 lanes=8
2026-09-21T01:57:41 SAMPLE   ram=67.7% (11.33GB used, 5.42GB free) cpu=7.6% (15s mean 5.8%) jobs=0 amber=0 queued=0 lanes=8
2026-09-21T01:58:41 SAMPLE   ram=67.8% (11.36GB used, 5.39GB free) cpu=8.9% (15s mean 7.1%) jobs=0 amber=0 queued=0 lanes=8
2026-09-21T01:59:41 SAMPLE   ram=67.9% (11.38GB used, 5.37GB free) cpu=7.4% (15s mean 6.4%) jobs=0 amber=0 queued=0 lanes=8
2026-09-21T02:00:41 SAMPLE   ram=67.9% (11.37GB used, 5.38GB free) cpu=7.7% (15s mean 5.9%) jobs=0 amber=0 queued=0 lanes=8
2026-09-21T02:01:41 SAMPLE   ram=68.2% (11.42GB used, 5.33GB free) cpu=5.9% (15s mean 7.0%) jobs=0 amber=0 queued=0 lanes=8
2026-09-21T02:02:41 SAMPLE   ram=67.6% (11.32GB used, 5.43GB free) cpu=7.4% (15s mean 5.8%) jobs=0 amber=0 queued=0 lanes=8
2026-09-21T02:03:41 SAMPLE   ram=67.5% (11.30GB used, 5.45GB free) cpu=5.9% (15s mean 6.3%) jobs=0 amber=0 queued=0 lanes=8
2026-09-21T02:04:41 SAMPLE   ram=68.0% (11.38GB used, 5.36GB free) cpu=5.9% (15s mean 7.1%) jobs=0 amber=0 queued=0 lanes=8
2026-09-21T02:05:41 SAMPLE   ram=67.9% (11.38GB used, 5.37GB free) cpu=7.1% (15s mean 6.2%) jobs=0 amber=0 queued=0 lanes=8
2026-09-21T02:06:41 SAMPLE   ram=65.2% (10.92GB used, 5.83GB free) cpu=6.1% (15s mean 6.9%) jobs=0 amber=0 queued=0 lanes=8
2026-09-21T02:07:41 SAMPLE   ram=65.2% (10.92GB used, 5.83GB free) cpu=5.6% (15s mean 5.7%) jobs=0 amber=0 queued=0 lanes=8
2026-09-21T02:08:41 SAMPLE   ram=65.2% (10.91GB used, 5.84GB free) cpu=5.9% (15s mean 5.6%) jobs=0 amber=0 queued=0 lanes=8
2026-09-21T02:09:41 SAMPLE   ram=65.3% (10.93GB used, 5.82GB free) cpu=5.4% (15s mean 6.6%) jobs=0 amber=0 queued=0 lanes=8
2026-09-21T02:10:41 SAMPLE   ram=65.3% (10.94GB used, 5.81GB free) cpu=6.6% (15s mean 6.0%) jobs=0 amber=0 queued=0 lanes=8
2026-09-21T02:11:41 SAMPLE   ram=64.1% (10.73GB used, 6.02GB free) cpu=5.8% (15s mean 5.0%) jobs=0 amber=0 queued=0 lanes=8
2026-09-21T02:12:41 SAMPLE   ram=64.0% (10.72GB used, 6.03GB free) cpu=5.7% (15s mean 5.9%) jobs=0 amber=0 queued=0 lanes=8
2026-09-21T02:13:41 SAMPLE   ram=64.1% (10.74GB used, 6.01GB free) cpu=7.0% (15s mean 6.8%) jobs=0 amber=0 queued=0 lanes=8
2026-09-21T02:14:41 SAMPLE   ram=64.2% (10.76GB used, 5.99GB free) cpu=5.9% (15s mean 5.9%) jobs=0 amber=0 queued=0 lanes=8
2026-09-21T02:15:41 SAMPLE   ram=64.2% (10.75GB used, 6.00GB free) cpu=5.8% (15s mean 5.7%) jobs=0 amber=0 queued=0 lanes=8
2026-09-21T02:16:42 SAMPLE   ram=62.9% (10.53GB used, 6.22GB free) cpu=6.6% (15s mean 5.8%) jobs=0 amber=0 queued=0 lanes=8
2026-09-21T02:17:42 SAMPLE   ram=62.8% (10.52GB used, 6.23GB free) cpu=5.6% (15s mean 5.8%) jobs=0 amber=0 queued=0 lanes=8
2026-09-21T02:18:42 SAMPLE   ram=62.9% (10.54GB used, 6.21GB free) cpu=7.0% (15s mean 6.6%) jobs=0 amber=0 queued=0 lanes=8
2026-09-21T02:19:42 SAMPLE   ram=63.4% (10.62GB used, 6.13GB free) cpu=7.5% (15s mean 7.0%) jobs=0 amber=0 queued=0 lanes=8
2026-09-21T02:20:42 SAMPLE   ram=63.2% (10.58GB used, 6.17GB free) cpu=8.2% (15s mean 6.9%) jobs=0 amber=0 queued=0 lanes=8
2026-09-21T02:21:42 SAMPLE   ram=62.7% (10.51GB used, 6.24GB free) cpu=6.4% (15s mean 6.2%) jobs=0 amber=0 queued=0 lanes=8
2026-09-21T02:22:42 SAMPLE   ram=62.8% (10.52GB used, 6.23GB free) cpu=7.6% (15s mean 7.2%) jobs=0 amber=0 queued=0 lanes=8
2026-09-21T02:23:42 SAMPLE   ram=63.0% (10.55GB used, 6.20GB free) cpu=6.5% (15s mean 6.1%) jobs=0 amber=0 queued=0 lanes=8
2026-09-21T02:24:42 SAMPLE   ram=63.8% (10.69GB used, 6.06GB free) cpu=6.0% (15s mean 8.9%) jobs=0 amber=0 queued=0 lanes=8
2026-09-21T02:25:42 SAMPLE   ram=63.2% (10.58GB used, 6.17GB free) cpu=5.3% (15s mean 6.2%) jobs=0 amber=0 queued=0 lanes=8
2026-09-21T02:26:42 SAMPLE   ram=62.7% (10.49GB used, 6.25GB free) cpu=6.4% (15s mean 5.9%) jobs=0 amber=0 queued=0 lanes=8
2026-09-21T02:27:42 SAMPLE   ram=62.6% (10.48GB used, 6.27GB free) cpu=5.8% (15s mean 6.3%) jobs=0 amber=0 queued=0 lanes=8
2026-09-21T02:28:42 SAMPLE   ram=62.7% (10.51GB used, 6.25GB free) cpu=6.5% (15s mean 6.9%) jobs=0 amber=0 queued=0 lanes=8
2026-09-21T02:29:42 SAMPLE   ram=62.8% (10.53GB used, 6.22GB free) cpu=5.5% (15s mean 6.1%) jobs=0 amber=0 queued=0 lanes=8
2026-09-21T02:30:42 SAMPLE   ram=62.7% (10.49GB used, 6.25GB free) cpu=7.1% (15s mean 6.3%) jobs=0 amber=0 queued=0 lanes=8
2026-09-21T02:31:42 SAMPLE   ram=63.0% (10.55GB used, 6.20GB free) cpu=5.4% (15s mean 6.2%) jobs=0 amber=0 queued=0 lanes=8
2026-09-21T02:32:42 SAMPLE   ram=63.0% (10.55GB used, 6.20GB free) cpu=5.5% (15s mean 5.4%) jobs=0 amber=0 queued=0 lanes=8
2026-09-21T02:33:42 SAMPLE   ram=63.8% (10.68GB used, 6.07GB free) cpu=3.9% (15s mean 6.0%) jobs=0 amber=0 queued=0 lanes=8
2026-09-21T02:34:42 SAMPLE   ram=64.4% (10.79GB used, 5.96GB free) cpu=8.2% (15s mean 7.8%) jobs=0 amber=0 queued=0 lanes=8
2026-09-21T02:35:42 SAMPLE   ram=64.4% (10.79GB used, 5.96GB free) cpu=7.5% (15s mean 7.1%) jobs=0 amber=0 queued=0 lanes=8
2026-09-21T02:36:42 SAMPLE   ram=64.3% (10.76GB used, 5.99GB free) cpu=5.1% (15s mean 5.9%) jobs=0 amber=0 queued=0 lanes=8
2026-09-21T02:37:42 SAMPLE   ram=63.8% (10.69GB used, 6.06GB free) cpu=6.3% (15s mean 6.4%) jobs=0 amber=0 queued=0 lanes=8
2026-09-21T02:38:42 SAMPLE   ram=63.8% (10.70GB used, 6.05GB free) cpu=7.0% (15s mean 5.9%) jobs=0 amber=0 queued=0 lanes=8
2026-09-21T02:39:42 SAMPLE   ram=63.9% (10.70GB used, 6.05GB free) cpu=7.7% (15s mean 7.3%) jobs=0 amber=0 queued=0 lanes=8
2026-09-21T02:40:42 SAMPLE   ram=63.9% (10.71GB used, 6.04GB free) cpu=8.5% (15s mean 7.4%) jobs=0 amber=0 queued=0 lanes=8
2026-09-21T02:41:42 SAMPLE   ram=64.0% (10.73GB used, 6.02GB free) cpu=10.2% (15s mean 7.9%) jobs=0 amber=0 queued=0 lanes=8
2026-09-21T02:42:42 SAMPLE   ram=63.7% (10.66GB used, 6.09GB free) cpu=7.6% (15s mean 7.1%) jobs=0 amber=0 queued=0 lanes=8
2026-09-21T02:43:42 SAMPLE   ram=64.0% (10.72GB used, 6.03GB free) cpu=8.0% (15s mean 6.9%) jobs=0 amber=0 queued=0 lanes=8
2026-09-21T02:44:42 SAMPLE   ram=64.1% (10.73GB used, 6.02GB free) cpu=5.5% (15s mean 6.0%) jobs=0 amber=0 queued=0 lanes=8
2026-09-21T02:45:42 SAMPLE   ram=64.0% (10.72GB used, 6.03GB free) cpu=6.3% (15s mean 6.5%) jobs=0 amber=0 queued=0 lanes=8
2026-09-21T02:46:42 SAMPLE   ram=64.1% (10.74GB used, 6.01GB free) cpu=5.6% (15s mean 5.7%) jobs=0 amber=0 queued=0 lanes=8
2026-09-21T02:47:42 SAMPLE   ram=64.0% (10.72GB used, 6.03GB free) cpu=5.0% (15s mean 5.4%) jobs=0 amber=0 queued=0 lanes=8
2026-09-21T02:48:42 SAMPLE   ram=64.4% (10.78GB used, 5.97GB free) cpu=5.6% (15s mean 6.1%) jobs=0 amber=0 queued=0 lanes=8
2026-09-21T02:49:42 SAMPLE   ram=64.8% (10.86GB used, 5.89GB free) cpu=5.7% (15s mean 6.2%) jobs=0 amber=0 queued=0 lanes=8
2026-09-21T02:50:42 SAMPLE   ram=64.4% (10.78GB used, 5.97GB free) cpu=4.1% (15s mean 5.5%) jobs=0 amber=0 queued=0 lanes=8
2026-09-21T02:51:42 SAMPLE   ram=64.3% (10.78GB used, 5.97GB free) cpu=5.8% (15s mean 5.8%) jobs=0 amber=0 queued=0 lanes=8
2026-09-21T02:52:42 SAMPLE   ram=64.7% (10.83GB used, 5.92GB free) cpu=5.6% (15s mean 5.1%) jobs=0 amber=0 queued=0 lanes=8
2026-09-21T02:53:42 SAMPLE   ram=64.7% (10.84GB used, 5.91GB free) cpu=5.9% (15s mean 6.3%) jobs=0 amber=0 queued=0 lanes=8
2026-09-21T02:54:42 SAMPLE   ram=64.5% (10.81GB used, 5.94GB free) cpu=5.3% (15s mean 7.7%) jobs=0 amber=0 queued=0 lanes=8
2026-09-21T02:55:42 SAMPLE   ram=64.5% (10.80GB used, 5.95GB free) cpu=5.6% (15s mean 6.0%) jobs=0 amber=0 queued=0 lanes=8
2026-09-21T02:56:42 SAMPLE   ram=64.5% (10.79GB used, 5.95GB free) cpu=5.7% (15s mean 5.9%) jobs=0 amber=0 queued=0 lanes=8
2026-09-21T02:57:42 SAMPLE   ram=63.8% (10.69GB used, 6.05GB free) cpu=6.8% (15s mean 7.4%) jobs=0 amber=0 queued=0 lanes=8
2026-09-21T02:58:42 SAMPLE   ram=64.0% (10.72GB used, 6.03GB free) cpu=7.1% (15s mean 6.7%) jobs=0 amber=0 queued=0 lanes=8
2026-09-21T02:59:42 SAMPLE   ram=64.2% (10.74GB used, 6.00GB free) cpu=5.8% (15s mean 6.1%) jobs=0 amber=0 queued=0 lanes=8
2026-09-21T03:00:42 SAMPLE   ram=64.1% (10.73GB used, 6.01GB free) cpu=5.5% (15s mean 6.4%) jobs=0 amber=0 queued=0 lanes=8
2026-09-21T03:01:42 SAMPLE   ram=64.3% (10.77GB used, 5.98GB free) cpu=5.7% (15s mean 6.2%) jobs=0 amber=0 queued=0 lanes=8
2026-09-21T03:02:42 SAMPLE   ram=64.3% (10.77GB used, 5.98GB free) cpu=5.2% (15s mean 5.4%) jobs=0 amber=0 queued=0 lanes=8
2026-09-21T03:03:42 SAMPLE   ram=64.4% (10.79GB used, 5.96GB free) cpu=6.6% (15s mean 6.0%) jobs=0 amber=0 queued=0 lanes=8
2026-09-21T03:04:42 SAMPLE   ram=64.8% (10.86GB used, 5.89GB free) cpu=8.1% (15s mean 6.4%) jobs=0 amber=0 queued=0 lanes=8
2026-09-21T03:05:42 SAMPLE   ram=64.6% (10.83GB used, 5.92GB free) cpu=6.3% (15s mean 5.8%) jobs=0 amber=0 queued=0 lanes=8
2026-09-21T03:06:42 SAMPLE   ram=63.7% (10.67GB used, 6.08GB free) cpu=6.2% (15s mean 5.9%) jobs=0 amber=0 queued=0 lanes=8
2026-09-21T03:07:42 SAMPLE   ram=63.9% (10.70GB used, 6.05GB free) cpu=6.7% (15s mean 5.7%) jobs=0 amber=0 queued=0 lanes=8
2026-09-21T03:08:42 SAMPLE   ram=64.0% (10.71GB used, 6.04GB free) cpu=5.3% (15s mean 6.0%) jobs=0 amber=0 queued=0 lanes=8
2026-09-21T03:09:42 SAMPLE   ram=64.0% (10.72GB used, 6.02GB free) cpu=6.1% (15s mean 6.0%) jobs=0 amber=0 queued=0 lanes=8
2026-09-21T03:10:42 SAMPLE   ram=64.1% (10.74GB used, 6.01GB free) cpu=6.7% (15s mean 6.4%) jobs=0 amber=0 queued=0 lanes=8
2026-09-21T03:11:42 SAMPLE   ram=63.2% (10.59GB used, 6.16GB free) cpu=7.4% (15s mean 6.7%) jobs=0 amber=0 queued=0 lanes=8
2026-09-21T03:12:42 SAMPLE   ram=63.1% (10.58GB used, 6.17GB free) cpu=5.9% (15s mean 6.2%) jobs=0 amber=0 queued=0 lanes=8
2026-09-21T03:13:42 SAMPLE   ram=63.4% (10.62GB used, 6.13GB free) cpu=6.8% (15s mean 6.0%) jobs=0 amber=0 queued=0 lanes=8
2026-09-21T03:14:42 SAMPLE   ram=63.4% (10.62GB used, 6.13GB free) cpu=4.6% (15s mean 6.1%) jobs=0 amber=0 queued=0 lanes=8
2026-09-21T03:15:42 SAMPLE   ram=63.2% (10.59GB used, 6.16GB free) cpu=6.5% (15s mean 7.3%) jobs=0 amber=0 queued=0 lanes=8
2026-09-21T03:16:42 SAMPLE   ram=62.8% (10.52GB used, 6.23GB free) cpu=8.3% (15s mean 6.3%) jobs=0 amber=0 queued=0 lanes=8
2026-09-21T03:17:42 SAMPLE   ram=62.9% (10.54GB used, 6.21GB free) cpu=6.8% (15s mean 6.8%) jobs=0 amber=0 queued=0 lanes=8
2026-09-21T03:18:42 SAMPLE   ram=62.8% (10.53GB used, 6.22GB free) cpu=6.8% (15s mean 7.3%) jobs=0 amber=0 queued=0 lanes=8
2026-09-21T03:19:42 SAMPLE   ram=63.2% (10.59GB used, 6.16GB free) cpu=5.2% (15s mean 5.7%) jobs=0 amber=0 queued=0 lanes=8
2026-09-21T03:20:42 SAMPLE   ram=63.0% (10.55GB used, 6.20GB free) cpu=5.6% (15s mean 5.2%) jobs=0 amber=0 queued=0 lanes=8
2026-09-21T03:21:42 SAMPLE   ram=62.9% (10.54GB used, 6.21GB free) cpu=5.7% (15s mean 5.8%) jobs=0 amber=0 queued=0 lanes=8
2026-09-21T03:22:42 SAMPLE   ram=63.0% (10.55GB used, 6.20GB free) cpu=5.5% (15s mean 4.9%) jobs=0 amber=0 queued=0 lanes=8
2026-09-21T03:23:42 SAMPLE   ram=63.0% (10.56GB used, 6.19GB free) cpu=6.6% (15s mean 6.7%) jobs=0 amber=0 queued=0 lanes=8
2026-09-21T03:24:42 SAMPLE   ram=63.9% (10.71GB used, 6.04GB free) cpu=7.2% (15s mean 9.0%) jobs=0 amber=0 queued=0 lanes=8
2026-09-21T03:25:42 SAMPLE   ram=63.3% (10.61GB used, 6.14GB free) cpu=6.7% (15s mean 5.3%) jobs=0 amber=0 queued=0 lanes=8
2026-09-21T03:26:42 SAMPLE   ram=62.7% (10.51GB used, 6.24GB free) cpu=6.1% (15s mean 6.0%) jobs=0 amber=0 queued=0 lanes=8
2026-09-21T03:27:42 SAMPLE   ram=62.7% (10.50GB used, 6.25GB free) cpu=6.8% (15s mean 5.6%) jobs=0 amber=0 queued=0 lanes=8
2026-09-21T03:28:42 SAMPLE   ram=62.9% (10.53GB used, 6.22GB free) cpu=6.1% (15s mean 5.8%) jobs=0 amber=0 queued=0 lanes=8
2026-09-21T03:29:42 SAMPLE   ram=63.0% (10.55GB used, 6.20GB free) cpu=5.0% (15s mean 5.1%) jobs=0 amber=0 queued=0 lanes=8
2026-09-21T03:30:42 SAMPLE   ram=63.1% (10.56GB used, 6.19GB free) cpu=6.4% (15s mean 6.2%) jobs=0 amber=0 queued=0 lanes=8
2026-09-21T03:31:42 SAMPLE   ram=62.8% (10.52GB used, 6.23GB free) cpu=5.0% (15s mean 5.0%) jobs=0 amber=0 queued=0 lanes=8
2026-09-21T03:32:42 SAMPLE   ram=63.0% (10.55GB used, 6.20GB free) cpu=6.3% (15s mean 6.8%) jobs=0 amber=0 queued=0 lanes=8
2026-09-21T03:33:42 SAMPLE   ram=62.6% (10.49GB used, 6.26GB free) cpu=7.4% (15s mean 6.7%) jobs=0 amber=0 queued=0 lanes=8
2026-09-21T03:34:42 SAMPLE   ram=63.0% (10.54GB used, 6.21GB free) cpu=6.4% (15s mean 6.6%) jobs=0 amber=0 queued=0 lanes=8
2026-09-21T03:35:42 SAMPLE   ram=62.9% (10.53GB used, 6.22GB free) cpu=5.9% (15s mean 6.0%) jobs=0 amber=0 queued=0 lanes=8
2026-09-21T03:36:42 SAMPLE   ram=62.7% (10.51GB used, 6.24GB free) cpu=5.4% (15s mean 6.0%) jobs=0 amber=0 queued=0 lanes=8
2026-09-21T03:37:42 SAMPLE   ram=62.7% (10.50GB used, 6.25GB free) cpu=4.4% (15s mean 5.2%) jobs=0 amber=0 queued=0 lanes=8
2026-09-21T03:38:42 SAMPLE   ram=62.7% (10.51GB used, 6.24GB free) cpu=4.7% (15s mean 6.6%) jobs=0 amber=0 queued=0 lanes=8
2026-09-21T03:39:42 SAMPLE   ram=62.8% (10.51GB used, 6.24GB free) cpu=4.2% (15s mean 5.8%) jobs=0 amber=0 queued=0 lanes=8
2026-09-21T03:40:42 SAMPLE   ram=62.9% (10.54GB used, 6.21GB free) cpu=6.5% (15s mean 6.9%) jobs=0 amber=0 queued=0 lanes=8
2026-09-21T03:41:42 SAMPLE   ram=62.9% (10.53GB used, 6.22GB free) cpu=5.3% (15s mean 6.5%) jobs=0 amber=0 queued=0 lanes=8
2026-09-21T03:42:42 SAMPLE   ram=62.8% (10.52GB used, 6.23GB free) cpu=5.4% (15s mean 5.7%) jobs=0 amber=0 queued=0 lanes=8
2026-09-21T03:43:42 SAMPLE   ram=62.6% (10.49GB used, 6.26GB free) cpu=5.5% (15s mean 6.8%) jobs=0 amber=0 queued=0 lanes=8
2026-09-21T03:44:42 SAMPLE   ram=62.8% (10.51GB used, 6.24GB free) cpu=6.1% (15s mean 6.4%) jobs=0 amber=0 queued=0 lanes=8
2026-09-21T03:45:42 SAMPLE   ram=62.8% (10.51GB used, 6.24GB free) cpu=5.0% (15s mean 5.0%) jobs=0 amber=0 queued=0 lanes=8
2026-09-21T03:46:42 SAMPLE   ram=63.4% (10.62GB used, 6.13GB free) cpu=5.1% (15s mean 6.4%) jobs=0 amber=0 queued=0 lanes=8
2026-09-21T03:47:42 SAMPLE   ram=63.4% (10.62GB used, 6.13GB free) cpu=6.6% (15s mean 6.6%) jobs=0 amber=0 queued=0 lanes=8
2026-09-21T03:48:42 SAMPLE   ram=64.0% (10.72GB used, 6.03GB free) cpu=5.1% (15s mean 6.0%) jobs=0 amber=0 queued=0 lanes=8
2026-09-21T03:49:42 SAMPLE   ram=64.4% (10.79GB used, 5.96GB free) cpu=6.6% (15s mean 6.4%) jobs=0 amber=0 queued=0 lanes=8
2026-09-21T03:50:42 SAMPLE   ram=64.2% (10.76GB used, 5.99GB free) cpu=8.2% (15s mean 6.7%) jobs=0 amber=0 queued=0 lanes=8
2026-09-21T03:51:42 SAMPLE   ram=64.1% (10.73GB used, 6.01GB free) cpu=6.8% (15s mean 7.2%) jobs=0 amber=0 queued=0 lanes=8
2026-09-21T03:52:42 SAMPLE   ram=64.1% (10.74GB used, 6.01GB free) cpu=5.5% (15s mean 5.9%) jobs=0 amber=0 queued=0 lanes=8
2026-09-21T03:53:42 SAMPLE   ram=64.1% (10.73GB used, 6.02GB free) cpu=7.6% (15s mean 6.5%) jobs=0 amber=0 queued=0 lanes=8
2026-09-21T03:54:42 SAMPLE   ram=64.3% (10.78GB used, 5.97GB free) cpu=6.2% (15s mean 8.5%) jobs=0 amber=0 queued=0 lanes=8
2026-09-21T03:55:42 SAMPLE   ram=64.3% (10.76GB used, 5.99GB free) cpu=6.5% (15s mean 6.4%) jobs=0 amber=0 queued=0 lanes=8
2026-09-21T03:56:42 SAMPLE   ram=63.8% (10.69GB used, 6.06GB free) cpu=6.6% (15s mean 6.2%) jobs=0 amber=0 queued=0 lanes=8
2026-09-21T03:57:42 SAMPLE   ram=64.1% (10.74GB used, 6.01GB free) cpu=4.8% (15s mean 4.8%) jobs=0 amber=0 queued=0 lanes=8
2026-09-21T03:58:42 SAMPLE   ram=64.2% (10.76GB used, 5.99GB free) cpu=5.0% (15s mean 5.6%) jobs=0 amber=0 queued=0 lanes=8
2026-09-21T03:59:42 SAMPLE   ram=64.5% (10.80GB used, 5.94GB free) cpu=6.3% (15s mean 6.1%) jobs=0 amber=0 queued=0 lanes=8
2026-09-21T04:00:42 SAMPLE   ram=65.1% (10.90GB used, 5.85GB free) cpu=8.4% (15s mean 6.1%) jobs=0 amber=0 queued=0 lanes=8
2026-09-21T04:01:42 SAMPLE   ram=64.9% (10.86GB used, 5.89GB free) cpu=6.5% (15s mean 7.1%) jobs=0 amber=0 queued=0 lanes=8
2026-09-21T04:02:42 SAMPLE   ram=64.8% (10.85GB used, 5.90GB free) cpu=7.5% (15s mean 7.4%) jobs=0 amber=0 queued=0 lanes=8
2026-09-21T04:03:42 SAMPLE   ram=64.7% (10.84GB used, 5.91GB free) cpu=6.5% (15s mean 6.1%) jobs=0 amber=0 queued=0 lanes=8
2026-09-21T04:04:42 SAMPLE   ram=65.1% (10.90GB used, 5.85GB free) cpu=7.0% (15s mean 6.8%) jobs=0 amber=0 queued=0 lanes=8
2026-09-21T04:05:42 SAMPLE   ram=65.0% (10.89GB used, 5.86GB free) cpu=6.3% (15s mean 7.1%) jobs=0 amber=0 queued=0 lanes=8
2026-09-21T04:06:42 SAMPLE   ram=64.9% (10.86GB used, 5.89GB free) cpu=5.5% (15s mean 5.9%) jobs=0 amber=0 queued=0 lanes=8
2026-09-21T04:07:42 SAMPLE   ram=65.1% (10.90GB used, 5.84GB free) cpu=6.5% (15s mean 6.2%) jobs=0 amber=0 queued=0 lanes=8
2026-09-21T04:08:42 SAMPLE   ram=65.1% (10.90GB used, 5.85GB free) cpu=7.2% (15s mean 7.2%) jobs=0 amber=0 queued=0 lanes=8
2026-09-21T04:09:42 SAMPLE   ram=65.3% (10.94GB used, 5.81GB free) cpu=7.8% (15s mean 7.9%) jobs=0 amber=0 queued=0 lanes=8
2026-09-21T04:10:42 SAMPLE   ram=65.4% (10.95GB used, 5.79GB free) cpu=6.6% (15s mean 6.9%) jobs=0 amber=0 queued=0 lanes=8
2026-09-21T04:11:42 SAMPLE   ram=66.3% (11.10GB used, 5.65GB free) cpu=11.8% (15s mean 19.3%) jobs=0 amber=0 queued=0 lanes=8
2026-09-21T04:12:42 SAMPLE   ram=65.6% (10.99GB used, 5.76GB free) cpu=5.4% (15s mean 5.6%) jobs=0 amber=0 queued=0 lanes=8
2026-09-21T04:13:42 SAMPLE   ram=65.2% (10.91GB used, 5.83GB free) cpu=7.9% (15s mean 7.0%) jobs=0 amber=0 queued=0 lanes=8
2026-09-21T04:14:42 SAMPLE   ram=65.3% (10.94GB used, 5.81GB free) cpu=6.2% (15s mean 6.7%) jobs=0 amber=0 queued=0 lanes=8
2026-09-21T04:15:42 SAMPLE   ram=65.1% (10.91GB used, 5.84GB free) cpu=6.4% (15s mean 5.9%) jobs=0 amber=0 queued=0 lanes=8
2026-09-21T04:16:42 SAMPLE   ram=65.2% (10.93GB used, 5.82GB free) cpu=6.2% (15s mean 6.0%) jobs=0 amber=0 queued=0 lanes=8
2026-09-21T04:17:42 SAMPLE   ram=65.3% (10.94GB used, 5.81GB free) cpu=3.2% (15s mean 5.5%) jobs=0 amber=0 queued=0 lanes=8
2026-09-21T04:18:42 SAMPLE   ram=65.2% (10.92GB used, 5.83GB free) cpu=5.4% (15s mean 6.2%) jobs=0 amber=0 queued=0 lanes=8
2026-09-21T04:19:42 SAMPLE   ram=65.7% (11.00GB used, 5.75GB free) cpu=6.6% (15s mean 6.6%) jobs=0 amber=0 queued=0 lanes=8
2026-09-21T04:20:42 SAMPLE   ram=65.5% (10.98GB used, 5.77GB free) cpu=4.4% (15s mean 5.7%) jobs=0 amber=0 queued=0 lanes=8
2026-09-21T04:21:42 SAMPLE   ram=64.5% (10.80GB used, 5.95GB free) cpu=6.0% (15s mean 6.7%) jobs=0 amber=0 queued=0 lanes=8
2026-09-21T04:22:42 SAMPLE   ram=64.5% (10.80GB used, 5.95GB free) cpu=5.5% (15s mean 6.7%) jobs=0 amber=0 queued=0 lanes=8
2026-09-21T04:23:42 SAMPLE   ram=64.5% (10.81GB used, 5.94GB free) cpu=6.6% (15s mean 6.4%) jobs=0 amber=0 queued=0 lanes=8
2026-09-21T04:24:42 SAMPLE   ram=65.4% (10.96GB used, 5.79GB free) cpu=7.3% (15s mean 9.2%) jobs=0 amber=0 queued=0 lanes=8
2026-09-21T04:25:42 SAMPLE   ram=64.7% (10.84GB used, 5.91GB free) cpu=4.6% (15s mean 5.9%) jobs=0 amber=0 queued=0 lanes=8
2026-09-21T04:26:42 SAMPLE   ram=64.2% (10.76GB used, 5.99GB free) cpu=5.8% (15s mean 6.9%) jobs=0 amber=0 queued=0 lanes=8
2026-09-21T04:27:42 SAMPLE   ram=64.6% (10.82GB used, 5.93GB free) cpu=6.8% (15s mean 6.9%) jobs=0 amber=0 queued=0 lanes=8
2026-09-21T04:28:42 SAMPLE   ram=64.8% (10.86GB used, 5.89GB free) cpu=7.7% (15s mean 7.0%) jobs=0 amber=0 queued=0 lanes=8
2026-09-21T04:29:42 SAMPLE   ram=64.8% (10.86GB used, 5.89GB free) cpu=4.1% (15s mean 4.7%) jobs=0 amber=0 queued=0 lanes=8
2026-09-21T04:30:42 SAMPLE   ram=64.2% (10.76GB used, 6.00GB free) cpu=6.2% (15s mean 6.5%) jobs=0 amber=0 queued=0 lanes=8
2026-09-21T04:31:42 SAMPLE   ram=64.0% (10.72GB used, 6.03GB free) cpu=7.3% (15s mean 6.9%) jobs=0 amber=0 queued=0 lanes=8
2026-09-21T04:32:42 SAMPLE   ram=64.0% (10.73GB used, 6.02GB free) cpu=6.4% (15s mean 6.0%) jobs=0 amber=0 queued=0 lanes=8
2026-09-21T04:33:43 SAMPLE   ram=64.1% (10.74GB used, 6.01GB free) cpu=5.8% (15s mean 5.9%) jobs=0 amber=0 queued=0 lanes=8
2026-09-21T04:34:43 SAMPLE   ram=64.3% (10.77GB used, 5.98GB free) cpu=7.3% (15s mean 10.5%) jobs=0 amber=0 queued=0 lanes=8
2026-09-21T04:35:43 SAMPLE   ram=64.2% (10.75GB used, 6.00GB free) cpu=5.7% (15s mean 6.1%) jobs=0 amber=0 queued=0 lanes=8
2026-09-21T04:36:43 SAMPLE   ram=63.3% (10.61GB used, 6.14GB free) cpu=5.2% (15s mean 6.1%) jobs=0 amber=0 queued=0 lanes=8
2026-09-21T04:37:43 SAMPLE   ram=63.2% (10.59GB used, 6.16GB free) cpu=5.8% (15s mean 6.5%) jobs=0 amber=0 queued=0 lanes=8
2026-09-21T04:38:43 SAMPLE   ram=63.3% (10.60GB used, 6.15GB free) cpu=7.2% (15s mean 7.1%) jobs=0 amber=0 queued=0 lanes=8
2026-09-21T04:39:43 SAMPLE   ram=63.3% (10.60GB used, 6.15GB free) cpu=6.4% (15s mean 6.0%) jobs=0 amber=0 queued=0 lanes=8
2026-09-21T04:40:43 SAMPLE   ram=63.2% (10.59GB used, 6.16GB free) cpu=6.0% (15s mean 5.7%) jobs=0 amber=0 queued=0 lanes=8
2026-09-21T04:41:43 SAMPLE   ram=63.3% (10.59GB used, 6.16GB free) cpu=5.2% (15s mean 5.8%) jobs=0 amber=0 queued=0 lanes=8
2026-09-21T04:42:43 SAMPLE   ram=62.9% (10.53GB used, 6.22GB free) cpu=4.8% (15s mean 5.8%) jobs=0 amber=0 queued=0 lanes=8
2026-09-21T04:43:43 SAMPLE   ram=63.1% (10.57GB used, 6.18GB free) cpu=7.5% (15s mean 7.5%) jobs=0 amber=0 queued=0 lanes=8
2026-09-21T04:44:43 SAMPLE   ram=63.3% (10.60GB used, 6.15GB free) cpu=6.9% (15s mean 6.2%) jobs=0 amber=0 queued=0 lanes=8
2026-09-21T04:45:43 SAMPLE   ram=63.2% (10.59GB used, 6.17GB free) cpu=8.0% (15s mean 7.9%) jobs=0 amber=0 queued=0 lanes=8
2026-09-21T04:46:43 SAMPLE   ram=62.8% (10.51GB used, 6.24GB free) cpu=5.1% (15s mean 7.2%) jobs=0 amber=0 queued=0 lanes=8
2026-09-21T04:47:43 SAMPLE   ram=63.1% (10.57GB used, 6.18GB free) cpu=7.1% (15s mean 6.8%) jobs=0 amber=0 queued=0 lanes=8
2026-09-21T04:48:43 SAMPLE   ram=63.1% (10.57GB used, 6.18GB free) cpu=5.2% (15s mean 5.6%) jobs=0 amber=0 queued=0 lanes=8
2026-09-21T04:49:43 SAMPLE   ram=63.8% (10.69GB used, 6.05GB free) cpu=7.7% (15s mean 6.7%) jobs=0 amber=0 queued=0 lanes=8
2026-09-21T04:50:43 SAMPLE   ram=63.6% (10.66GB used, 6.09GB free) cpu=4.4% (15s mean 4.9%) jobs=0 amber=0 queued=0 lanes=8
2026-09-21T04:51:43 SAMPLE   ram=63.0% (10.55GB used, 6.20GB free) cpu=5.2% (15s mean 6.5%) jobs=0 amber=0 queued=0 lanes=8
2026-09-21T04:52:43 SAMPLE   ram=62.8% (10.52GB used, 6.23GB free) cpu=6.0% (15s mean 5.6%) jobs=0 amber=0 queued=0 lanes=8
2026-09-21T04:53:43 SAMPLE   ram=62.9% (10.53GB used, 6.22GB free) cpu=6.0% (15s mean 6.3%) jobs=0 amber=0 queued=0 lanes=8
2026-09-21T04:54:43 SAMPLE   ram=63.0% (10.56GB used, 6.19GB free) cpu=6.4% (15s mean 7.9%) jobs=0 amber=0 queued=0 lanes=8
2026-09-21T04:55:43 SAMPLE   ram=63.0% (10.55GB used, 6.20GB free) cpu=6.0% (15s mean 5.9%) jobs=0 amber=0 queued=0 lanes=8
2026-09-21T04:56:43 SAMPLE   ram=63.0% (10.55GB used, 6.20GB free) cpu=5.9% (15s mean 4.8%) jobs=0 amber=0 queued=0 lanes=8
2026-09-21T04:57:43 SAMPLE   ram=63.1% (10.57GB used, 6.18GB free) cpu=6.0% (15s mean 5.8%) jobs=0 amber=0 queued=0 lanes=8
2026-09-21T04:58:43 SAMPLE   ram=63.2% (10.59GB used, 6.16GB free) cpu=6.9% (15s mean 5.3%) jobs=0 amber=0 queued=0 lanes=8
2026-09-21T04:59:43 SAMPLE   ram=63.5% (10.63GB used, 6.12GB free) cpu=6.8% (15s mean 5.9%) jobs=0 amber=0 queued=0 lanes=8
2026-09-21T05:00:43 SAMPLE   ram=63.4% (10.62GB used, 6.13GB free) cpu=5.9% (15s mean 6.5%) jobs=0 amber=0 queued=0 lanes=8
2026-09-21T05:01:43 SAMPLE   ram=63.5% (10.64GB used, 6.11GB free) cpu=6.3% (15s mean 7.4%) jobs=0 amber=0 queued=0 lanes=8
2026-09-21T05:02:43 SAMPLE   ram=63.0% (10.55GB used, 6.20GB free) cpu=6.8% (15s mean 6.8%) jobs=0 amber=0 queued=0 lanes=8
2026-09-21T05:03:43 SAMPLE   ram=63.2% (10.59GB used, 6.16GB free) cpu=5.4% (15s mean 6.8%) jobs=0 amber=0 queued=0 lanes=8
2026-09-21T05:04:43 SAMPLE   ram=63.5% (10.63GB used, 6.12GB free) cpu=8.5% (15s mean 7.0%) jobs=0 amber=0 queued=0 lanes=8
2026-09-21T05:05:43 SAMPLE   ram=64.0% (10.71GB used, 6.04GB free) cpu=4.1% (15s mean 7.5%) jobs=0 amber=0 queued=0 lanes=8
2026-09-21T05:06:43 SAMPLE   ram=64.1% (10.73GB used, 6.02GB free) cpu=4.8% (15s mean 7.3%) jobs=0 amber=0 queued=0 lanes=8
2026-09-21T05:07:43 SAMPLE   ram=64.0% (10.71GB used, 6.04GB free) cpu=5.4% (15s mean 7.1%) jobs=0 amber=0 queued=0 lanes=8
2026-09-21T05:08:43 SAMPLE   ram=63.9% (10.71GB used, 6.04GB free) cpu=4.4% (15s mean 5.9%) jobs=0 amber=0 queued=0 lanes=8
2026-09-21T05:09:43 SAMPLE   ram=64.2% (10.75GB used, 6.00GB free) cpu=5.6% (15s mean 6.5%) jobs=0 amber=0 queued=0 lanes=8
2026-09-21T05:10:43 SAMPLE   ram=64.1% (10.73GB used, 6.01GB free) cpu=5.8% (15s mean 6.3%) jobs=0 amber=0 queued=0 lanes=8
2026-09-21T05:11:43 SAMPLE   ram=64.1% (10.73GB used, 6.01GB free) cpu=3.8% (15s mean 5.8%) jobs=0 amber=0 queued=0 lanes=8
2026-09-21T05:12:43 SAMPLE   ram=63.7% (10.66GB used, 6.09GB free) cpu=5.3% (15s mean 5.8%) jobs=0 amber=0 queued=0 lanes=8
2026-09-21T05:13:43 SAMPLE   ram=63.9% (10.70GB used, 6.05GB free) cpu=6.8% (15s mean 6.8%) jobs=0 amber=0 queued=0 lanes=8
2026-09-21T05:14:43 SAMPLE   ram=64.0% (10.72GB used, 6.03GB free) cpu=4.3% (15s mean 5.5%) jobs=0 amber=0 queued=0 lanes=8
2026-09-21T05:15:43 SAMPLE   ram=63.8% (10.69GB used, 6.06GB free) cpu=5.5% (15s mean 7.5%) jobs=0 amber=0 queued=0 lanes=8
2026-09-21T05:16:43 SAMPLE   ram=64.0% (10.71GB used, 6.04GB free) cpu=5.3% (15s mean 6.0%) jobs=0 amber=0 queued=0 lanes=8
2026-09-21T05:17:43 SAMPLE   ram=63.9% (10.71GB used, 6.04GB free) cpu=6.7% (15s mean 6.2%) jobs=0 amber=0 queued=0 lanes=8
2026-09-21T05:18:43 SAMPLE   ram=63.9% (10.70GB used, 6.05GB free) cpu=6.7% (15s mean 6.0%) jobs=0 amber=0 queued=0 lanes=8
2026-09-21T05:19:43 SAMPLE   ram=64.2% (10.75GB used, 6.00GB free) cpu=7.2% (15s mean 6.6%) jobs=0 amber=0 queued=0 lanes=8
2026-09-21T05:20:43 SAMPLE   ram=64.1% (10.74GB used, 6.01GB free) cpu=8.1% (15s mean 6.9%) jobs=0 amber=0 queued=0 lanes=8
2026-09-21T05:21:43 SAMPLE   ram=68.2% (11.42GB used, 5.33GB free) cpu=8.8% (15s mean 15.1%) jobs=0 amber=0 queued=0 lanes=8
2026-09-21T05:22:43 SAMPLE   ram=72.0% (12.06GB used, 4.69GB free) cpu=6.7% (15s mean 11.2%) jobs=0 amber=0 queued=0 lanes=8
2026-09-21T05:23:43 SAMPLE   ram=75.2% (12.60GB used, 4.15GB free) cpu=13.8% (15s mean 21.6%) jobs=0 amber=0 queued=0 lanes=8
2026-09-21T05:24:43 SAMPLE   ram=73.6% (12.32GB used, 4.43GB free) cpu=8.8% (15s mean 11.0%) jobs=0 amber=0 queued=0 lanes=8
2026-09-21T05:25:43 SAMPLE   ram=77.6% (13.00GB used, 3.75GB free) cpu=20.6% (15s mean 20.9%) jobs=0 amber=0 queued=0 lanes=8
2026-09-21T05:26:43 SAMPLE   ram=73.7% (12.34GB used, 4.41GB free) cpu=5.8% (15s mean 5.6%) jobs=0 amber=0 queued=0 lanes=8
2026-09-21T05:27:43 SAMPLE   ram=73.6% (12.32GB used, 4.43GB free) cpu=5.1% (15s mean 5.5%) jobs=0 amber=0 queued=0 lanes=8
2026-09-21T05:28:43 SAMPLE   ram=73.7% (12.34GB used, 4.41GB free) cpu=5.6% (15s mean 5.3%) jobs=0 amber=0 queued=0 lanes=8
2026-09-21T05:29:43 SAMPLE   ram=73.7% (12.34GB used, 4.41GB free) cpu=5.9% (15s mean 6.2%) jobs=0 amber=0 queued=0 lanes=8
2026-09-21T05:30:43 SAMPLE   ram=73.6% (12.32GB used, 4.43GB free) cpu=5.5% (15s mean 5.6%) jobs=0 amber=0 queued=0 lanes=8
2026-09-21T05:31:43 SAMPLE   ram=73.2% (12.26GB used, 4.49GB free) cpu=4.8% (15s mean 5.9%) jobs=0 amber=0 queued=0 lanes=8
2026-09-21T05:32:43 SAMPLE   ram=73.5% (12.31GB used, 4.44GB free) cpu=4.9% (15s mean 5.0%) jobs=0 amber=0 queued=0 lanes=8
2026-09-21T05:33:43 SAMPLE   ram=74.3% (12.45GB used, 4.30GB free) cpu=5.1% (15s mean 6.2%) jobs=0 amber=0 queued=0 lanes=8
2026-09-21T05:34:43 SAMPLE   ram=74.8% (12.54GB used, 4.21GB free) cpu=6.2% (15s mean 5.5%) jobs=0 amber=0 queued=0 lanes=8
2026-09-21T05:35:43 SAMPLE   ram=74.8% (12.52GB used, 4.23GB free) cpu=5.3% (15s mean 6.1%) jobs=0 amber=0 queued=0 lanes=8
2026-09-21T05:36:43 SAMPLE   ram=74.1% (12.42GB used, 4.33GB free) cpu=6.4% (15s mean 6.1%) jobs=0 amber=0 queued=0 lanes=8
2026-09-21T05:37:43 SAMPLE   ram=74.1% (12.40GB used, 4.34GB free) cpu=6.3% (15s mean 6.0%) jobs=0 amber=0 queued=0 lanes=8
2026-09-21T05:38:43 SAMPLE   ram=73.7% (12.35GB used, 4.40GB free) cpu=6.9% (15s mean 6.6%) jobs=0 amber=0 queued=0 lanes=8
2026-09-21T05:39:43 SAMPLE   ram=73.8% (12.36GB used, 4.39GB free) cpu=5.1% (15s mean 4.8%) jobs=0 amber=0 queued=0 lanes=8
2026-09-21T05:40:43 SAMPLE   ram=73.8% (12.36GB used, 4.39GB free) cpu=5.3% (15s mean 5.1%) jobs=0 amber=0 queued=0 lanes=8
2026-09-21T05:41:43 SAMPLE   ram=73.8% (12.35GB used, 4.40GB free) cpu=5.7% (15s mean 5.1%) jobs=0 amber=0 queued=0 lanes=8
2026-09-21T05:42:43 SAMPLE   ram=77.8% (13.04GB used, 3.71GB free) cpu=14.0% (15s mean 20.8%) jobs=0 amber=0 queued=0 lanes=8
2026-09-21T05:43:43 SAMPLE   ram=77.0% (12.90GB used, 3.85GB free) cpu=8.1% (15s mean 7.8%) jobs=0 amber=0 queued=0 lanes=8
2026-09-21T05:44:43 SAMPLE   ram=77.4% (12.97GB used, 3.78GB free) cpu=8.5% (15s mean 8.6%) jobs=0 amber=0 queued=0 lanes=8
2026-09-21T05:45:43 SAMPLE   ram=77.8% (13.03GB used, 3.71GB free) cpu=8.7% (15s mean 8.5%) jobs=0 amber=0 queued=0 lanes=8
2026-09-21T05:46:43 SAMPLE   ram=77.3% (12.94GB used, 3.81GB free) cpu=6.6% (15s mean 7.0%) jobs=0 amber=0 queued=0 lanes=8
2026-09-21T05:47:43 SAMPLE   ram=77.0% (12.90GB used, 3.84GB free) cpu=9.2% (15s mean 9.0%) jobs=0 amber=0 queued=0 lanes=8
2026-09-21T05:48:43 SAMPLE   ram=77.8% (13.03GB used, 3.72GB free) cpu=10.4% (15s mean 12.6%) jobs=0 amber=0 queued=0 lanes=8
2026-09-21T05:49:43 SAMPLE   ram=77.7% (13.01GB used, 3.74GB free) cpu=11.1% (15s mean 10.4%) jobs=0 amber=0 queued=0 lanes=8
2026-09-21T05:50:43 SAMPLE   ram=77.4% (12.96GB used, 3.79GB free) cpu=8.3% (15s mean 7.5%) jobs=0 amber=0 queued=0 lanes=8
2026-09-21T05:51:43 SAMPLE   ram=76.4% (12.79GB used, 3.96GB free) cpu=12.0% (15s mean 9.7%) jobs=0 amber=0 queued=0 lanes=8
2026-09-21T05:52:43 SAMPLE   ram=76.6% (12.82GB used, 3.93GB free) cpu=7.5% (15s mean 8.5%) jobs=0 amber=0 queued=0 lanes=8
2026-09-21T05:53:43 SAMPLE   ram=77.2% (12.93GB used, 3.82GB free) cpu=7.1% (15s mean 8.3%) jobs=0 amber=0 queued=0 lanes=8
2026-09-21T05:54:43 SAMPLE   ram=77.1% (12.92GB used, 3.83GB free) cpu=8.4% (15s mean 9.3%) jobs=0 amber=0 queued=0 lanes=8
2026-09-21T05:55:43 SAMPLE   ram=76.8% (12.87GB used, 3.88GB free) cpu=5.8% (15s mean 7.1%) jobs=0 amber=0 queued=0 lanes=8
2026-09-21T05:56:43 SAMPLE   ram=78.3% (13.12GB used, 3.63GB free) cpu=34.7% (15s mean 21.6%) jobs=0 amber=0 queued=0 lanes=8
2026-09-21T05:57:43 SAMPLE   ram=80.3% (13.45GB used, 3.30GB free) cpu=14.4% (15s mean 18.2%) jobs=0 amber=0 queued=0 lanes=8
2026-09-21T05:58:43 SAMPLE   ram=79.5% (13.31GB used, 3.44GB free) cpu=14.7% (15s mean 13.7%) jobs=0 amber=0 queued=0 lanes=8
2026-09-21T05:59:43 SAMPLE   ram=80.6% (13.49GB used, 3.26GB free) cpu=9.5% (15s mean 10.0%) jobs=0 amber=0 queued=0 lanes=8
2026-09-21T06:00:43 SAMPLE   ram=80.7% (13.51GB used, 3.24GB free) cpu=7.9% (15s mean 12.0%) jobs=0 amber=0 queued=0 lanes=8
2026-09-21T06:01:43 SAMPLE   ram=79.9% (13.39GB used, 3.36GB free) cpu=7.3% (15s mean 8.5%) jobs=0 amber=0 queued=0 lanes=8
2026-09-21T06:02:43 SAMPLE   ram=78.0% (13.06GB used, 3.69GB free) cpu=7.7% (15s mean 7.4%) jobs=0 amber=0 queued=0 lanes=8
2026-09-21T06:03:43 SAMPLE   ram=77.7% (13.01GB used, 3.74GB free) cpu=5.4% (15s mean 7.4%) jobs=0 amber=0 queued=0 lanes=8
2026-09-21T06:04:43 SAMPLE   ram=78.0% (13.07GB used, 3.68GB free) cpu=4.9% (15s mean 4.6%) jobs=0 amber=0 queued=0 lanes=8
2026-09-21T06:05:43 SAMPLE   ram=77.6% (13.00GB used, 3.75GB free) cpu=4.9% (15s mean 4.3%) jobs=0 amber=0 queued=0 lanes=8
2026-09-21T06:06:43 SAMPLE   ram=81.8% (13.71GB used, 3.04GB free) cpu=9.1% (15s mean 8.7%) jobs=0 amber=0 queued=0 lanes=8
2026-09-21T06:07:43 SAMPLE   ram=83.2% (13.93GB used, 2.82GB free) cpu=8.6% (15s mean 9.0%) jobs=0 amber=0 queued=0 lanes=8
2026-09-21T06:08:43 SAMPLE   ram=91.4% (15.31GB used, 1.44GB free) cpu=24.0% (15s mean 14.9%) jobs=0 amber=0 queued=0 lanes=8
2026-09-21T06:09:43 SAMPLE   ram=78.3% (13.12GB used, 3.63GB free) cpu=10.5% (15s mean 9.8%) jobs=0 amber=0 queued=0 lanes=8
2026-09-21T06:10:43 SAMPLE   ram=79.2% (13.26GB used, 3.49GB free) cpu=10.5% (15s mean 11.0%) jobs=0 amber=0 queued=0 lanes=8
2026-09-21T06:11:43 SAMPLE   ram=79.2% (13.27GB used, 3.48GB free) cpu=9.8% (15s mean 12.3%) jobs=0 amber=0 queued=0 lanes=8
2026-09-21T06:12:43 SAMPLE   ram=78.3% (13.11GB used, 3.64GB free) cpu=8.8% (15s mean 8.7%) jobs=0 amber=0 queued=0 lanes=8
2026-09-21T06:13:43 SAMPLE   ram=79.2% (13.26GB used, 3.49GB free) cpu=17.2% (15s mean 12.9%) jobs=0 amber=0 queued=0 lanes=8
2026-09-21T06:14:43 SAMPLE   ram=81.0% (13.56GB used, 3.19GB free) cpu=16.7% (15s mean 15.1%) jobs=0 amber=0 queued=0 lanes=8
2026-09-21T06:15:43 SAMPLE   ram=83.3% (13.95GB used, 2.80GB free) cpu=8.5% (15s mean 11.0%) jobs=0 amber=0 queued=0 lanes=8
2026-09-21T06:16:43 SAMPLE   ram=79.8% (13.37GB used, 3.38GB free) cpu=6.3% (15s mean 9.0%) jobs=0 amber=0 queued=0 lanes=8
2026-09-21T06:17:43 SAMPLE   ram=81.3% (13.62GB used, 3.13GB free) cpu=9.1% (15s mean 11.5%) jobs=0 amber=0 queued=0 lanes=8
2026-09-21T06:18:43 SAMPLE   ram=81.6% (13.67GB used, 3.08GB free) cpu=17.1% (15s mean 17.4%) jobs=0 amber=0 queued=0 lanes=8
2026-09-21T06:19:43 SAMPLE   ram=81.8% (13.70GB used, 3.05GB free) cpu=17.4% (15s mean 13.0%) jobs=0 amber=0 queued=0 lanes=8
2026-09-21T06:20:43 SAMPLE   ram=80.4% (13.47GB used, 3.28GB free) cpu=15.6% (15s mean 16.7%) jobs=0 amber=0 queued=0 lanes=8
2026-09-21T06:21:43 SAMPLE   ram=82.8% (13.86GB used, 2.89GB free) cpu=8.5% (15s mean 11.8%) jobs=0 amber=0 queued=0 lanes=8
2026-09-21T06:22:43 SAMPLE   ram=83.2% (13.93GB used, 2.82GB free) cpu=5.9% (15s mean 9.8%) jobs=0 amber=0 queued=0 lanes=8
2026-09-21T06:23:43 SAMPLE   ram=84.2% (14.10GB used, 2.65GB free) cpu=7.0% (15s mean 15.2%) jobs=0 amber=0 queued=0 lanes=8
2026-09-21T06:24:43 SAMPLE   ram=84.2% (14.10GB used, 2.65GB free) cpu=6.2% (15s mean 10.3%) jobs=0 amber=0 queued=0 lanes=8
2026-09-21T06:25:43 SAMPLE   ram=83.1% (13.93GB used, 2.82GB free) cpu=7.9% (15s mean 7.4%) jobs=0 amber=0 queued=0 lanes=8
2026-09-21T06:26:43 SAMPLE   ram=82.5% (13.81GB used, 2.94GB free) cpu=7.3% (15s mean 6.9%) jobs=0 amber=0 queued=0 lanes=8
2026-09-21T06:27:43 SAMPLE   ram=83.3% (13.95GB used, 2.80GB free) cpu=8.3% (15s mean 7.6%) jobs=0 amber=0 queued=0 lanes=8
2026-09-21T06:28:43 SAMPLE   ram=86.6% (14.51GB used, 2.24GB free) cpu=8.1% (15s mean 7.1%) jobs=0 amber=0 queued=0 lanes=8
2026-09-21T06:29:43 SAMPLE   ram=88.3% (14.78GB used, 1.97GB free) cpu=10.1% (15s mean 11.0%) jobs=0 amber=0 queued=0 lanes=8
2026-09-21T06:30:43 SAMPLE   ram=88.3% (14.80GB used, 1.95GB free) cpu=11.0% (15s mean 11.7%) jobs=0 amber=0 queued=0 lanes=8
2026-09-21T06:31:43 SAMPLE   ram=88.5% (14.82GB used, 1.93GB free) cpu=11.6% (15s mean 11.6%) jobs=0 amber=0 queued=0 lanes=8
2026-09-21T06:32:43 SAMPLE   ram=87.2% (14.60GB used, 2.15GB free) cpu=12.1% (15s mean 11.6%) jobs=0 amber=0 queued=0 lanes=8
2026-09-21T06:33:43 SAMPLE   ram=86.1% (14.43GB used, 2.32GB free) cpu=11.2% (15s mean 11.4%) jobs=0 amber=0 queued=0 lanes=8
2026-09-21T06:34:43 SAMPLE   ram=85.9% (14.38GB used, 2.37GB free) cpu=11.5% (15s mean 10.5%) jobs=0 amber=0 queued=0 lanes=8
2026-09-21T06:35:43 SAMPLE   ram=86.0% (14.40GB used, 2.35GB free) cpu=11.7% (15s mean 10.4%) jobs=0 amber=0 queued=0 lanes=8
2026-09-21T06:36:43 SAMPLE   ram=85.6% (14.34GB used, 2.41GB free) cpu=8.2% (15s mean 9.2%) jobs=0 amber=0 queued=0 lanes=8
2026-09-21T06:37:43 SAMPLE   ram=85.0% (14.24GB used, 2.51GB free) cpu=8.6% (15s mean 13.7%) jobs=0 amber=0 queued=0 lanes=8
2026-09-21T06:38:43 SAMPLE   ram=84.1% (14.08GB used, 2.67GB free) cpu=13.4% (15s mean 10.5%) jobs=0 amber=0 queued=0 lanes=8
2026-09-21T06:39:43 SAMPLE   ram=83.7% (14.02GB used, 2.73GB free) cpu=6.8% (15s mean 6.4%) jobs=0 amber=0 queued=0 lanes=8
2026-09-21T06:40:43 SAMPLE   ram=83.2% (13.94GB used, 2.81GB free) cpu=6.1% (15s mean 6.6%) jobs=0 amber=0 queued=0 lanes=8
2026-09-21T06:41:43 SAMPLE   ram=83.6% (14.00GB used, 2.75GB free) cpu=6.5% (15s mean 7.9%) jobs=0 amber=0 queued=0 lanes=8
2026-09-21T06:42:43 SAMPLE   ram=82.3% (13.79GB used, 2.96GB free) cpu=8.4% (15s mean 10.9%) jobs=0 amber=0 queued=0 lanes=8
2026-09-21T06:43:43 SAMPLE   ram=83.3% (13.95GB used, 2.80GB free) cpu=20.1% (15s mean 16.0%) jobs=0 amber=0 queued=0 lanes=8
2026-09-21T06:44:43 SAMPLE   ram=85.7% (14.35GB used, 2.40GB free) cpu=15.1% (15s mean 16.8%) jobs=0 amber=0 queued=0 lanes=8
2026-09-21T06:45:43 SAMPLE   ram=84.0% (14.08GB used, 2.67GB free) cpu=13.7% (15s mean 13.6%) jobs=0 amber=0 queued=0 lanes=8
2026-09-21T06:46:43 SAMPLE   ram=83.6% (14.00GB used, 2.75GB free) cpu=11.4% (15s mean 11.0%) jobs=0 amber=0 queued=0 lanes=8
2026-09-21T06:47:43 SAMPLE   ram=82.8% (13.87GB used, 2.88GB free) cpu=12.1% (15s mean 11.5%) jobs=0 amber=0 queued=0 lanes=8
2026-09-21T06:48:43 SAMPLE   ram=83.1% (13.92GB used, 2.83GB free) cpu=10.1% (15s mean 10.4%) jobs=0 amber=0 queued=0 lanes=8
2026-09-21T06:49:43 SAMPLE   ram=83.2% (13.93GB used, 2.82GB free) cpu=12.1% (15s mean 11.1%) jobs=0 amber=0 queued=0 lanes=8
2026-09-21T06:50:43 SAMPLE   ram=83.6% (14.01GB used, 2.74GB free) cpu=15.3% (15s mean 9.1%) jobs=0 amber=0 queued=0 lanes=8
2026-09-21T06:51:43 SAMPLE   ram=83.4% (13.97GB used, 2.78GB free) cpu=8.9% (15s mean 9.0%) jobs=0 amber=0 queued=0 lanes=8
2026-09-21T06:52:43 SAMPLE   ram=82.9% (13.88GB used, 2.87GB free) cpu=6.3% (15s mean 13.0%) jobs=0 amber=0 queued=0 lanes=8
2026-09-21T06:53:43 SAMPLE   ram=81.6% (13.66GB used, 3.08GB free) cpu=7.4% (15s mean 6.4%) jobs=0 amber=0 queued=0 lanes=8
2026-09-21T06:54:43 SAMPLE   ram=82.3% (13.79GB used, 2.96GB free) cpu=10.9% (15s mean 8.9%) jobs=0 amber=0 queued=0 lanes=8
2026-09-21T06:55:43 SAMPLE   ram=82.5% (13.82GB used, 2.93GB free) cpu=7.2% (15s mean 8.1%) jobs=0 amber=0 queued=0 lanes=8
2026-09-21T06:56:43 SAMPLE   ram=82.2% (13.76GB used, 2.99GB free) cpu=6.3% (15s mean 5.2%) jobs=0 amber=0 queued=0 lanes=8
2026-09-21T06:57:43 SAMPLE   ram=80.7% (13.52GB used, 3.23GB free) cpu=6.5% (15s mean 6.5%) jobs=0 amber=0 queued=0 lanes=8
2026-09-21T06:58:43 SAMPLE   ram=85.0% (14.24GB used, 2.51GB free) cpu=14.0% (15s mean 9.6%) jobs=0 amber=0 queued=0 lanes=8
2026-09-21T06:59:43 SAMPLE   ram=83.6% (14.01GB used, 2.74GB free) cpu=6.8% (15s mean 6.5%) jobs=0 amber=0 queued=0 lanes=8
2026-09-21T07:00:43 SAMPLE   ram=84.4% (14.13GB used, 2.62GB free) cpu=7.8% (15s mean 7.2%) jobs=0 amber=0 queued=0 lanes=8
2026-09-21T07:01:43 SAMPLE   ram=85.5% (14.32GB used, 2.42GB free) cpu=6.7% (15s mean 7.4%) jobs=0 amber=0 queued=0 lanes=8
2026-09-21T07:02:43 SAMPLE   ram=84.0% (14.07GB used, 2.68GB free) cpu=7.1% (15s mean 7.7%) jobs=0 amber=0 queued=0 lanes=8
2026-09-21T07:03:43 SAMPLE   ram=83.9% (14.04GB used, 2.71GB free) cpu=6.9% (15s mean 7.0%) jobs=0 amber=0 queued=0 lanes=8
2026-09-21T07:04:43 SAMPLE   ram=80.3% (13.45GB used, 3.30GB free) cpu=18.6% (15s mean 16.3%) jobs=0 amber=0 queued=0 lanes=8
2026-09-21T07:05:43 SAMPLE   ram=81.7% (13.68GB used, 3.07GB free) cpu=35.2% (15s mean 27.2%) jobs=0 amber=0 queued=0 lanes=8
2026-09-21T07:06:43 SAMPLE   ram=84.0% (14.06GB used, 2.69GB free) cpu=14.6% (15s mean 17.8%) jobs=0 amber=0 queued=0 lanes=8
2026-09-21T07:07:43 SAMPLE   ram=84.5% (14.16GB used, 2.59GB free) cpu=24.2% (15s mean 33.6%) jobs=0 amber=0 queued=0 lanes=8
2026-09-21T07:08:43 SAMPLE   ram=85.5% (14.32GB used, 2.43GB free) cpu=14.7% (15s mean 13.6%) jobs=0 amber=0 queued=0 lanes=8
2026-09-21T07:09:43 SAMPLE   ram=81.9% (13.72GB used, 3.03GB free) cpu=7.9% (15s mean 7.4%) jobs=0 amber=0 queued=0 lanes=8
2026-09-21T07:12:17 SAMPLE   ram=81.9% (13.72GB used, 3.02GB free) cpu=2.7% (15s mean 8.9%) jobs=0 amber=0 queued=0 lanes=8
2026-09-21T07:13:17 SAMPLE   ram=89.3% (14.96GB used, 1.79GB free) cpu=11.9% (15s mean 12.5%) jobs=0 amber=0 queued=0 lanes=8
2026-09-21T07:14:17 SAMPLE   ram=85.9% (14.39GB used, 2.36GB free) cpu=10.2% (15s mean 10.1%) jobs=0 amber=0 queued=0 lanes=8
2026-09-21T07:15:17 SAMPLE   ram=85.9% (14.39GB used, 2.36GB free) cpu=10.3% (15s mean 11.6%) jobs=0 amber=0 queued=0 lanes=8
2026-09-21T07:16:17 SAMPLE   ram=86.1% (14.43GB used, 2.32GB free) cpu=12.3% (15s mean 10.7%) jobs=0 amber=0 queued=0 lanes=8
2026-09-21T07:17:17 SAMPLE   ram=85.7% (14.36GB used, 2.39GB free) cpu=12.9% (15s mean 11.0%) jobs=0 amber=0 queued=0 lanes=8
2026-09-21T07:18:17 SAMPLE   ram=85.4% (14.31GB used, 2.44GB free) cpu=12.0% (15s mean 11.6%) jobs=0 amber=0 queued=0 lanes=8
2026-09-21T07:19:17 SAMPLE   ram=86.8% (14.53GB used, 2.22GB free) cpu=12.5% (15s mean 12.2%) jobs=0 amber=0 queued=0 lanes=8
2026-09-21T07:20:17 SAMPLE   ram=86.7% (14.52GB used, 2.23GB free) cpu=10.9% (15s mean 11.5%) jobs=0 amber=0 queued=0 lanes=8
2026-09-21T07:21:17 SAMPLE   ram=84.5% (14.16GB used, 2.59GB free) cpu=10.9% (15s mean 13.5%) jobs=0 amber=0 queued=0 lanes=8
2026-09-21T07:22:17 SAMPLE   ram=84.4% (14.14GB used, 2.61GB free) cpu=10.2% (15s mean 11.6%) jobs=0 amber=0 queued=0 lanes=8
2026-09-21T07:23:17 SAMPLE   ram=84.5% (14.15GB used, 2.60GB free) cpu=10.2% (15s mean 9.2%) jobs=0 amber=0 queued=0 lanes=8
2026-09-21T07:24:17 SAMPLE   ram=84.6% (14.17GB used, 2.58GB free) cpu=9.8% (15s mean 11.4%) jobs=0 amber=0 queued=0 lanes=8
2026-09-21T07:25:17 SAMPLE   ram=85.7% (14.35GB used, 2.40GB free) cpu=13.5% (15s mean 12.8%) jobs=0 amber=0 queued=0 lanes=8
2026-09-21T07:26:17 SAMPLE   ram=85.1% (14.25GB used, 2.50GB free) cpu=9.2% (15s mean 9.4%) jobs=0 amber=0 queued=0 lanes=8
2026-09-21T07:27:17 SAMPLE   ram=85.4% (14.31GB used, 2.44GB free) cpu=8.2% (15s mean 8.9%) jobs=0 amber=0 queued=0 lanes=8
2026-09-21T07:28:17 SAMPLE   ram=85.4% (14.30GB used, 2.45GB free) cpu=6.4% (15s mean 9.5%) jobs=0 amber=0 queued=0 lanes=8
2026-09-21T07:29:17 SAMPLE   ram=85.4% (14.31GB used, 2.44GB free) cpu=8.1% (15s mean 8.6%) jobs=0 amber=0 queued=0 lanes=8
2026-09-21T07:30:17 SAMPLE   ram=85.3% (14.29GB used, 2.46GB free) cpu=6.7% (15s mean 6.8%) jobs=0 amber=0 queued=0 lanes=8
2026-09-21T07:31:17 SAMPLE   ram=85.1% (14.26GB used, 2.49GB free) cpu=7.9% (15s mean 7.9%) jobs=0 amber=0 queued=0 lanes=8
2026-09-21T07:32:17 SAMPLE   ram=82.7% (13.85GB used, 2.90GB free) cpu=5.6% (15s mean 6.5%) jobs=0 amber=0 queued=0 lanes=8
2026-09-21T07:33:17 SAMPLE   ram=81.9% (13.71GB used, 3.04GB free) cpu=4.9% (15s mean 4.9%) jobs=0 amber=0 queued=0 lanes=8
2026-09-21T07:34:17 SAMPLE   ram=81.4% (13.63GB used, 3.12GB free) cpu=6.3% (15s mean 6.0%) jobs=0 amber=0 queued=0 lanes=8
2026-09-21T07:35:17 SAMPLE   ram=81.0% (13.56GB used, 3.18GB free) cpu=4.2% (15s mean 5.2%) jobs=0 amber=0 queued=0 lanes=8
2026-09-21T07:36:17 SAMPLE   ram=81.0% (13.57GB used, 3.17GB free) cpu=6.6% (15s mean 7.3%) jobs=0 amber=0 queued=0 lanes=8
2026-09-21T07:37:17 SAMPLE   ram=87.3% (14.62GB used, 2.13GB free) cpu=10.8% (15s mean 9.9%) jobs=0 amber=0 queued=0 lanes=8
2026-09-21T07:38:17 SAMPLE   ram=93.1% (15.60GB used, 1.15GB free) cpu=5.0% (15s mean 7.6%) jobs=0 amber=0 queued=0 lanes=8
2026-09-21T07:39:17 SAMPLE   ram=96.2% (16.11GB used, 0.64GB free) cpu=33.0% (15s mean 27.7%) jobs=0 amber=0 queued=0 lanes=8
2026-09-21T07:40:07 WARN     ram at 95.3% with no registered jobs: the pressure is outside the campaign's processes
2026-09-21T07:40:17 SAMPLE   ram=95.3% (15.97GB used, 0.78GB free) cpu=11.4% (15s mean 11.4%) jobs=0 amber=0 queued=0 lanes=8
2026-09-21T07:41:07 WARN     ram at 95.6% with no registered jobs: the pressure is outside the campaign's processes
2026-09-21T07:41:17 SAMPLE   ram=95.4% (15.98GB used, 0.77GB free) cpu=7.8% (15s mean 8.8%) jobs=0 amber=0 queued=0 lanes=8
2026-09-21T07:42:17 SAMPLE   ram=89.9% (15.07GB used, 1.68GB free) cpu=20.3% (15s mean 19.6%) jobs=0 amber=0 queued=0 lanes=8
2026-09-21T07:43:17 SAMPLE   ram=92.4% (15.47GB used, 1.28GB free) cpu=26.7% (15s mean 21.6%) jobs=0 amber=0 queued=0 lanes=8
2026-09-21T07:44:17 SAMPLE   ram=82.7% (13.86GB used, 2.89GB free) cpu=14.5% (15s mean 10.6%) jobs=0 amber=0 queued=0 lanes=8
2026-09-21T07:45:17 SAMPLE   ram=82.5% (13.81GB used, 2.94GB free) cpu=7.5% (15s mean 8.8%) jobs=0 amber=0 queued=0 lanes=8
2026-09-21T07:46:17 SAMPLE   ram=82.9% (13.89GB used, 2.86GB free) cpu=8.5% (15s mean 8.8%) jobs=0 amber=0 queued=0 lanes=8
2026-09-21T07:47:17 SAMPLE   ram=82.0% (13.73GB used, 3.02GB free) cpu=8.4% (15s mean 9.3%) jobs=0 amber=0 queued=0 lanes=8
2026-09-21T07:48:17 SAMPLE   ram=81.8% (13.71GB used, 3.04GB free) cpu=8.8% (15s mean 9.2%) jobs=0 amber=0 queued=0 lanes=8
2026-09-21T07:49:17 SAMPLE   ram=81.7% (13.68GB used, 3.07GB free) cpu=39.7% (15s mean 26.9%) jobs=0 amber=0 queued=0 lanes=8
2026-09-21T07:50:17 SAMPLE   ram=81.6% (13.67GB used, 3.08GB free) cpu=18.7% (15s mean 19.8%) jobs=0 amber=0 queued=0 lanes=8
2026-09-21T07:51:17 SAMPLE   ram=82.0% (13.74GB used, 3.01GB free) cpu=19.4% (15s mean 20.3%) jobs=0 amber=0 queued=0 lanes=8
2026-09-21T07:52:17 SAMPLE   ram=73.4% (12.30GB used, 4.45GB free) cpu=5.6% (15s mean 6.7%) jobs=0 amber=0 queued=0 lanes=8
2026-09-21T07:53:17 SAMPLE   ram=72.3% (12.11GB used, 4.64GB free) cpu=6.7% (15s mean 6.0%) jobs=0 amber=0 queued=0 lanes=8
2026-09-21T07:54:17 SAMPLE   ram=72.7% (12.18GB used, 4.57GB free) cpu=8.6% (15s mean 10.6%) jobs=0 amber=0 queued=0 lanes=8
2026-09-21T07:55:17 SAMPLE   ram=72.6% (12.17GB used, 4.58GB free) cpu=13.1% (15s mean 10.6%) jobs=0 amber=0 queued=0 lanes=8
2026-09-21T07:56:17 SAMPLE   ram=72.4% (12.12GB used, 4.63GB free) cpu=10.6% (15s mean 8.3%) jobs=0 amber=0 queued=0 lanes=8
2026-09-21T07:57:17 SAMPLE   ram=72.0% (12.06GB used, 4.69GB free) cpu=8.7% (15s mean 7.3%) jobs=0 amber=0 queued=0 lanes=8
2026-09-21T07:58:17 SAMPLE   ram=72.5% (12.14GB used, 4.61GB free) cpu=8.5% (15s mean 8.1%) jobs=0 amber=0 queued=0 lanes=8
2026-09-21T07:59:17 SAMPLE   ram=73.3% (12.27GB used, 4.48GB free) cpu=13.6% (15s mean 14.0%) jobs=0 amber=0 queued=0 lanes=8
2026-09-21T08:00:17 SAMPLE   ram=72.6% (12.15GB used, 4.60GB free) cpu=11.1% (15s mean 11.6%) jobs=0 amber=0 queued=0 lanes=8
2026-09-21T08:01:17 SAMPLE   ram=72.7% (12.18GB used, 4.57GB free) cpu=8.0% (15s mean 12.4%) jobs=0 amber=0 queued=0 lanes=8
2026-09-21T08:02:17 SAMPLE   ram=72.5% (12.15GB used, 4.60GB free) cpu=13.0% (15s mean 13.0%) jobs=0 amber=0 queued=0 lanes=8
2026-09-21T08:03:17 SAMPLE   ram=74.5% (12.48GB used, 4.27GB free) cpu=62.2% (15s mean 59.7%) jobs=0 amber=0 queued=0 lanes=8
2026-09-21T08:04:17 SAMPLE   ram=75.0% (12.56GB used, 4.19GB free) cpu=75.4% (15s mean 68.8%) jobs=0 amber=0 queued=0 lanes=8
2026-09-21T08:05:17 SAMPLE   ram=75.6% (12.67GB used, 4.08GB free) cpu=55.2% (15s mean 53.9%) jobs=0 amber=0 queued=0 lanes=8
2026-09-21T08:06:17 SAMPLE   ram=73.4% (12.29GB used, 4.46GB free) cpu=25.7% (15s mean 25.6%) jobs=0 amber=0 queued=0 lanes=8
2026-09-21T08:07:17 SAMPLE   ram=73.7% (12.34GB used, 4.41GB free) cpu=28.7% (15s mean 37.9%) jobs=0 amber=0 queued=0 lanes=8
2026-09-21T08:08:17 SAMPLE   ram=75.1% (12.57GB used, 4.18GB free) cpu=77.5% (15s mean 85.6%) jobs=0 amber=0 queued=0 lanes=8
2026-09-21T08:09:17 SAMPLE   ram=74.8% (12.53GB used, 4.22GB free) cpu=86.2% (15s mean 83.4%) jobs=0 amber=0 queued=0 lanes=8
2026-09-21T08:10:18 SAMPLE   ram=79.5% (13.32GB used, 3.43GB free) cpu=100.0% (15s mean 97.6%) jobs=6 amber=0 queued=0 lanes=8
2026-09-21T08:11:18 SAMPLE   ram=81.6% (13.66GB used, 3.09GB free) cpu=100.0% (15s mean 100.0%) jobs=6 amber=0 queued=0 lanes=8
2026-09-21T08:12:18 SAMPLE   ram=82.3% (13.78GB used, 2.97GB free) cpu=100.0% (15s mean 100.0%) jobs=6 amber=0 queued=0 lanes=8
2026-09-21T08:13:18 SAMPLE   ram=81.2% (13.59GB used, 3.16GB free) cpu=100.0% (15s mean 100.0%) jobs=6 amber=0 queued=0 lanes=8
2026-09-21T08:14:19 SAMPLE   ram=83.5% (13.98GB used, 2.77GB free) cpu=100.0% (15s mean 100.0%) jobs=7 amber=1 queued=0 lanes=8
2026-09-21T08:15:19 SAMPLE   ram=82.4% (13.79GB used, 2.96GB free) cpu=100.0% (15s mean 100.0%) jobs=8 amber=1 queued=0 lanes=8
2026-09-21T08:16:19 SAMPLE   ram=81.3% (13.61GB used, 3.14GB free) cpu=100.0% (15s mean 100.0%) jobs=8 amber=1 queued=0 lanes=8
2026-09-21T08:17:20 SAMPLE   ram=82.8% (13.87GB used, 2.88GB free) cpu=100.0% (15s mean 100.0%) jobs=8 amber=1 queued=0 lanes=8
2026-09-21T08:18:20 SAMPLE   ram=83.0% (13.90GB used, 2.85GB free) cpu=100.0% (15s mean 100.0%) jobs=8 amber=1 queued=0 lanes=8
2026-09-21T08:19:20 SAMPLE   ram=82.6% (13.83GB used, 2.92GB free) cpu=100.0% (15s mean 100.0%) jobs=8 amber=1 queued=0 lanes=8
2026-09-21T08:20:21 SAMPLE   ram=83.4% (13.98GB used, 2.77GB free) cpu=100.0% (15s mean 100.0%) jobs=8 amber=1 queued=0 lanes=8
2026-09-21T08:21:21 SAMPLE   ram=83.9% (14.05GB used, 2.70GB free) cpu=100.0% (15s mean 100.0%) jobs=8 amber=1 queued=0 lanes=8
2026-09-21T08:22:22 SAMPLE   ram=82.0% (13.73GB used, 3.02GB free) cpu=100.0% (15s mean 100.0%) jobs=8 amber=0 queued=0 lanes=8
2026-09-21T08:23:22 SAMPLE   ram=83.2% (13.94GB used, 2.81GB free) cpu=100.0% (15s mean 100.0%) jobs=8 amber=0 queued=0 lanes=8
2026-09-21T08:24:22 SAMPLE   ram=83.1% (13.92GB used, 2.83GB free) cpu=100.0% (15s mean 100.0%) jobs=8 amber=0 queued=0 lanes=8
2026-09-21T08:25:23 SAMPLE   ram=83.3% (13.96GB used, 2.79GB free) cpu=100.0% (15s mean 100.0%) jobs=8 amber=0 queued=0 lanes=8
2026-09-21T08:26:23 SAMPLE   ram=83.8% (14.03GB used, 2.72GB free) cpu=100.0% (15s mean 100.0%) jobs=8 amber=0 queued=0 lanes=8
2026-09-21T08:27:23 SAMPLE   ram=83.4% (13.96GB used, 2.79GB free) cpu=100.0% (15s mean 100.0%) jobs=8 amber=0 queued=0 lanes=8
2026-09-21T08:28:23 SAMPLE   ram=80.9% (13.56GB used, 3.19GB free) cpu=100.0% (15s mean 100.0%) jobs=8 amber=0 queued=0 lanes=8
2026-09-21T08:29:24 SAMPLE   ram=81.3% (13.62GB used, 3.13GB free) cpu=100.0% (15s mean 100.0%) jobs=8 amber=0 queued=0 lanes=8
2026-09-21T08:30:24 SAMPLE   ram=81.4% (13.63GB used, 3.12GB free) cpu=100.0% (15s mean 100.0%) jobs=8 amber=0 queued=0 lanes=8
2026-09-21T08:31:24 SAMPLE   ram=83.0% (13.90GB used, 2.85GB free) cpu=100.0% (15s mean 100.0%) jobs=8 amber=0 queued=0 lanes=8
2026-09-21T08:32:25 SAMPLE   ram=83.1% (13.93GB used, 2.82GB free) cpu=100.0% (15s mean 100.0%) jobs=8 amber=0 queued=0 lanes=8
2026-09-21T08:33:25 SAMPLE   ram=83.7% (14.02GB used, 2.73GB free) cpu=100.0% (15s mean 100.0%) jobs=8 amber=0 queued=0 lanes=8
2026-09-21T08:33:57 WARN     could not replace governor_state.json after 8 attempts (a reader holds it); snapshot skipped
2026-09-21T08:34:25 SAMPLE   ram=83.2% (13.94GB used, 2.81GB free) cpu=99.9% (15s mean 100.0%) jobs=8 amber=0 queued=0 lanes=8
2026-09-21T08:34:45 REAP     R_branch_4 (pid 35792) is gone; registration removed
2026-09-21T08:34:45 REAP     R_branch_5 (pid 16880) is gone; registration removed
2026-09-21T08:35:26 SAMPLE   ram=83.2% (13.94GB used, 2.81GB free) cpu=100.0% (15s mean 100.0%) jobs=9 amber=0 queued=0 lanes=8
2026-09-21T08:36:26 SAMPLE   ram=83.3% (13.95GB used, 2.80GB free) cpu=100.0% (15s mean 100.0%) jobs=9 amber=0 queued=0 lanes=8
2026-09-21T08:37:27 SAMPLE   ram=83.1% (13.92GB used, 2.83GB free) cpu=100.0% (15s mean 100.0%) jobs=9 amber=0 queued=0 lanes=8
2026-09-21T08:38:27 SAMPLE   ram=83.7% (14.01GB used, 2.74GB free) cpu=100.0% (15s mean 100.0%) jobs=9 amber=0 queued=0 lanes=8
2026-09-21T08:39:27 SAMPLE   ram=81.7% (13.69GB used, 3.06GB free) cpu=100.0% (15s mean 100.0%) jobs=9 amber=0 queued=0 lanes=8
2026-09-21T08:40:28 SAMPLE   ram=81.5% (13.65GB used, 3.10GB free) cpu=100.0% (15s mean 100.0%) jobs=9 amber=0 queued=0 lanes=8
2026-09-21T08:41:28 SAMPLE   ram=82.4% (13.80GB used, 2.95GB free) cpu=100.0% (15s mean 100.0%) jobs=9 amber=0 queued=0 lanes=8
2026-09-21T08:42:29 SAMPLE   ram=85.6% (14.34GB used, 2.41GB free) cpu=100.0% (15s mean 100.0%) jobs=9 amber=0 queued=0 lanes=8
2026-09-21T08:43:29 SAMPLE   ram=84.3% (14.12GB used, 2.63GB free) cpu=100.0% (15s mean 100.0%) jobs=9 amber=0 queued=0 lanes=8
2026-09-21T08:44:29 SAMPLE   ram=85.3% (14.28GB used, 2.47GB free) cpu=100.0% (15s mean 100.0%) jobs=9 amber=0 queued=0 lanes=8
2026-09-21T08:45:17 WARN     could not replace governor_state.json after 8 attempts (a reader holds it); snapshot skipped
2026-09-21T08:45:30 SAMPLE   ram=84.9% (14.23GB used, 2.52GB free) cpu=100.0% (15s mean 100.0%) jobs=9 amber=0 queued=0 lanes=8
2026-09-21T08:46:30 SAMPLE   ram=84.9% (14.23GB used, 2.52GB free) cpu=100.0% (15s mean 100.0%) jobs=9 amber=0 queued=0 lanes=8
2026-09-21T08:46:53 WARN     could not replace governor_state.json after 8 attempts (a reader holds it); snapshot skipped
2026-09-21T08:47:31 SAMPLE   ram=85.5% (14.32GB used, 2.43GB free) cpu=100.0% (15s mean 100.0%) jobs=9 amber=0 queued=0 lanes=8
2026-09-21T08:47:43 WARN     could not replace governor_state.json after 8 attempts (a reader holds it); snapshot skipped
2026-09-21T08:48:31 SAMPLE   ram=84.3% (14.12GB used, 2.63GB free) cpu=100.0% (15s mean 100.0%) jobs=9 amber=0 queued=0 lanes=8
2026-09-21T08:48:38 WARN     could not replace governor_state.json after 8 attempts (a reader holds it); snapshot skipped
2026-09-21T08:48:49 WARN     could not replace governor_state.json after 8 attempts (a reader holds it); snapshot skipped
2026-09-21T08:49:32 SAMPLE   ram=82.9% (13.88GB used, 2.87GB free) cpu=100.0% (15s mean 100.0%) jobs=9 amber=0 queued=0 lanes=8
2026-09-21T08:50:32 SAMPLE   ram=82.5% (13.81GB used, 2.94GB free) cpu=100.0% (15s mean 100.0%) jobs=9 amber=0 queued=0 lanes=8
2026-09-21T08:50:44 WARN     could not replace governor_state.json after 8 attempts (a reader holds it); snapshot skipped
2026-09-21T08:51:32 SAMPLE   ram=82.8% (13.87GB used, 2.88GB free) cpu=100.0% (15s mean 100.0%) jobs=9 amber=0 queued=0 lanes=8
2026-09-21T08:52:33 SAMPLE   ram=83.4% (13.97GB used, 2.78GB free) cpu=100.0% (15s mean 100.0%) jobs=9 amber=0 queued=0 lanes=8
2026-09-21T08:53:33 SAMPLE   ram=83.1% (13.91GB used, 2.84GB free) cpu=100.0% (15s mean 100.0%) jobs=8 amber=0 queued=0 lanes=8
2026-09-21T08:54:34 SAMPLE   ram=85.2% (14.26GB used, 2.49GB free) cpu=100.0% (15s mean 100.0%) jobs=8 amber=0 queued=0 lanes=8
2026-09-21T08:55:34 SAMPLE   ram=83.8% (14.04GB used, 2.71GB free) cpu=100.0% (15s mean 100.0%) jobs=8 amber=0 queued=0 lanes=8
2026-09-21T08:56:16 WARN     could not replace governor_state.json after 8 attempts (a reader holds it); snapshot skipped
2026-09-21T08:56:35 SAMPLE   ram=85.1% (14.25GB used, 2.50GB free) cpu=100.0% (15s mean 100.0%) jobs=8 amber=0 queued=0 lanes=8
2026-09-21T08:56:54 REAP     R_branch_2 (pid 25732) is gone; registration removed
2026-09-21T08:57:35 SAMPLE   ram=83.6% (14.00GB used, 2.75GB free) cpu=100.0% (15s mean 100.0%) jobs=8 amber=0 queued=0 lanes=8
2026-09-21T08:58:35 SAMPLE   ram=83.4% (13.98GB used, 2.77GB free) cpu=100.0% (15s mean 100.0%) jobs=8 amber=0 queued=0 lanes=8
2026-09-21T08:59:02 WARN     could not replace governor_state.json after 8 attempts (a reader holds it); snapshot skipped
2026-09-21T08:59:17 WARN     could not replace governor_state.json after 8 attempts (a reader holds it); snapshot skipped
2026-09-21T08:59:35 SAMPLE   ram=82.0% (13.73GB used, 3.02GB free) cpu=100.0% (15s mean 100.0%) jobs=8 amber=0 queued=0 lanes=8
2026-09-21T09:00:35 SAMPLE   ram=81.9% (13.72GB used, 3.03GB free) cpu=100.0% (15s mean 100.0%) jobs=8 amber=0 queued=0 lanes=8
2026-09-21T09:01:36 SAMPLE   ram=82.1% (13.76GB used, 2.99GB free) cpu=100.0% (15s mean 100.0%) jobs=8 amber=0 queued=0 lanes=8
2026-09-21T09:02:36 SAMPLE   ram=82.6% (13.83GB used, 2.92GB free) cpu=100.0% (15s mean 100.0%) jobs=8 amber=0 queued=0 lanes=8
2026-09-21T09:03:36 SAMPLE   ram=82.8% (13.86GB used, 2.89GB free) cpu=100.0% (15s mean 100.0%) jobs=8 amber=0 queued=0 lanes=8
2026-09-21T09:04:36 SAMPLE   ram=83.0% (13.90GB used, 2.85GB free) cpu=100.0% (15s mean 100.0%) jobs=8 amber=0 queued=0 lanes=8
2026-09-21T09:04:41 REAP     P_rand_1 (pid 25196) is gone; registration removed
2026-09-21T09:04:41 REAP     P_rand_2 (pid 25960) is gone; registration removed
2026-09-21T09:05:38 SAMPLE   ram=83.6% (14.00GB used, 2.75GB free) cpu=100.0% (15s mean 100.0%) jobs=8 amber=0 queued=0 lanes=8
2026-09-21T09:06:37 SAMPLE   ram=84.4% (14.14GB used, 2.61GB free) cpu=100.0% (15s mean 100.0%) jobs=8 amber=0 queued=0 lanes=8
2026-09-21T09:07:19 WARN     could not replace governor_state.json after 8 attempts (a reader holds it); snapshot skipped
2026-09-21T09:07:37 SAMPLE   ram=84.3% (14.12GB used, 2.63GB free) cpu=100.0% (15s mean 100.0%) jobs=8 amber=0 queued=0 lanes=8
2026-09-21T09:08:38 SAMPLE   ram=84.2% (14.10GB used, 2.65GB free) cpu=100.0% (15s mean 100.0%) jobs=8 amber=0 queued=0 lanes=8
2026-09-21T09:09:38 SAMPLE   ram=85.4% (14.30GB used, 2.45GB free) cpu=100.0% (15s mean 100.0%) jobs=8 amber=0 queued=0 lanes=8
2026-09-21T09:10:39 SAMPLE   ram=83.7% (14.01GB used, 2.74GB free) cpu=100.0% (15s mean 100.0%) jobs=8 amber=0 queued=0 lanes=8
2026-09-21T09:11:39 SAMPLE   ram=85.5% (14.32GB used, 2.42GB free) cpu=100.0% (15s mean 100.0%) jobs=8 amber=0 queued=0 lanes=8
2026-09-21T09:12:39 SAMPLE   ram=84.1% (14.08GB used, 2.67GB free) cpu=100.0% (15s mean 100.0%) jobs=8 amber=0 queued=0 lanes=8
2026-09-21T09:13:40 SAMPLE   ram=84.1% (14.09GB used, 2.66GB free) cpu=100.0% (15s mean 100.0%) jobs=8 amber=0 queued=0 lanes=8
2026-09-21T09:14:40 SAMPLE   ram=86.4% (14.46GB used, 2.28GB free) cpu=100.0% (15s mean 100.0%) jobs=8 amber=0 queued=0 lanes=8
2026-09-21T09:15:40 SAMPLE   ram=85.9% (14.38GB used, 2.37GB free) cpu=100.0% (15s mean 100.0%) jobs=8 amber=0 queued=0 lanes=8
2026-09-21T09:16:41 SAMPLE   ram=86.7% (14.51GB used, 2.23GB free) cpu=100.0% (15s mean 100.0%) jobs=8 amber=0 queued=0 lanes=8
2026-09-21T09:17:41 SAMPLE   ram=84.5% (14.15GB used, 2.60GB free) cpu=100.0% (15s mean 100.0%) jobs=8 amber=0 queued=0 lanes=8
2026-09-21T09:18:41 SAMPLE   ram=86.4% (14.48GB used, 2.27GB free) cpu=100.0% (15s mean 100.0%) jobs=8 amber=0 queued=0 lanes=8
2026-09-21T09:19:42 SAMPLE   ram=84.9% (14.22GB used, 2.53GB free) cpu=100.0% (15s mean 100.0%) jobs=8 amber=0 queued=0 lanes=8
2026-09-21T09:20:42 SAMPLE   ram=85.4% (14.30GB used, 2.45GB free) cpu=100.0% (15s mean 100.0%) jobs=8 amber=0 queued=0 lanes=8
2026-09-21T09:21:42 SAMPLE   ram=85.3% (14.28GB used, 2.47GB free) cpu=100.0% (15s mean 100.0%) jobs=8 amber=0 queued=0 lanes=8
2026-09-21T09:22:42 REAP     V_ulp_1 (pid 39084) is gone; registration removed
2026-09-21T09:22:42 SAMPLE   ram=88.2% (14.78GB used, 1.97GB free) cpu=100.0% (15s mean 100.0%) jobs=13 amber=0 queued=0 lanes=8
2026-09-21T09:23:41 WARN     could not replace governor_state.json after 8 attempts (a reader holds it); snapshot skipped
2026-09-21T09:23:44 SAMPLE   ram=86.2% (14.43GB used, 2.32GB free) cpu=100.0% (15s mean 100.0%) jobs=13 amber=0 queued=0 lanes=8
2026-09-21T09:24:44 SAMPLE   ram=86.1% (14.42GB used, 2.33GB free) cpu=100.0% (15s mean 100.0%) jobs=13 amber=0 queued=0 lanes=8
2026-09-21T09:25:45 SAMPLE   ram=85.9% (14.39GB used, 2.35GB free) cpu=100.0% (15s mean 100.0%) jobs=13 amber=0 queued=0 lanes=8
2026-09-21T09:26:45 SAMPLE   ram=86.4% (14.47GB used, 2.27GB free) cpu=100.0% (15s mean 100.0%) jobs=13 amber=0 queued=0 lanes=8
2026-09-21T09:27:47 SAMPLE   ram=86.2% (14.44GB used, 2.31GB free) cpu=100.0% (15s mean 100.0%) jobs=13 amber=0 queued=0 lanes=8
2026-09-21T09:28:43 WARN     could not replace governor_state.json after 8 attempts (a reader holds it); snapshot skipped
2026-09-21T09:28:46 SAMPLE   ram=87.7% (14.68GB used, 2.07GB free) cpu=100.0% (15s mean 100.0%) jobs=13 amber=0 queued=0 lanes=8
2026-09-21T09:29:04 WARN     could not replace governor_state.json after 8 attempts (a reader holds it); snapshot skipped
2026-09-21T09:29:47 SAMPLE   ram=87.7% (14.70GB used, 2.05GB free) cpu=100.0% (15s mean 100.0%) jobs=13 amber=0 queued=0 lanes=8
2026-09-21T09:30:19 WARN     could not replace governor_state.json after 8 attempts (a reader holds it); snapshot skipped
2026-09-21T09:30:47 SAMPLE   ram=86.9% (14.56GB used, 2.19GB free) cpu=100.0% (15s mean 100.0%) jobs=13 amber=0 queued=0 lanes=8
2026-09-21T09:31:49 SAMPLE   ram=86.6% (14.51GB used, 2.25GB free) cpu=100.0% (15s mean 100.0%) jobs=13 amber=0 queued=0 lanes=8
2026-09-21T09:32:10 WARN     could not replace governor_state.json after 8 attempts (a reader holds it); snapshot skipped
2026-09-21T09:32:48 SAMPLE   ram=86.6% (14.50GB used, 2.25GB free) cpu=100.0% (15s mean 100.0%) jobs=13 amber=0 queued=0 lanes=8
2026-09-21T09:33:49 SAMPLE   ram=86.9% (14.56GB used, 2.19GB free) cpu=100.0% (15s mean 100.0%) jobs=13 amber=0 queued=0 lanes=8
2026-09-21T09:34:50 SAMPLE   ram=87.4% (14.63GB used, 2.12GB free) cpu=100.0% (15s mean 100.0%) jobs=13 amber=0 queued=0 lanes=8
2026-09-21T09:35:50 SAMPLE   ram=87.5% (14.66GB used, 2.09GB free) cpu=100.0% (15s mean 100.0%) jobs=13 amber=0 queued=0 lanes=8
2026-09-21T09:36:50 SAMPLE   ram=86.8% (14.53GB used, 2.22GB free) cpu=100.0% (15s mean 100.0%) jobs=13 amber=0 queued=0 lanes=8
2026-09-21T09:37:51 SAMPLE   ram=87.9% (14.73GB used, 2.02GB free) cpu=100.0% (15s mean 100.0%) jobs=13 amber=0 queued=0 lanes=8
2026-09-21T09:38:51 SAMPLE   ram=87.5% (14.66GB used, 2.09GB free) cpu=100.0% (15s mean 100.0%) jobs=13 amber=0 queued=0 lanes=8
2026-09-21T09:39:09 WARN     could not replace governor_state.json after 8 attempts (a reader holds it); snapshot skipped
2026-09-21T09:39:52 SAMPLE   ram=88.0% (14.74GB used, 2.01GB free) cpu=100.0% (15s mean 100.0%) jobs=13 amber=0 queued=0 lanes=8
2026-09-21T09:40:56 WARN     could not replace governor_state.json after 8 attempts (a reader holds it); snapshot skipped
2026-09-21T09:40:56 SAMPLE   ram=89.7% (15.03GB used, 1.72GB free) cpu=100.0% (15s mean 100.0%) jobs=13 amber=0 queued=0 lanes=8
2026-09-21T09:41:16 WARN     could not replace governor_state.json after 8 attempts (a reader holds it); snapshot skipped
2026-09-21T09:41:54 SAMPLE   ram=89.5% (14.98GB used, 1.77GB free) cpu=100.0% (15s mean 100.0%) jobs=13 amber=0 queued=0 lanes=8
2026-09-21T09:42:12 WARN     could not replace governor_state.json after 8 attempts (a reader holds it); snapshot skipped
2026-09-21T09:42:32 WARN     could not replace governor_state.json after 8 attempts (a reader holds it); snapshot skipped
2026-09-21T09:42:55 SAMPLE   ram=89.5% (14.99GB used, 1.76GB free) cpu=100.0% (15s mean 100.0%) jobs=13 amber=0 queued=0 lanes=8
2026-09-21T09:43:56 SAMPLE   ram=89.5% (14.99GB used, 1.76GB free) cpu=100.0% (15s mean 100.0%) jobs=13 amber=0 queued=0 lanes=8
2026-09-21T09:44:56 SAMPLE   ram=89.8% (15.04GB used, 1.71GB free) cpu=100.0% (15s mean 100.0%) jobs=13 amber=0 queued=0 lanes=8
2026-09-21T09:45:57 SAMPLE   ram=89.7% (15.03GB used, 1.72GB free) cpu=100.0% (15s mean 100.0%) jobs=13 amber=0 queued=0 lanes=8
2026-09-21T09:46:58 SAMPLE   ram=89.6% (15.00GB used, 1.75GB free) cpu=100.0% (15s mean 100.0%) jobs=13 amber=0 queued=0 lanes=8
2026-09-21T09:47:58 SAMPLE   ram=90.1% (15.09GB used, 1.66GB free) cpu=100.0% (15s mean 100.0%) jobs=13 amber=0 queued=0 lanes=8
2026-09-21T09:48:31 WARN     could not replace governor_state.json after 8 attempts (a reader holds it); snapshot skipped
2026-09-21T09:48:43 REAP     R_ladder_0 (pid 12228) is gone; registration removed
2026-09-21T09:48:59 SAMPLE   ram=88.7% (14.86GB used, 1.89GB free) cpu=100.0% (15s mean 100.0%) jobs=12 amber=0 queued=0 lanes=8
2026-09-21T09:49:26 WARN     could not replace governor_state.json after 8 attempts (a reader holds it); snapshot skipped
2026-09-21T09:49:59 SAMPLE   ram=89.1% (14.92GB used, 1.83GB free) cpu=100.0% (15s mean 100.0%) jobs=12 amber=0 queued=0 lanes=8
2026-09-21T09:50:07 WARN     could not replace governor_state.json after 8 attempts (a reader holds it); snapshot skipped
2026-09-21T09:50:39 REAP     R_ladder_1 (pid 26244) is gone; registration removed
2026-09-21T09:51:00 SAMPLE   ram=88.2% (14.78GB used, 1.97GB free) cpu=100.0% (15s mean 100.0%) jobs=11 amber=0 queued=0 lanes=8
2026-09-21T09:51:07 WARN     could not replace governor_state.json after 8 attempts (a reader holds it); snapshot skipped
2026-09-21T09:51:47 WARN     could not replace governor_state.json after 8 attempts (a reader holds it); snapshot skipped
2026-09-21T09:52:03 WARN     could not replace governor_state.json after 8 attempts (a reader holds it); snapshot skipped
2026-09-21T09:52:03 SAMPLE   ram=88.1% (14.76GB used, 1.99GB free) cpu=100.0% (15s mean 100.0%) jobs=11 amber=0 queued=0 lanes=8
2026-09-21T09:53:02 SAMPLE   ram=88.2% (14.77GB used, 1.98GB free) cpu=100.0% (15s mean 100.0%) jobs=11 amber=0 queued=0 lanes=8
2026-09-21T09:53:34 WARN     could not replace governor_state.json after 8 attempts (a reader holds it); snapshot skipped
2026-09-21T09:54:02 SAMPLE   ram=88.8% (14.87GB used, 1.88GB free) cpu=100.0% (15s mean 100.0%) jobs=11 amber=0 queued=0 lanes=8
2026-09-21T09:54:44 WARN     could not replace governor_state.json after 8 attempts (a reader holds it); snapshot skipped
2026-09-21T09:54:49 WARN     could not replace governor_state.json after 8 attempts (a reader holds it); snapshot skipped
2026-09-21T09:55:02 SAMPLE   ram=89.6% (15.01GB used, 1.74GB free) cpu=100.0% (15s mean 100.0%) jobs=11 amber=0 queued=0 lanes=8
2026-09-21T09:56:03 SAMPLE   ram=89.5% (14.99GB used, 1.76GB free) cpu=100.0% (15s mean 100.0%) jobs=11 amber=0 queued=0 lanes=8
2026-09-21T09:56:15 WARN     could not replace governor_state.json after 8 attempts (a reader holds it); snapshot skipped
2026-09-21T09:57:03 SAMPLE   ram=89.5% (14.99GB used, 1.76GB free) cpu=100.0% (15s mean 100.0%) jobs=11 amber=0 queued=0 lanes=8
2026-09-21T09:57:07 REAP     P_rand_0 (pid 7444) is gone; registration removed
2026-09-21T09:57:16 WARN     could not replace governor_state.json after 8 attempts (a reader holds it); snapshot skipped
2026-09-21T09:58:04 SAMPLE   ram=87.6% (14.67GB used, 2.08GB free) cpu=100.0% (15s mean 100.0%) jobs=10 amber=0 queued=0 lanes=8
2026-09-21T09:59:05 SAMPLE   ram=88.5% (14.82GB used, 1.93GB free) cpu=100.0% (15s mean 100.0%) jobs=10 amber=0 queued=0 lanes=8
2026-09-21T10:00:05 SAMPLE   ram=87.1% (14.58GB used, 2.17GB free) cpu=100.0% (15s mean 100.0%) jobs=10 amber=0 queued=0 lanes=8
2026-09-21T10:01:05 SAMPLE   ram=87.1% (14.59GB used, 2.17GB free) cpu=100.0% (15s mean 100.0%) jobs=10 amber=0 queued=0 lanes=8
2026-09-21T10:02:08 WARN     could not replace governor_state.json after 8 attempts (a reader holds it); snapshot skipped
2026-09-21T10:02:08 SAMPLE   ram=87.3% (14.63GB used, 2.12GB free) cpu=100.0% (15s mean 100.0%) jobs=10 amber=0 queued=0 lanes=8
2026-09-21T10:03:07 SAMPLE   ram=87.1% (14.59GB used, 2.16GB free) cpu=100.0% (15s mean 100.0%) jobs=10 amber=0 queued=0 lanes=8
2026-09-21T10:03:44 WARN     could not replace governor_state.json after 8 attempts (a reader holds it); snapshot skipped
2026-09-21T10:04:07 SAMPLE   ram=87.7% (14.69GB used, 2.06GB free) cpu=100.0% (15s mean 100.0%) jobs=10 amber=0 queued=0 lanes=8
2026-09-21T10:05:08 SAMPLE   ram=86.7% (14.53GB used, 2.22GB free) cpu=100.0% (15s mean 100.0%) jobs=10 amber=0 queued=0 lanes=8
2026-09-21T10:05:50 WARN     could not replace governor_state.json after 8 attempts (a reader holds it); snapshot skipped
2026-09-21T10:06:10 WARN     could not replace governor_state.json after 8 attempts (a reader holds it); snapshot skipped
2026-09-21T10:06:10 SAMPLE   ram=88.1% (14.75GB used, 2.00GB free) cpu=100.0% (15s mean 100.0%) jobs=10 amber=0 queued=0 lanes=8
2026-09-21T10:06:51 WARN     could not replace governor_state.json after 8 attempts (a reader holds it); snapshot skipped
2026-09-21T10:07:09 SAMPLE   ram=88.4% (14.80GB used, 1.95GB free) cpu=100.0% (15s mean 100.0%) jobs=10 amber=0 queued=0 lanes=8
2026-09-21T10:08:09 SAMPLE   ram=88.2% (14.77GB used, 1.98GB free) cpu=100.0% (15s mean 100.0%) jobs=10 amber=0 queued=0 lanes=8
2026-09-21T10:09:10 SAMPLE   ram=86.4% (14.46GB used, 2.29GB free) cpu=100.0% (15s mean 100.0%) jobs=10 amber=0 queued=0 lanes=8
2026-09-21T10:09:27 WARN     could not replace governor_state.json after 8 attempts (a reader holds it); snapshot skipped
2026-09-21T10:10:10 SAMPLE   ram=86.3% (14.46GB used, 2.29GB free) cpu=100.0% (15s mean 100.0%) jobs=10 amber=0 queued=0 lanes=8
2026-09-21T10:11:11 SAMPLE   ram=87.5% (14.66GB used, 2.09GB free) cpu=100.0% (15s mean 100.0%) jobs=10 amber=0 queued=0 lanes=8
2026-09-21T10:11:18 WARN     could not replace governor_state.json after 8 attempts (a reader holds it); snapshot skipped
2026-09-21T10:12:15 SAMPLE   ram=86.4% (14.47GB used, 2.28GB free) cpu=100.0% (15s mean 100.0%) jobs=10 amber=0 queued=0 lanes=8
2026-09-21T10:13:15 SAMPLE   ram=85.5% (14.32GB used, 2.43GB free) cpu=100.0% (15s mean 100.0%) jobs=10 amber=0 queued=0 lanes=8
2026-09-21T10:14:16 SAMPLE   ram=86.6% (14.51GB used, 2.24GB free) cpu=100.0% (15s mean 100.0%) jobs=10 amber=0 queued=0 lanes=8
2026-09-21T10:15:16 SAMPLE   ram=87.2% (14.60GB used, 2.15GB free) cpu=100.0% (15s mean 100.0%) jobs=10 amber=0 queued=0 lanes=8
2026-09-21T10:15:24 WARN     could not replace governor_state.json after 8 attempts (a reader holds it); snapshot skipped
2026-09-21T10:16:14 WARN     could not replace governor_state.json after 8 attempts (a reader holds it); snapshot skipped
2026-09-21T10:16:17 SAMPLE   ram=87.4% (14.63GB used, 2.12GB free) cpu=100.0% (15s mean 100.0%) jobs=10 amber=0 queued=0 lanes=8
2026-09-21T10:16:46 REAP     R_sparsectl_0 (pid 32304) is gone; registration removed
2026-09-21T10:17:17 SAMPLE   ram=85.7% (14.35GB used, 2.40GB free) cpu=100.0% (15s mean 100.0%) jobs=9 amber=0 queued=0 lanes=8
2026-09-21T10:17:22 REAP     R_sparsectl_1 (pid 13248) is gone; registration removed
2026-09-21T10:18:17 SAMPLE   ram=84.8% (14.20GB used, 2.55GB free) cpu=100.0% (15s mean 100.0%) jobs=8 amber=0 queued=0 lanes=8
2026-09-21T10:19:18 SAMPLE   ram=86.4% (14.48GB used, 2.27GB free) cpu=100.0% (15s mean 100.0%) jobs=8 amber=0 queued=0 lanes=8
2026-09-21T10:20:18 SAMPLE   ram=84.7% (14.19GB used, 2.56GB free) cpu=100.0% (15s mean 100.0%) jobs=8 amber=0 queued=0 lanes=8
2026-09-21T10:21:18 SAMPLE   ram=84.6% (14.18GB used, 2.57GB free) cpu=100.0% (15s mean 100.0%) jobs=8 amber=0 queued=0 lanes=8
2026-09-21T10:22:19 SAMPLE   ram=85.9% (14.39GB used, 2.35GB free) cpu=100.0% (15s mean 100.0%) jobs=8 amber=0 queued=0 lanes=8
2026-09-21T10:23:19 SAMPLE   ram=86.0% (14.40GB used, 2.35GB free) cpu=100.0% (15s mean 100.0%) jobs=8 amber=0 queued=0 lanes=8
2026-09-21T10:24:19 SAMPLE   ram=84.3% (14.12GB used, 2.62GB free) cpu=100.0% (15s mean 100.0%) jobs=8 amber=0 queued=0 lanes=8
2026-09-21T10:25:20 SAMPLE   ram=83.6% (14.01GB used, 2.74GB free) cpu=100.0% (15s mean 100.0%) jobs=8 amber=0 queued=0 lanes=8
2026-09-21T10:26:20 SAMPLE   ram=84.1% (14.09GB used, 2.65GB free) cpu=100.0% (15s mean 100.0%) jobs=8 amber=0 queued=0 lanes=8
2026-09-21T10:27:21 SAMPLE   ram=84.1% (14.08GB used, 2.67GB free) cpu=100.0% (15s mean 100.0%) jobs=8 amber=0 queued=0 lanes=8
2026-09-21T10:28:20 SAMPLE   ram=83.9% (14.06GB used, 2.69GB free) cpu=100.0% (15s mean 100.0%) jobs=8 amber=0 queued=0 lanes=8
2026-09-21T10:29:21 SAMPLE   ram=85.1% (14.25GB used, 2.50GB free) cpu=100.0% (15s mean 100.0%) jobs=8 amber=0 queued=0 lanes=8
2026-09-21T10:30:21 SAMPLE   ram=84.8% (14.21GB used, 2.54GB free) cpu=100.0% (15s mean 100.0%) jobs=8 amber=0 queued=0 lanes=8
2026-09-21T10:31:22 SAMPLE   ram=85.2% (14.28GB used, 2.48GB free) cpu=100.0% (15s mean 100.0%) jobs=8 amber=0 queued=0 lanes=8
2026-09-21T10:32:24 WARN     could not replace governor_state.json after 8 attempts (a reader holds it); snapshot skipped
2026-09-21T10:32:24 SAMPLE   ram=84.6% (14.17GB used, 2.58GB free) cpu=100.0% (15s mean 100.0%) jobs=8 amber=0 queued=0 lanes=8
2026-09-21T10:33:22 SAMPLE   ram=84.5% (14.15GB used, 2.60GB free) cpu=100.0% (15s mean 100.0%) jobs=8 amber=0 queued=0 lanes=8
2026-09-21T10:34:22 SAMPLE   ram=85.6% (14.33GB used, 2.42GB free) cpu=100.0% (15s mean 100.0%) jobs=8 amber=0 queued=0 lanes=8
2026-09-21T10:35:23 SAMPLE   ram=86.7% (14.52GB used, 2.23GB free) cpu=100.0% (15s mean 100.0%) jobs=8 amber=0 queued=0 lanes=8
2026-09-21T10:36:00 WARN     could not replace governor_state.json after 8 attempts (a reader holds it); snapshot skipped
2026-09-21T10:36:23 SAMPLE   ram=83.4% (13.98GB used, 2.77GB free) cpu=100.0% (15s mean 100.0%) jobs=8 amber=0 queued=0 lanes=8
2026-09-21T10:37:23 SAMPLE   ram=83.6% (14.00GB used, 2.75GB free) cpu=100.0% (15s mean 100.0%) jobs=8 amber=0 queued=0 lanes=8
2026-09-21T10:38:23 SAMPLE   ram=83.0% (13.91GB used, 2.84GB free) cpu=100.0% (15s mean 100.0%) jobs=8 amber=0 queued=0 lanes=8
2026-09-21T10:39:24 SAMPLE   ram=81.7% (13.68GB used, 3.06GB free) cpu=100.0% (15s mean 100.0%) jobs=8 amber=0 queued=0 lanes=8
2026-09-21T10:40:16 WARN     could not replace governor_state.json after 8 attempts (a reader holds it); snapshot skipped
2026-09-21T10:40:24 SAMPLE   ram=81.7% (13.68GB used, 3.07GB free) cpu=100.0% (15s mean 100.0%) jobs=8 amber=0 queued=0 lanes=8
2026-09-21T10:41:24 SAMPLE   ram=81.9% (13.72GB used, 3.03GB free) cpu=100.0% (15s mean 100.0%) jobs=8 amber=0 queued=0 lanes=8
2026-09-21T10:42:24 SAMPLE   ram=82.5% (13.82GB used, 2.93GB free) cpu=100.0% (15s mean 100.0%) jobs=8 amber=0 queued=0 lanes=8
2026-09-21T10:43:25 SAMPLE   ram=83.0% (13.90GB used, 2.85GB free) cpu=100.0% (15s mean 100.0%) jobs=8 amber=0 queued=0 lanes=8
2026-09-21T10:43:49 REAP     R_branch_1 (pid 30992) is gone; registration removed
2026-09-21T10:44:25 SAMPLE   ram=82.9% (13.88GB used, 2.87GB free) cpu=100.0% (15s mean 100.0%) jobs=8 amber=0 queued=0 lanes=8
2026-09-21T10:45:25 SAMPLE   ram=83.6% (14.01GB used, 2.75GB free) cpu=100.0% (15s mean 100.0%) jobs=8 amber=0 queued=0 lanes=8
2026-09-21T10:46:25 SAMPLE   ram=82.7% (13.85GB used, 2.90GB free) cpu=100.0% (15s mean 100.0%) jobs=8 amber=0 queued=0 lanes=8
2026-09-21T10:46:55 REAP     R_branch_2 (pid 23324) is gone; registration removed
2026-09-21T10:47:25 SAMPLE   ram=82.2% (13.77GB used, 2.98GB free) cpu=100.0% (15s mean 100.0%) jobs=7 amber=0 queued=0 lanes=8
2026-09-21T10:48:26 SAMPLE   ram=81.7% (13.69GB used, 3.06GB free) cpu=100.0% (15s mean 100.0%) jobs=6 amber=0 queued=0 lanes=8
2026-09-21T10:49:26 SAMPLE   ram=82.3% (13.78GB used, 2.97GB free) cpu=100.0% (15s mean 100.0%) jobs=6 amber=0 queued=0 lanes=8
2026-09-21T10:50:26 SAMPLE   ram=82.0% (13.74GB used, 3.01GB free) cpu=100.0% (15s mean 100.0%) jobs=6 amber=0 queued=0 lanes=8
2026-09-21T10:51:26 SAMPLE   ram=82.7% (13.85GB used, 2.90GB free) cpu=100.0% (15s mean 100.0%) jobs=6 amber=0 queued=0 lanes=8
2026-09-21T10:52:26 SAMPLE   ram=83.4% (13.97GB used, 2.77GB free) cpu=100.0% (15s mean 100.0%) jobs=6 amber=0 queued=0 lanes=8
2026-09-21T10:53:26 SAMPLE   ram=83.0% (13.91GB used, 2.84GB free) cpu=100.0% (15s mean 100.0%) jobs=6 amber=0 queued=0 lanes=8
2026-09-21T10:54:27 SAMPLE   ram=83.3% (13.95GB used, 2.80GB free) cpu=100.0% (15s mean 100.0%) jobs=6 amber=0 queued=0 lanes=8
2026-09-21T10:55:27 SAMPLE   ram=83.1% (13.91GB used, 2.84GB free) cpu=100.0% (15s mean 100.0%) jobs=6 amber=0 queued=0 lanes=8
2026-09-21T10:56:27 SAMPLE   ram=82.8% (13.86GB used, 2.89GB free) cpu=100.0% (15s mean 100.0%) jobs=5 amber=0 queued=0 lanes=8
2026-09-21T10:57:27 SAMPLE   ram=82.4% (13.80GB used, 2.95GB free) cpu=100.0% (15s mean 100.0%) jobs=5 amber=0 queued=0 lanes=8
2026-09-21T10:58:27 SAMPLE   ram=81.4% (13.63GB used, 3.12GB free) cpu=100.0% (15s mean 100.0%) jobs=4 amber=0 queued=0 lanes=8
2026-09-21T10:59:27 SAMPLE   ram=76.4% (12.80GB used, 3.95GB free) cpu=100.0% (15s mean 100.0%) jobs=3 amber=0 queued=0 lanes=8
2026-09-21T11:00:27 SAMPLE   ram=76.1% (12.74GB used, 4.00GB free) cpu=89.8% (15s mean 95.0%) jobs=3 amber=0 queued=0 lanes=8
2026-09-21T11:01:27 SAMPLE   ram=75.1% (12.58GB used, 4.17GB free) cpu=86.1% (15s mean 85.5%) jobs=3 amber=0 queued=0 lanes=8
2026-09-21T11:02:27 SAMPLE   ram=76.2% (12.77GB used, 3.98GB free) cpu=97.2% (15s mean 92.5%) jobs=3 amber=0 queued=0 lanes=8
2026-09-21T11:02:42 REAP     P_rankchain_1 (pid 24912) is gone; registration removed
2026-09-21T11:03:07 REAP     P_rankchain_0 (pid 35132) is gone; registration removed
2026-09-21T11:03:27 SAMPLE   ram=75.2% (12.59GB used, 4.16GB free) cpu=66.4% (15s mean 69.4%) jobs=1 amber=0 queued=0 lanes=8
2026-09-21T11:04:27 SAMPLE   ram=75.0% (12.56GB used, 4.19GB free) cpu=72.5% (15s mean 70.7%) jobs=1 amber=0 queued=0 lanes=8
2026-09-21T11:05:17 REAP     R_branch_0 (pid 4128) is gone; registration removed
2026-09-21T11:05:27 SAMPLE   ram=74.6% (12.49GB used, 4.26GB free) cpu=54.3% (15s mean 65.0%) jobs=0 amber=0 queued=0 lanes=8
2026-09-21T11:06:27 SAMPLE   ram=74.6% (12.50GB used, 4.25GB free) cpu=47.9% (15s mean 55.6%) jobs=0 amber=0 queued=0 lanes=8
2026-09-21T11:07:27 SAMPLE   ram=74.2% (12.42GB used, 4.33GB free) cpu=51.0% (15s mean 53.2%) jobs=0 amber=0 queued=0 lanes=8
2026-09-21T11:08:27 SAMPLE   ram=74.4% (12.46GB used, 4.29GB free) cpu=50.5% (15s mean 49.3%) jobs=0 amber=0 queued=0 lanes=8
2026-09-21T11:09:27 SAMPLE   ram=73.6% (12.32GB used, 4.43GB free) cpu=51.6% (15s mean 50.2%) jobs=0 amber=0 queued=0 lanes=8
2026-09-21T11:10:27 SAMPLE   ram=74.1% (12.41GB used, 4.34GB free) cpu=67.9% (15s mean 63.7%) jobs=0 amber=0 queued=0 lanes=8
2026-09-21T11:11:27 SAMPLE   ram=73.7% (12.35GB used, 4.40GB free) cpu=58.2% (15s mean 59.4%) jobs=0 amber=0 queued=0 lanes=8
2026-09-21T11:12:27 SAMPLE   ram=74.3% (12.45GB used, 4.30GB free) cpu=57.9% (15s mean 58.7%) jobs=0 amber=0 queued=0 lanes=8
2026-09-21T11:13:27 SAMPLE   ram=73.9% (12.38GB used, 4.37GB free) cpu=47.8% (15s mean 52.8%) jobs=0 amber=0 queued=0 lanes=8
2026-09-21T11:14:27 SAMPLE   ram=73.3% (12.27GB used, 4.48GB free) cpu=46.0% (15s mean 46.1%) jobs=0 amber=0 queued=0 lanes=8
2026-09-21T11:15:27 SAMPLE   ram=73.5% (12.30GB used, 4.45GB free) cpu=43.4% (15s mean 45.1%) jobs=0 amber=0 queued=0 lanes=8
2026-09-21T11:16:27 SAMPLE   ram=73.2% (12.26GB used, 4.49GB free) cpu=48.6% (15s mean 47.0%) jobs=0 amber=0 queued=0 lanes=8
2026-09-21T11:17:27 SAMPLE   ram=74.0% (12.40GB used, 4.35GB free) cpu=51.8% (15s mean 52.2%) jobs=0 amber=0 queued=0 lanes=8
2026-09-21T11:18:27 SAMPLE   ram=73.6% (12.33GB used, 4.42GB free) cpu=47.5% (15s mean 46.9%) jobs=0 amber=0 queued=0 lanes=8
2026-09-21T11:19:27 SAMPLE   ram=72.5% (12.14GB used, 4.61GB free) cpu=46.1% (15s mean 47.9%) jobs=0 amber=0 queued=0 lanes=8
2026-09-21T11:20:27 SAMPLE   ram=72.5% (12.15GB used, 4.60GB free) cpu=46.7% (15s mean 48.1%) jobs=0 amber=0 queued=0 lanes=8
2026-09-21T11:21:27 SAMPLE   ram=74.0% (12.40GB used, 4.35GB free) cpu=48.0% (15s mean 49.5%) jobs=0 amber=0 queued=0 lanes=8
2026-09-21T11:22:27 SAMPLE   ram=72.9% (12.21GB used, 4.54GB free) cpu=36.4% (15s mean 40.8%) jobs=0 amber=0 queued=0 lanes=8
2026-09-21T11:23:27 SAMPLE   ram=72.3% (12.12GB used, 4.63GB free) cpu=34.0% (15s mean 35.1%) jobs=0 amber=0 queued=0 lanes=8
2026-09-21T11:24:27 SAMPLE   ram=71.9% (12.04GB used, 4.71GB free) cpu=35.9% (15s mean 35.8%) jobs=0 amber=0 queued=0 lanes=8
2026-09-21T11:25:27 SAMPLE   ram=72.3% (12.12GB used, 4.63GB free) cpu=40.1% (15s mean 36.6%) jobs=0 amber=0 queued=0 lanes=8
2026-09-21T11:26:27 SAMPLE   ram=72.5% (12.14GB used, 4.61GB free) cpu=35.1% (15s mean 35.0%) jobs=0 amber=0 queued=0 lanes=8
2026-09-21T11:27:27 SAMPLE   ram=72.6% (12.16GB used, 4.59GB free) cpu=32.0% (15s mean 33.0%) jobs=0 amber=0 queued=0 lanes=8
2026-09-21T11:28:27 SAMPLE   ram=72.3% (12.11GB used, 4.64GB free) cpu=38.9% (15s mean 35.7%) jobs=0 amber=0 queued=0 lanes=8
2026-09-21T11:29:27 SAMPLE   ram=72.4% (12.12GB used, 4.62GB free) cpu=32.6% (15s mean 32.3%) jobs=0 amber=0 queued=0 lanes=8
2026-09-21T11:30:27 SAMPLE   ram=72.1% (12.07GB used, 4.68GB free) cpu=33.7% (15s mean 33.1%) jobs=0 amber=0 queued=0 lanes=8
2026-09-21T11:31:27 SAMPLE   ram=72.3% (12.11GB used, 4.64GB free) cpu=34.4% (15s mean 34.5%) jobs=0 amber=0 queued=0 lanes=8
2026-09-21T11:32:27 SAMPLE   ram=72.2% (12.10GB used, 4.65GB free) cpu=22.3% (15s mean 22.4%) jobs=0 amber=0 queued=0 lanes=8
2026-09-21T11:33:27 SAMPLE   ram=70.6% (11.82GB used, 4.93GB free) cpu=8.9% (15s mean 10.1%) jobs=0 amber=0 queued=0 lanes=8
2026-09-21T11:34:27 SAMPLE   ram=70.1% (11.75GB used, 5.00GB free) cpu=10.1% (15s mean 10.9%) jobs=0 amber=0 queued=0 lanes=8
2026-09-21T11:35:27 SAMPLE   ram=69.8% (11.69GB used, 5.06GB free) cpu=16.4% (15s mean 15.4%) jobs=0 amber=0 queued=0 lanes=8
2026-09-21T11:36:27 SAMPLE   ram=70.3% (11.78GB used, 4.97GB free) cpu=10.1% (15s mean 11.0%) jobs=0 amber=0 queued=0 lanes=8
2026-09-21T11:37:30 SAMPLE   ram=70.4% (11.79GB used, 4.96GB free) cpu=11.7% (15s mean 10.4%) jobs=0 amber=0 queued=0 lanes=8
2026-09-21T11:38:30 SAMPLE   ram=70.3% (11.77GB used, 4.98GB free) cpu=15.3% (15s mean 11.4%) jobs=0 amber=0 queued=0 lanes=8
2026-09-21T11:39:30 SAMPLE   ram=74.0% (12.39GB used, 4.36GB free) cpu=23.4% (15s mean 28.1%) jobs=0 amber=0 queued=0 lanes=8
2026-09-21T11:40:30 SAMPLE   ram=73.5% (12.31GB used, 4.44GB free) cpu=8.7% (15s mean 10.4%) jobs=0 amber=0 queued=0 lanes=8
2026-09-21T11:41:30 SAMPLE   ram=71.6% (12.00GB used, 4.75GB free) cpu=6.1% (15s mean 6.3%) jobs=0 amber=0 queued=0 lanes=8
2026-09-21T11:42:30 SAMPLE   ram=71.4% (11.95GB used, 4.80GB free) cpu=4.5% (15s mean 4.9%) jobs=0 amber=0 queued=0 lanes=8
2026-09-21T11:43:30 SAMPLE   ram=71.0% (11.90GB used, 4.85GB free) cpu=7.0% (15s mean 6.4%) jobs=0 amber=0 queued=0 lanes=8
2026-09-21T11:44:30 SAMPLE   ram=71.2% (11.93GB used, 4.82GB free) cpu=5.4% (15s mean 6.0%) jobs=0 amber=0 queued=0 lanes=8
2026-09-21T11:45:30 SAMPLE   ram=71.3% (11.94GB used, 4.81GB free) cpu=4.8% (15s mean 6.1%) jobs=0 amber=0 queued=0 lanes=8
2026-09-21T11:46:30 SAMPLE   ram=70.9% (11.87GB used, 4.88GB free) cpu=5.3% (15s mean 7.0%) jobs=0 amber=0 queued=0 lanes=8
2026-09-21T11:47:30 SAMPLE   ram=71.1% (11.90GB used, 4.84GB free) cpu=4.9% (15s mean 5.4%) jobs=0 amber=0 queued=0 lanes=8
2026-09-21T11:48:30 SAMPLE   ram=71.1% (11.91GB used, 4.84GB free) cpu=7.4% (15s mean 7.2%) jobs=0 amber=0 queued=0 lanes=8
2026-09-21T11:49:30 SAMPLE   ram=70.7% (11.84GB used, 4.91GB free) cpu=4.3% (15s mean 5.6%) jobs=0 amber=0 queued=0 lanes=8
2026-09-21T11:50:30 SAMPLE   ram=70.7% (11.84GB used, 4.91GB free) cpu=5.7% (15s mean 6.8%) jobs=0 amber=0 queued=0 lanes=8
2026-09-21T11:51:30 SAMPLE   ram=70.8% (11.86GB used, 4.89GB free) cpu=6.8% (15s mean 7.4%) jobs=0 amber=0 queued=0 lanes=8
2026-09-21T11:52:30 SAMPLE   ram=70.8% (11.86GB used, 4.89GB free) cpu=6.9% (15s mean 6.4%) jobs=0 amber=0 queued=0 lanes=8
2026-09-21T11:53:30 SAMPLE   ram=70.9% (11.87GB used, 4.88GB free) cpu=6.0% (15s mean 6.3%) jobs=0 amber=0 queued=0 lanes=8
2026-09-21T11:54:30 SAMPLE   ram=70.7% (11.84GB used, 4.91GB free) cpu=6.2% (15s mean 6.6%) jobs=0 amber=0 queued=0 lanes=8
2026-09-21T11:55:30 SAMPLE   ram=70.6% (11.83GB used, 4.92GB free) cpu=5.8% (15s mean 5.8%) jobs=0 amber=0 queued=0 lanes=8
2026-09-21T11:56:30 SAMPLE   ram=70.8% (11.86GB used, 4.89GB free) cpu=5.2% (15s mean 6.3%) jobs=0 amber=0 queued=0 lanes=8
2026-09-21T11:57:30 SAMPLE   ram=70.9% (11.88GB used, 4.87GB free) cpu=6.4% (15s mean 5.9%) jobs=0 amber=0 queued=0 lanes=8
2026-09-21T11:58:30 SAMPLE   ram=70.3% (11.77GB used, 4.98GB free) cpu=7.1% (15s mean 6.8%) jobs=0 amber=0 queued=0 lanes=8
2026-09-21T11:59:30 SAMPLE   ram=70.5% (11.80GB used, 4.95GB free) cpu=4.5% (15s mean 5.4%) jobs=0 amber=0 queued=0 lanes=8
2026-09-21T12:00:30 SAMPLE   ram=70.5% (11.81GB used, 4.93GB free) cpu=7.0% (15s mean 6.1%) jobs=0 amber=0 queued=0 lanes=8
2026-09-21T12:01:30 SAMPLE   ram=70.5% (11.80GB used, 4.95GB free) cpu=8.2% (15s mean 7.1%) jobs=0 amber=0 queued=0 lanes=8
2026-09-21T12:02:30 SAMPLE   ram=70.7% (11.85GB used, 4.90GB free) cpu=6.0% (15s mean 6.0%) jobs=0 amber=0 queued=0 lanes=8
2026-09-21T12:03:30 SAMPLE   ram=71.2% (11.93GB used, 4.82GB free) cpu=7.9% (15s mean 9.8%) jobs=0 amber=0 queued=0 lanes=8
2026-09-21T12:04:30 SAMPLE   ram=71.0% (11.88GB used, 4.87GB free) cpu=6.2% (15s mean 6.5%) jobs=0 amber=0 queued=0 lanes=8
2026-09-21T12:05:30 SAMPLE   ram=70.8% (11.86GB used, 4.89GB free) cpu=6.1% (15s mean 6.1%) jobs=0 amber=0 queued=0 lanes=8
2026-09-21T12:06:30 SAMPLE   ram=71.0% (11.90GB used, 4.85GB free) cpu=4.7% (15s mean 5.4%) jobs=0 amber=0 queued=0 lanes=8
2026-09-21T12:07:30 SAMPLE   ram=70.9% (11.88GB used, 4.87GB free) cpu=6.5% (15s mean 6.4%) jobs=0 amber=0 queued=0 lanes=8
2026-09-21T12:08:30 SAMPLE   ram=71.0% (11.90GB used, 4.85GB free) cpu=7.0% (15s mean 7.6%) jobs=0 amber=0 queued=0 lanes=8
2026-09-21T12:09:30 SAMPLE   ram=70.5% (11.81GB used, 4.94GB free) cpu=7.7% (15s mean 6.9%) jobs=0 amber=0 queued=0 lanes=8
2026-09-21T12:10:30 SAMPLE   ram=70.4% (11.79GB used, 4.96GB free) cpu=6.1% (15s mean 7.2%) jobs=0 amber=0 queued=0 lanes=8
2026-09-21T12:11:30 SAMPLE   ram=70.4% (11.79GB used, 4.96GB free) cpu=5.5% (15s mean 6.7%) jobs=0 amber=0 queued=0 lanes=8
2026-09-21T12:12:30 SAMPLE   ram=70.4% (11.80GB used, 4.95GB free) cpu=4.9% (15s mean 5.6%) jobs=0 amber=0 queued=0 lanes=8
2026-09-21T12:13:30 SAMPLE   ram=71.1% (11.90GB used, 4.85GB free) cpu=9.8% (15s mean 6.9%) jobs=0 amber=0 queued=0 lanes=8
2026-09-21T12:14:30 SAMPLE   ram=67.9% (11.38GB used, 5.37GB free) cpu=5.8% (15s mean 5.4%) jobs=0 amber=0 queued=0 lanes=8
2026-09-21T12:15:30 SAMPLE   ram=68.2% (11.42GB used, 5.33GB free) cpu=5.1% (15s mean 6.3%) jobs=0 amber=0 queued=0 lanes=8
2026-09-21T12:16:30 SAMPLE   ram=68.1% (11.41GB used, 5.34GB free) cpu=4.7% (15s mean 5.0%) jobs=0 amber=0 queued=0 lanes=8
2026-09-21T12:17:30 SAMPLE   ram=68.3% (11.43GB used, 5.32GB free) cpu=5.7% (15s mean 6.2%) jobs=0 amber=0 queued=0 lanes=8
2026-09-21T12:18:30 SAMPLE   ram=68.3% (11.45GB used, 5.30GB free) cpu=6.1% (15s mean 6.6%) jobs=0 amber=0 queued=0 lanes=8
2026-09-21T12:19:30 SAMPLE   ram=67.8% (11.35GB used, 5.40GB free) cpu=6.0% (15s mean 5.5%) jobs=0 amber=0 queued=0 lanes=8
2026-09-21T12:20:30 SAMPLE   ram=67.8% (11.35GB used, 5.40GB free) cpu=5.2% (15s mean 5.7%) jobs=0 amber=0 queued=0 lanes=8
2026-09-21T12:21:30 SAMPLE   ram=67.9% (11.38GB used, 5.37GB free) cpu=5.1% (15s mean 6.0%) jobs=0 amber=0 queued=0 lanes=8
2026-09-21T12:22:30 SAMPLE   ram=67.9% (11.38GB used, 5.37GB free) cpu=5.9% (15s mean 6.9%) jobs=0 amber=0 queued=0 lanes=8
2026-09-21T12:23:30 SAMPLE   ram=68.1% (11.41GB used, 5.34GB free) cpu=6.1% (15s mean 6.4%) jobs=0 amber=0 queued=0 lanes=8
2026-09-21T12:24:30 SAMPLE   ram=68.0% (11.39GB used, 5.36GB free) cpu=7.1% (15s mean 6.4%) jobs=0 amber=0 queued=0 lanes=8
2026-09-21T12:25:30 SAMPLE   ram=67.8% (11.35GB used, 5.40GB free) cpu=6.0% (15s mean 7.1%) jobs=0 amber=0 queued=0 lanes=8
2026-09-21T12:26:30 SAMPLE   ram=67.8% (11.36GB used, 5.39GB free) cpu=6.8% (15s mean 6.2%) jobs=0 amber=0 queued=0 lanes=8
2026-09-21T12:27:30 SAMPLE   ram=68.6% (11.49GB used, 5.26GB free) cpu=5.3% (15s mean 6.5%) jobs=0 amber=0 queued=0 lanes=8
2026-09-21T12:28:30 SAMPLE   ram=68.6% (11.48GB used, 5.26GB free) cpu=5.3% (15s mean 5.7%) jobs=0 amber=0 queued=0 lanes=8
2026-09-21T12:29:30 SAMPLE   ram=68.4% (11.45GB used, 5.30GB free) cpu=5.4% (15s mean 5.1%) jobs=0 amber=0 queued=0 lanes=8
2026-09-21T12:30:30 SAMPLE   ram=68.3% (11.43GB used, 5.32GB free) cpu=4.9% (15s mean 6.0%) jobs=0 amber=0 queued=0 lanes=8
2026-09-21T12:31:30 SAMPLE   ram=68.3% (11.44GB used, 5.31GB free) cpu=6.2% (15s mean 5.8%) jobs=0 amber=0 queued=0 lanes=8
2026-09-21T12:32:30 SAMPLE   ram=68.5% (11.47GB used, 5.28GB free) cpu=6.9% (15s mean 7.5%) jobs=0 amber=0 queued=0 lanes=8
2026-09-21T12:33:30 SAMPLE   ram=68.7% (11.51GB used, 5.24GB free) cpu=3.9% (15s mean 5.6%) jobs=0 amber=0 queued=0 lanes=8
2026-09-21T12:34:30 SAMPLE   ram=68.3% (11.44GB used, 5.31GB free) cpu=5.5% (15s mean 6.7%) jobs=0 amber=0 queued=0 lanes=8
2026-09-21T12:35:30 SAMPLE   ram=68.3% (11.44GB used, 5.31GB free) cpu=4.4% (15s mean 5.4%) jobs=0 amber=0 queued=0 lanes=8
2026-09-21T12:36:30 SAMPLE   ram=68.3% (11.45GB used, 5.30GB free) cpu=5.2% (15s mean 5.7%) jobs=0 amber=0 queued=0 lanes=8
2026-09-21T12:37:31 SAMPLE   ram=68.4% (11.45GB used, 5.30GB free) cpu=4.9% (15s mean 6.0%) jobs=0 amber=0 queued=0 lanes=8
2026-09-21T12:38:31 SAMPLE   ram=68.5% (11.47GB used, 5.28GB free) cpu=5.3% (15s mean 5.9%) jobs=0 amber=0 queued=0 lanes=8
2026-09-21T12:39:31 SAMPLE   ram=68.1% (11.40GB used, 5.35GB free) cpu=6.6% (15s mean 7.3%) jobs=0 amber=0 queued=0 lanes=8
2026-09-21T12:40:31 SAMPLE   ram=67.9% (11.37GB used, 5.38GB free) cpu=5.0% (15s mean 6.1%) jobs=0 amber=0 queued=0 lanes=8
2026-09-21T12:41:31 SAMPLE   ram=68.2% (11.41GB used, 5.33GB free) cpu=6.2% (15s mean 6.6%) jobs=0 amber=0 queued=0 lanes=8
2026-09-21T12:42:31 SAMPLE   ram=68.3% (11.44GB used, 5.31GB free) cpu=5.3% (15s mean 6.3%) jobs=0 amber=0 queued=0 lanes=8
2026-09-21T12:43:31 SAMPLE   ram=68.1% (11.41GB used, 5.34GB free) cpu=7.0% (15s mean 5.9%) jobs=0 amber=0 queued=0 lanes=8
2026-09-21T12:44:31 SAMPLE   ram=68.3% (11.43GB used, 5.32GB free) cpu=6.8% (15s mean 8.1%) jobs=0 amber=0 queued=0 lanes=8
2026-09-21T12:45:31 SAMPLE   ram=69.3% (11.60GB used, 5.15GB free) cpu=6.4% (15s mean 7.2%) jobs=0 amber=0 queued=0 lanes=8
2026-09-21T12:46:31 SAMPLE   ram=69.2% (11.59GB used, 5.16GB free) cpu=7.4% (15s mean 6.7%) jobs=0 amber=0 queued=0 lanes=8
2026-09-21T12:47:31 SAMPLE   ram=69.3% (11.61GB used, 5.14GB free) cpu=5.1% (15s mean 7.8%) jobs=0 amber=0 queued=0 lanes=8
2026-09-21T12:48:31 SAMPLE   ram=69.5% (11.64GB used, 5.11GB free) cpu=7.5% (15s mean 8.2%) jobs=0 amber=0 queued=0 lanes=8
2026-09-21T12:49:31 SAMPLE   ram=68.5% (11.48GB used, 5.27GB free) cpu=6.7% (15s mean 6.9%) jobs=0 amber=0 queued=0 lanes=8
2026-09-21T12:50:31 SAMPLE   ram=68.5% (11.48GB used, 5.27GB free) cpu=4.8% (15s mean 5.0%) jobs=0 amber=0 queued=0 lanes=8
2026-09-21T12:51:31 SAMPLE   ram=68.5% (11.48GB used, 5.27GB free) cpu=4.9% (15s mean 5.4%) jobs=0 amber=0 queued=0 lanes=8
2026-09-21T12:52:31 SAMPLE   ram=68.5% (11.48GB used, 5.27GB free) cpu=6.4% (15s mean 6.3%) jobs=0 amber=0 queued=0 lanes=8
2026-09-21T12:53:31 SAMPLE   ram=68.7% (11.50GB used, 5.25GB free) cpu=5.6% (15s mean 6.0%) jobs=0 amber=0 queued=0 lanes=8
2026-09-21T12:54:31 SAMPLE   ram=68.5% (11.47GB used, 5.28GB free) cpu=7.1% (15s mean 6.9%) jobs=0 amber=0 queued=0 lanes=8
2026-09-21T12:55:31 SAMPLE   ram=68.3% (11.44GB used, 5.31GB free) cpu=5.9% (15s mean 6.1%) jobs=0 amber=0 queued=0 lanes=8
2026-09-21T12:56:31 SAMPLE   ram=68.7% (11.51GB used, 5.25GB free) cpu=6.7% (15s mean 6.6%) jobs=0 amber=0 queued=0 lanes=8
2026-09-21T12:57:31 SAMPLE   ram=68.9% (11.54GB used, 5.21GB free) cpu=6.3% (15s mean 6.3%) jobs=0 amber=0 queued=0 lanes=8
2026-09-21T12:58:31 SAMPLE   ram=68.7% (11.51GB used, 5.24GB free) cpu=5.8% (15s mean 5.8%) jobs=0 amber=0 queued=0 lanes=8
2026-09-21T12:59:31 SAMPLE   ram=69.0% (11.55GB used, 5.20GB free) cpu=6.4% (15s mean 5.9%) jobs=0 amber=0 queued=0 lanes=8
2026-09-21T13:00:31 SAMPLE   ram=68.9% (11.54GB used, 5.21GB free) cpu=5.8% (15s mean 6.1%) jobs=0 amber=0 queued=0 lanes=8
2026-09-21T13:01:31 SAMPLE   ram=69.0% (11.55GB used, 5.20GB free) cpu=9.0% (15s mean 8.0%) jobs=0 amber=0 queued=0 lanes=8
2026-09-21T13:02:31 SAMPLE   ram=69.1% (11.57GB used, 5.17GB free) cpu=7.3% (15s mean 7.4%) jobs=0 amber=0 queued=0 lanes=8
2026-09-21T13:03:31 SAMPLE   ram=69.4% (11.63GB used, 5.12GB free) cpu=6.3% (15s mean 7.4%) jobs=0 amber=0 queued=0 lanes=8
2026-09-21T13:04:31 SAMPLE   ram=69.3% (11.60GB used, 5.15GB free) cpu=6.2% (15s mean 7.8%) jobs=0 amber=0 queued=0 lanes=8
2026-09-21T13:05:31 SAMPLE   ram=68.9% (11.54GB used, 5.21GB free) cpu=5.5% (15s mean 5.8%) jobs=0 amber=0 queued=0 lanes=8
2026-09-21T13:06:31 SAMPLE   ram=68.8% (11.53GB used, 5.22GB free) cpu=6.0% (15s mean 6.0%) jobs=0 amber=0 queued=0 lanes=8
2026-09-21T13:07:31 SAMPLE   ram=69.2% (11.59GB used, 5.17GB free) cpu=5.2% (15s mean 5.5%) jobs=0 amber=0 queued=0 lanes=8
2026-09-21T13:08:31 SAMPLE   ram=69.3% (11.60GB used, 5.15GB free) cpu=17.4% (15s mean 17.0%) jobs=0 amber=0 queued=0 lanes=8
2026-09-21T13:09:31 SAMPLE   ram=69.4% (11.63GB used, 5.12GB free) cpu=5.1% (15s mean 5.9%) jobs=0 amber=0 queued=0 lanes=8
2026-09-21T13:10:31 SAMPLE   ram=69.2% (11.59GB used, 5.16GB free) cpu=5.4% (15s mean 6.2%) jobs=0 amber=0 queued=0 lanes=8
2026-09-21T13:11:31 SAMPLE   ram=69.4% (11.62GB used, 5.13GB free) cpu=5.6% (15s mean 6.0%) jobs=0 amber=0 queued=0 lanes=8
2026-09-21T13:12:31 SAMPLE   ram=69.4% (11.63GB used, 5.12GB free) cpu=6.3% (15s mean 6.3%) jobs=0 amber=0 queued=0 lanes=8
2026-09-21T13:13:31 SAMPLE   ram=69.4% (11.62GB used, 5.13GB free) cpu=10.1% (15s mean 7.0%) jobs=0 amber=0 queued=0 lanes=8
2026-09-21T13:14:31 SAMPLE   ram=69.6% (11.65GB used, 5.10GB free) cpu=8.0% (15s mean 6.6%) jobs=0 amber=0 queued=0 lanes=8
2026-09-21T13:15:31 SAMPLE   ram=69.2% (11.60GB used, 5.15GB free) cpu=7.1% (15s mean 6.7%) jobs=0 amber=0 queued=0 lanes=8
2026-09-21T13:16:31 SAMPLE   ram=69.3% (11.60GB used, 5.15GB free) cpu=6.7% (15s mean 6.7%) jobs=0 amber=0 queued=0 lanes=8
2026-09-21T13:17:31 SAMPLE   ram=69.3% (11.61GB used, 5.14GB free) cpu=6.1% (15s mean 5.6%) jobs=0 amber=0 queued=0 lanes=8
2026-09-21T13:18:31 SAMPLE   ram=69.4% (11.63GB used, 5.12GB free) cpu=6.3% (15s mean 6.7%) jobs=0 amber=0 queued=0 lanes=8
2026-09-21T13:19:31 SAMPLE   ram=68.2% (11.42GB used, 5.33GB free) cpu=8.2% (15s mean 7.1%) jobs=0 amber=0 queued=0 lanes=8
2026-09-21T13:20:31 SAMPLE   ram=68.1% (11.41GB used, 5.34GB free) cpu=7.0% (15s mean 5.8%) jobs=0 amber=0 queued=0 lanes=8
2026-09-21T13:21:31 SAMPLE   ram=68.3% (11.44GB used, 5.31GB free) cpu=5.6% (15s mean 5.1%) jobs=0 amber=0 queued=0 lanes=8
2026-09-21T13:22:31 SAMPLE   ram=68.3% (11.45GB used, 5.30GB free) cpu=6.1% (15s mean 6.5%) jobs=0 amber=0 queued=0 lanes=8
2026-09-21T13:23:31 SAMPLE   ram=68.4% (11.46GB used, 5.29GB free) cpu=6.0% (15s mean 6.7%) jobs=0 amber=0 queued=0 lanes=8
2026-09-21T13:24:31 SAMPLE   ram=68.7% (11.50GB used, 5.25GB free) cpu=4.2% (15s mean 5.8%) jobs=0 amber=0 queued=0 lanes=8
2026-09-21T13:25:31 SAMPLE   ram=68.4% (11.46GB used, 5.29GB free) cpu=5.6% (15s mean 6.1%) jobs=0 amber=0 queued=0 lanes=8
2026-09-21T13:26:31 SAMPLE   ram=68.6% (11.50GB used, 5.25GB free) cpu=9.5% (15s mean 7.0%) jobs=0 amber=0 queued=0 lanes=8
2026-09-21T13:27:31 SAMPLE   ram=69.0% (11.56GB used, 5.19GB free) cpu=6.2% (15s mean 5.5%) jobs=0 amber=0 queued=0 lanes=8
2026-09-21T13:28:31 SAMPLE   ram=68.8% (11.52GB used, 5.23GB free) cpu=8.9% (15s mean 7.0%) jobs=0 amber=0 queued=0 lanes=8
2026-09-21T13:29:31 SAMPLE   ram=67.8% (11.36GB used, 5.39GB free) cpu=12.2% (15s mean 8.0%) jobs=0 amber=0 queued=0 lanes=8
2026-09-21T13:30:31 SAMPLE   ram=67.9% (11.38GB used, 5.37GB free) cpu=7.4% (15s mean 6.6%) jobs=0 amber=0 queued=0 lanes=8
2026-09-21T13:31:31 SAMPLE   ram=67.9% (11.38GB used, 5.37GB free) cpu=6.0% (15s mean 5.7%) jobs=0 amber=0 queued=0 lanes=8
2026-09-21T13:32:31 SAMPLE   ram=68.1% (11.41GB used, 5.34GB free) cpu=5.5% (15s mean 5.6%) jobs=0 amber=0 queued=0 lanes=8
2026-09-21T13:33:31 SAMPLE   ram=68.1% (11.40GB used, 5.35GB free) cpu=6.5% (15s mean 6.6%) jobs=0 amber=0 queued=0 lanes=8
2026-09-21T13:34:31 SAMPLE   ram=67.6% (11.32GB used, 5.43GB free) cpu=6.0% (15s mean 5.9%) jobs=0 amber=0 queued=0 lanes=8
2026-09-21T13:35:31 SAMPLE   ram=67.7% (11.34GB used, 5.41GB free) cpu=4.4% (15s mean 5.4%) jobs=0 amber=0 queued=0 lanes=8
2026-09-21T13:36:31 SAMPLE   ram=67.7% (11.35GB used, 5.40GB free) cpu=6.5% (15s mean 5.8%) jobs=0 amber=0 queued=0 lanes=8
2026-09-21T13:37:31 SAMPLE   ram=67.7% (11.35GB used, 5.40GB free) cpu=9.1% (15s mean 9.1%) jobs=0 amber=0 queued=0 lanes=8
2026-09-21T13:38:31 SAMPLE   ram=67.8% (11.36GB used, 5.38GB free) cpu=6.0% (15s mean 6.6%) jobs=0 amber=0 queued=0 lanes=8
2026-09-21T13:39:31 SAMPLE   ram=67.5% (11.31GB used, 5.44GB free) cpu=6.5% (15s mean 6.4%) jobs=0 amber=0 queued=0 lanes=8
2026-09-21T13:40:31 SAMPLE   ram=67.4% (11.29GB used, 5.46GB free) cpu=5.3% (15s mean 6.0%) jobs=0 amber=0 queued=0 lanes=8
2026-09-21T13:41:31 SAMPLE   ram=67.6% (11.31GB used, 5.43GB free) cpu=5.0% (15s mean 6.0%) jobs=0 amber=0 queued=0 lanes=8
2026-09-21T13:42:31 SAMPLE   ram=67.4% (11.29GB used, 5.46GB free) cpu=5.5% (15s mean 5.7%) jobs=0 amber=0 queued=0 lanes=8
2026-09-21T13:43:31 SAMPLE   ram=67.4% (11.29GB used, 5.46GB free) cpu=7.3% (15s mean 6.5%) jobs=0 amber=0 queued=0 lanes=8
2026-09-21T13:44:31 SAMPLE   ram=67.9% (11.37GB used, 5.38GB free) cpu=4.7% (15s mean 5.5%) jobs=0 amber=0 queued=0 lanes=8
2026-09-21T13:45:31 SAMPLE   ram=68.2% (11.42GB used, 5.33GB free) cpu=5.2% (15s mean 6.2%) jobs=0 amber=0 queued=0 lanes=8
2026-09-21T13:46:31 SAMPLE   ram=68.0% (11.40GB used, 5.35GB free) cpu=8.6% (15s mean 8.0%) jobs=0 amber=0 queued=0 lanes=8
2026-09-21T13:47:31 SAMPLE   ram=68.0% (11.39GB used, 5.36GB free) cpu=3.7% (15s mean 4.5%) jobs=0 amber=0 queued=0 lanes=8
2026-09-21T13:48:31 SAMPLE   ram=68.3% (11.44GB used, 5.31GB free) cpu=6.9% (15s mean 8.1%) jobs=0 amber=0 queued=0 lanes=8
2026-09-21T13:49:31 SAMPLE   ram=68.9% (11.55GB used, 5.20GB free) cpu=6.9% (15s mean 6.1%) jobs=0 amber=0 queued=0 lanes=8
2026-09-21T13:50:31 SAMPLE   ram=69.1% (11.57GB used, 5.18GB free) cpu=5.6% (15s mean 5.1%) jobs=0 amber=0 queued=0 lanes=8
2026-09-21T13:51:31 SAMPLE   ram=69.1% (11.57GB used, 5.18GB free) cpu=5.4% (15s mean 5.6%) jobs=0 amber=0 queued=0 lanes=8
2026-09-21T13:52:31 SAMPLE   ram=69.1% (11.58GB used, 5.17GB free) cpu=6.7% (15s mean 6.7%) jobs=0 amber=0 queued=0 lanes=8
2026-09-21T13:53:31 SAMPLE   ram=69.2% (11.59GB used, 5.16GB free) cpu=7.3% (15s mean 6.5%) jobs=0 amber=0 queued=0 lanes=8
2026-09-21T13:54:31 SAMPLE   ram=69.5% (11.63GB used, 5.12GB free) cpu=6.1% (15s mean 5.9%) jobs=0 amber=0 queued=0 lanes=8
2026-09-21T13:55:31 SAMPLE   ram=68.8% (11.52GB used, 5.23GB free) cpu=6.0% (15s mean 6.5%) jobs=0 amber=0 queued=0 lanes=8
2026-09-21T13:56:31 SAMPLE   ram=68.9% (11.53GB used, 5.22GB free) cpu=8.2% (15s mean 8.1%) jobs=0 amber=0 queued=0 lanes=8
2026-09-21T13:57:31 SAMPLE   ram=68.9% (11.54GB used, 5.21GB free) cpu=5.3% (15s mean 5.5%) jobs=0 amber=0 queued=0 lanes=8
2026-09-21T13:58:31 SAMPLE   ram=69.4% (11.62GB used, 5.13GB free) cpu=5.2% (15s mean 6.2%) jobs=0 amber=0 queued=0 lanes=8
2026-09-21T13:59:31 SAMPLE   ram=68.9% (11.54GB used, 5.21GB free) cpu=6.9% (15s mean 7.2%) jobs=0 amber=0 queued=0 lanes=8
2026-09-21T14:00:31 SAMPLE   ram=68.8% (11.53GB used, 5.22GB free) cpu=4.8% (15s mean 5.4%) jobs=0 amber=0 queued=0 lanes=8
2026-09-21T14:01:31 SAMPLE   ram=69.2% (11.59GB used, 5.16GB free) cpu=7.0% (15s mean 6.1%) jobs=0 amber=0 queued=0 lanes=8
2026-09-21T14:02:31 SAMPLE   ram=69.2% (11.59GB used, 5.16GB free) cpu=4.9% (15s mean 5.2%) jobs=0 amber=0 queued=0 lanes=8
2026-09-21T14:03:31 SAMPLE   ram=69.1% (11.58GB used, 5.17GB free) cpu=5.0% (15s mean 5.9%) jobs=0 amber=0 queued=0 lanes=8
2026-09-21T14:04:31 SAMPLE   ram=68.6% (11.48GB used, 5.26GB free) cpu=4.8% (15s mean 5.4%) jobs=0 amber=0 queued=0 lanes=8
2026-09-21T14:05:31 SAMPLE   ram=68.8% (11.52GB used, 5.23GB free) cpu=6.0% (15s mean 14.4%) jobs=0 amber=0 queued=0 lanes=8
2026-09-21T14:06:31 SAMPLE   ram=68.6% (11.49GB used, 5.26GB free) cpu=7.9% (15s mean 6.9%) jobs=0 amber=0 queued=0 lanes=8
2026-09-21T14:07:31 SAMPLE   ram=68.8% (11.52GB used, 5.23GB free) cpu=5.3% (15s mean 5.7%) jobs=0 amber=0 queued=0 lanes=8
2026-09-21T14:08:31 SAMPLE   ram=68.8% (11.52GB used, 5.23GB free) cpu=5.1% (15s mean 5.9%) jobs=0 amber=0 queued=0 lanes=8
2026-09-21T14:09:31 SAMPLE   ram=68.7% (11.51GB used, 5.24GB free) cpu=5.8% (15s mean 6.2%) jobs=0 amber=0 queued=0 lanes=8
2026-09-21T14:10:31 SAMPLE   ram=68.8% (11.53GB used, 5.22GB free) cpu=4.5% (15s mean 6.1%) jobs=0 amber=0 queued=0 lanes=8
2026-09-21T14:11:31 SAMPLE   ram=68.8% (11.53GB used, 5.22GB free) cpu=5.2% (15s mean 6.2%) jobs=0 amber=0 queued=0 lanes=8
2026-09-21T14:12:31 SAMPLE   ram=68.7% (11.51GB used, 5.24GB free) cpu=6.7% (15s mean 6.9%) jobs=0 amber=0 queued=0 lanes=8
2026-09-21T14:13:31 SAMPLE   ram=69.0% (11.56GB used, 5.19GB free) cpu=7.5% (15s mean 7.9%) jobs=0 amber=0 queued=0 lanes=8
2026-09-21T14:14:31 SAMPLE   ram=68.6% (11.50GB used, 5.25GB free) cpu=8.0% (15s mean 7.4%) jobs=0 amber=0 queued=0 lanes=8
2026-09-21T14:15:31 SAMPLE   ram=68.7% (11.51GB used, 5.24GB free) cpu=6.2% (15s mean 5.9%) jobs=0 amber=0 queued=0 lanes=8
2026-09-21T14:16:31 SAMPLE   ram=68.7% (11.50GB used, 5.25GB free) cpu=6.8% (15s mean 6.5%) jobs=0 amber=0 queued=0 lanes=8
2026-09-21T14:17:31 SAMPLE   ram=68.7% (11.51GB used, 5.24GB free) cpu=5.0% (15s mean 5.1%) jobs=0 amber=0 queued=0 lanes=8
2026-09-21T14:18:31 SAMPLE   ram=68.7% (11.50GB used, 5.25GB free) cpu=5.8% (15s mean 5.5%) jobs=0 amber=0 queued=0 lanes=8
2026-09-21T14:19:31 SAMPLE   ram=67.9% (11.37GB used, 5.38GB free) cpu=6.0% (15s mean 5.8%) jobs=0 amber=0 queued=0 lanes=8
2026-09-21T14:20:31 SAMPLE   ram=68.0% (11.39GB used, 5.36GB free) cpu=5.3% (15s mean 6.1%) jobs=0 amber=0 queued=0 lanes=8
2026-09-21T14:21:31 SAMPLE   ram=67.9% (11.37GB used, 5.38GB free) cpu=6.7% (15s mean 7.2%) jobs=0 amber=0 queued=0 lanes=8
2026-09-21T14:22:31 SAMPLE   ram=68.0% (11.40GB used, 5.35GB free) cpu=6.2% (15s mean 6.6%) jobs=0 amber=0 queued=0 lanes=8
2026-09-21T14:23:31 SAMPLE   ram=68.0% (11.39GB used, 5.36GB free) cpu=5.1% (15s mean 5.5%) jobs=0 amber=0 queued=0 lanes=8
2026-09-21T14:24:31 SAMPLE   ram=67.6% (11.32GB used, 5.43GB free) cpu=5.6% (15s mean 6.1%) jobs=0 amber=0 queued=0 lanes=8
2026-09-21T14:25:31 SAMPLE   ram=67.7% (11.34GB used, 5.41GB free) cpu=6.2% (15s mean 6.2%) jobs=0 amber=0 queued=0 lanes=8
2026-09-21T14:26:31 SAMPLE   ram=69.0% (11.56GB used, 5.19GB free) cpu=4.9% (15s mean 7.9%) jobs=0 amber=0 queued=0 lanes=8
2026-09-21T14:27:31 SAMPLE   ram=69.4% (11.62GB used, 5.13GB free) cpu=5.8% (15s mean 5.9%) jobs=0 amber=0 queued=0 lanes=8
2026-09-21T14:28:31 SAMPLE   ram=69.1% (11.57GB used, 5.18GB free) cpu=4.8% (15s mean 5.8%) jobs=0 amber=0 queued=0 lanes=8
2026-09-21T14:29:31 SAMPLE   ram=68.6% (11.49GB used, 5.26GB free) cpu=6.0% (15s mean 5.9%) jobs=0 amber=0 queued=0 lanes=8
2026-09-21T14:30:31 SAMPLE   ram=68.3% (11.45GB used, 5.30GB free) cpu=5.5% (15s mean 6.5%) jobs=0 amber=0 queued=0 lanes=8
2026-09-21T14:31:31 SAMPLE   ram=68.7% (11.52GB used, 5.23GB free) cpu=6.8% (15s mean 6.4%) jobs=0 amber=0 queued=0 lanes=8
2026-09-21T14:32:31 SAMPLE   ram=68.8% (11.52GB used, 5.23GB free) cpu=6.0% (15s mean 5.8%) jobs=0 amber=0 queued=0 lanes=8
2026-09-21T14:33:31 SAMPLE   ram=69.4% (11.63GB used, 5.12GB free) cpu=5.0% (15s mean 6.5%) jobs=0 amber=0 queued=0 lanes=8
2026-09-21T14:34:31 SAMPLE   ram=69.6% (11.65GB used, 5.09GB free) cpu=5.6% (15s mean 6.4%) jobs=0 amber=0 queued=0 lanes=8
2026-09-21T14:35:31 SAMPLE   ram=69.6% (11.66GB used, 5.09GB free) cpu=6.3% (15s mean 6.7%) jobs=0 amber=0 queued=0 lanes=8
2026-09-21T14:36:31 SAMPLE   ram=69.7% (11.68GB used, 5.07GB free) cpu=5.8% (15s mean 6.6%) jobs=0 amber=0 queued=0 lanes=8
2026-09-21T14:37:31 SAMPLE   ram=69.9% (11.70GB used, 5.05GB free) cpu=6.2% (15s mean 6.1%) jobs=0 amber=0 queued=0 lanes=8
2026-09-21T14:38:31 SAMPLE   ram=69.8% (11.68GB used, 5.07GB free) cpu=6.3% (15s mean 5.4%) jobs=0 amber=0 queued=0 lanes=8
2026-09-21T14:39:31 SAMPLE   ram=69.3% (11.60GB used, 5.15GB free) cpu=6.9% (15s mean 6.5%) jobs=0 amber=0 queued=0 lanes=8
2026-09-21T14:40:31 SAMPLE   ram=69.4% (11.62GB used, 5.13GB free) cpu=5.6% (15s mean 5.4%) jobs=0 amber=0 queued=0 lanes=8
2026-09-21T14:41:31 SAMPLE   ram=69.2% (11.59GB used, 5.16GB free) cpu=5.7% (15s mean 6.1%) jobs=0 amber=0 queued=0 lanes=8
2026-09-21T14:42:31 SAMPLE   ram=69.2% (11.59GB used, 5.16GB free) cpu=4.5% (15s mean 4.7%) jobs=0 amber=0 queued=0 lanes=8
2026-09-21T14:43:31 SAMPLE   ram=69.2% (11.60GB used, 5.15GB free) cpu=6.3% (15s mean 6.3%) jobs=0 amber=0 queued=0 lanes=8
2026-09-21T14:44:31 SAMPLE   ram=69.4% (11.62GB used, 5.13GB free) cpu=5.2% (15s mean 6.1%) jobs=0 amber=0 queued=0 lanes=8
2026-09-21T14:45:31 SAMPLE   ram=68.7% (11.51GB used, 5.24GB free) cpu=5.7% (15s mean 5.7%) jobs=0 amber=0 queued=0 lanes=8
2026-09-21T14:46:31 SAMPLE   ram=68.8% (11.53GB used, 5.22GB free) cpu=5.0% (15s mean 6.2%) jobs=0 amber=0 queued=0 lanes=8
2026-09-21T14:47:31 SAMPLE   ram=69.0% (11.55GB used, 5.20GB free) cpu=6.2% (15s mean 6.6%) jobs=0 amber=0 queued=0 lanes=8
2026-09-21T14:48:31 SAMPLE   ram=69.0% (11.55GB used, 5.20GB free) cpu=7.6% (15s mean 8.0%) jobs=0 amber=0 queued=0 lanes=8
2026-09-21T14:49:31 SAMPLE   ram=69.0% (11.56GB used, 5.19GB free) cpu=6.5% (15s mean 6.3%) jobs=0 amber=0 queued=0 lanes=8
2026-09-21T14:50:31 SAMPLE   ram=69.5% (11.63GB used, 5.12GB free) cpu=6.6% (15s mean 6.6%) jobs=0 amber=0 queued=0 lanes=8
2026-09-21T14:51:31 SAMPLE   ram=69.5% (11.64GB used, 5.11GB free) cpu=5.8% (15s mean 6.2%) jobs=0 amber=0 queued=0 lanes=8
2026-09-21T14:52:31 SAMPLE   ram=69.7% (11.67GB used, 5.08GB free) cpu=6.3% (15s mean 6.8%) jobs=0 amber=0 queued=0 lanes=8
2026-09-21T14:53:31 SAMPLE   ram=69.3% (11.60GB used, 5.15GB free) cpu=5.7% (15s mean 5.7%) jobs=0 amber=0 queued=0 lanes=8
2026-09-21T14:54:31 SAMPLE   ram=69.3% (11.61GB used, 5.14GB free) cpu=5.3% (15s mean 5.9%) jobs=0 amber=0 queued=0 lanes=8
2026-09-21T14:55:32 SAMPLE   ram=69.5% (11.64GB used, 5.11GB free) cpu=14.7% (15s mean 14.6%) jobs=0 amber=0 queued=0 lanes=8
2026-09-21T14:56:32 SAMPLE   ram=70.3% (11.77GB used, 4.98GB free) cpu=6.1% (15s mean 5.7%) jobs=0 amber=0 queued=0 lanes=8
2026-09-21T14:57:32 SAMPLE   ram=70.4% (11.79GB used, 4.96GB free) cpu=6.9% (15s mean 7.0%) jobs=0 amber=0 queued=0 lanes=8
2026-09-21T14:58:32 SAMPLE   ram=70.6% (11.82GB used, 4.93GB free) cpu=5.8% (15s mean 6.2%) jobs=0 amber=0 queued=0 lanes=8
2026-09-21T14:59:32 SAMPLE   ram=69.8% (11.70GB used, 5.05GB free) cpu=5.2% (15s mean 5.0%) jobs=0 amber=0 queued=0 lanes=8
2026-09-21T15:00:32 SAMPLE   ram=69.7% (11.67GB used, 5.08GB free) cpu=5.9% (15s mean 5.8%) jobs=0 amber=0 queued=0 lanes=8
2026-09-21T15:01:32 SAMPLE   ram=70.2% (11.75GB used, 5.00GB free) cpu=8.4% (15s mean 6.4%) jobs=0 amber=0 queued=0 lanes=8
2026-09-21T15:02:32 SAMPLE   ram=70.2% (11.76GB used, 4.99GB free) cpu=5.3% (15s mean 5.2%) jobs=0 amber=0 queued=0 lanes=8
2026-09-21T15:03:32 SAMPLE   ram=70.7% (11.84GB used, 4.91GB free) cpu=5.2% (15s mean 6.0%) jobs=0 amber=0 queued=0 lanes=8
2026-09-21T15:04:32 SAMPLE   ram=70.1% (11.74GB used, 5.01GB free) cpu=6.9% (15s mean 7.1%) jobs=0 amber=0 queued=0 lanes=8
2026-09-21T15:05:32 SAMPLE   ram=69.7% (11.67GB used, 5.08GB free) cpu=6.8% (15s mean 6.8%) jobs=0 amber=0 queued=0 lanes=8
2026-09-21T15:06:32 SAMPLE   ram=69.7% (11.67GB used, 5.08GB free) cpu=7.0% (15s mean 6.5%) jobs=0 amber=0 queued=0 lanes=8
2026-09-21T15:07:32 SAMPLE   ram=69.9% (11.71GB used, 5.04GB free) cpu=5.9% (15s mean 6.9%) jobs=0 amber=0 queued=0 lanes=8
2026-09-21T15:08:32 SAMPLE   ram=69.9% (11.71GB used, 5.04GB free) cpu=5.3% (15s mean 6.6%) jobs=0 amber=0 queued=0 lanes=8
2026-09-21T15:09:32 SAMPLE   ram=69.7% (11.67GB used, 5.08GB free) cpu=6.1% (15s mean 5.3%) jobs=0 amber=0 queued=0 lanes=8
2026-09-21T15:10:32 SAMPLE   ram=69.8% (11.69GB used, 5.06GB free) cpu=3.8% (15s mean 5.7%) jobs=0 amber=0 queued=0 lanes=8
2026-09-21T15:11:32 SAMPLE   ram=69.9% (11.71GB used, 5.04GB free) cpu=7.7% (15s mean 6.5%) jobs=0 amber=0 queued=0 lanes=8
2026-09-21T15:12:32 SAMPLE   ram=69.8% (11.68GB used, 5.07GB free) cpu=6.7% (15s mean 6.8%) jobs=0 amber=0 queued=0 lanes=8
2026-09-21T15:13:32 SAMPLE   ram=70.1% (11.74GB used, 5.01GB free) cpu=7.1% (15s mean 7.6%) jobs=0 amber=0 queued=0 lanes=8
2026-09-21T15:14:32 SAMPLE   ram=69.7% (11.67GB used, 5.08GB free) cpu=5.5% (15s mean 5.3%) jobs=0 amber=0 queued=0 lanes=8
2026-09-21T15:15:32 SAMPLE   ram=69.5% (11.63GB used, 5.12GB free) cpu=5.6% (15s mean 5.9%) jobs=0 amber=0 queued=0 lanes=8
2026-09-21T15:16:32 SAMPLE   ram=69.5% (11.65GB used, 5.10GB free) cpu=5.6% (15s mean 5.8%) jobs=0 amber=0 queued=0 lanes=8
2026-09-21T15:17:32 SAMPLE   ram=69.9% (11.71GB used, 5.04GB free) cpu=5.3% (15s mean 5.2%) jobs=0 amber=0 queued=0 lanes=8
2026-09-21T15:18:32 SAMPLE   ram=69.8% (11.69GB used, 5.06GB free) cpu=6.4% (15s mean 5.9%) jobs=0 amber=0 queued=0 lanes=8
2026-09-21T15:19:32 SAMPLE   ram=70.2% (11.76GB used, 4.99GB free) cpu=6.4% (15s mean 6.7%) jobs=0 amber=0 queued=0 lanes=8
2026-09-21T15:20:32 SAMPLE   ram=69.9% (11.70GB used, 5.05GB free) cpu=7.4% (15s mean 6.2%) jobs=0 amber=0 queued=0 lanes=8
2026-09-21T15:21:32 SAMPLE   ram=69.9% (11.71GB used, 5.04GB free) cpu=5.3% (15s mean 5.6%) jobs=0 amber=0 queued=0 lanes=8
2026-09-21T15:22:32 SAMPLE   ram=70.1% (11.74GB used, 5.01GB free) cpu=4.8% (15s mean 6.2%) jobs=0 amber=0 queued=0 lanes=8
2026-09-21T15:23:32 SAMPLE   ram=70.0% (11.72GB used, 5.03GB free) cpu=6.5% (15s mean 6.8%) jobs=0 amber=0 queued=0 lanes=8
2026-09-21T15:24:32 SAMPLE   ram=69.2% (11.59GB used, 5.16GB free) cpu=7.0% (15s mean 7.3%) jobs=0 amber=0 queued=0 lanes=8
2026-09-21T15:25:32 SAMPLE   ram=69.9% (11.72GB used, 5.03GB free) cpu=6.0% (15s mean 6.7%) jobs=0 amber=0 queued=0 lanes=8
2026-09-21T15:26:32 SAMPLE   ram=80.6% (13.51GB used, 3.24GB free) cpu=72.3% (15s mean 51.4%) jobs=0 amber=0 queued=0 lanes=8
2026-09-21T15:27:32 SAMPLE   ram=84.3% (14.12GB used, 2.63GB free) cpu=53.1% (15s mean 33.3%) jobs=0 amber=0 queued=0 lanes=8
2026-09-21T15:28:32 SAMPLE   ram=83.0% (13.90GB used, 2.84GB free) cpu=33.7% (15s mean 24.5%) jobs=0 amber=0 queued=0 lanes=8
2026-09-21T15:29:32 SAMPLE   ram=83.5% (13.98GB used, 2.77GB free) cpu=20.1% (15s mean 10.5%) jobs=0 amber=0 queued=0 lanes=8
2026-09-21T15:30:32 SAMPLE   ram=82.1% (13.75GB used, 3.00GB free) cpu=18.0% (15s mean 18.1%) jobs=0 amber=0 queued=0 lanes=8
2026-09-21T15:31:32 SAMPLE   ram=81.9% (13.71GB used, 3.04GB free) cpu=17.6% (15s mean 17.9%) jobs=0 amber=0 queued=0 lanes=8
2026-09-21T15:32:32 SAMPLE   ram=81.7% (13.68GB used, 3.07GB free) cpu=19.1% (15s mean 18.5%) jobs=0 amber=0 queued=0 lanes=8
2026-09-21T15:33:32 SAMPLE   ram=83.1% (13.91GB used, 2.84GB free) cpu=18.0% (15s mean 21.1%) jobs=0 amber=0 queued=0 lanes=8
2026-09-21T15:34:32 SAMPLE   ram=83.3% (13.96GB used, 2.79GB free) cpu=17.6% (15s mean 18.4%) jobs=0 amber=0 queued=0 lanes=8
2026-09-21T15:35:32 SAMPLE   ram=82.4% (13.81GB used, 2.94GB free) cpu=4.4% (15s mean 5.8%) jobs=0 amber=0 queued=0 lanes=8
2026-09-21T15:36:32 SAMPLE   ram=82.3% (13.78GB used, 2.97GB free) cpu=4.5% (15s mean 4.6%) jobs=0 amber=0 queued=0 lanes=8
2026-09-21T15:37:32 SAMPLE   ram=82.6% (13.83GB used, 2.92GB free) cpu=4.6% (15s mean 5.4%) jobs=0 amber=0 queued=0 lanes=8
2026-09-21T15:38:32 SAMPLE   ram=82.2% (13.77GB used, 2.98GB free) cpu=4.6% (15s mean 5.2%) jobs=0 amber=0 queued=0 lanes=8
2026-09-21T15:39:32 SAMPLE   ram=82.2% (13.77GB used, 2.98GB free) cpu=3.8% (15s mean 4.6%) jobs=0 amber=0 queued=0 lanes=8
2026-09-21T15:40:32 SAMPLE   ram=82.1% (13.75GB used, 3.00GB free) cpu=4.9% (15s mean 5.2%) jobs=0 amber=0 queued=0 lanes=8
2026-09-21T15:41:32 SAMPLE   ram=82.1% (13.76GB used, 2.99GB free) cpu=5.9% (15s mean 6.8%) jobs=0 amber=0 queued=0 lanes=8
2026-09-21T15:42:32 SAMPLE   ram=82.0% (13.73GB used, 3.02GB free) cpu=6.5% (15s mean 6.0%) jobs=0 amber=0 queued=0 lanes=8
2026-09-21T15:43:32 SAMPLE   ram=83.1% (13.93GB used, 2.82GB free) cpu=7.4% (15s mean 5.8%) jobs=0 amber=0 queued=0 lanes=8
2026-09-21T15:44:32 SAMPLE   ram=83.1% (13.91GB used, 2.84GB free) cpu=5.3% (15s mean 4.9%) jobs=0 amber=0 queued=0 lanes=8
2026-09-21T15:45:32 SAMPLE   ram=82.6% (13.84GB used, 2.91GB free) cpu=3.9% (15s mean 4.6%) jobs=0 amber=0 queued=0 lanes=8
2026-09-21T15:46:32 SAMPLE   ram=82.9% (13.89GB used, 2.86GB free) cpu=5.7% (15s mean 4.8%) jobs=0 amber=0 queued=0 lanes=8
2026-09-21T15:47:32 SAMPLE   ram=82.8% (13.87GB used, 2.88GB free) cpu=4.1% (15s mean 4.5%) jobs=0 amber=0 queued=0 lanes=8
2026-09-21T15:48:32 SAMPLE   ram=83.2% (13.94GB used, 2.81GB free) cpu=5.4% (15s mean 6.9%) jobs=0 amber=0 queued=0 lanes=8
2026-09-21T15:49:32 SAMPLE   ram=83.0% (13.90GB used, 2.85GB free) cpu=4.3% (15s mean 4.5%) jobs=0 amber=0 queued=0 lanes=8
2026-09-21T15:50:32 SAMPLE   ram=82.9% (13.89GB used, 2.86GB free) cpu=4.7% (15s mean 4.5%) jobs=0 amber=0 queued=0 lanes=8
2026-09-21T15:51:32 SAMPLE   ram=82.9% (13.88GB used, 2.87GB free) cpu=5.5% (15s mean 4.9%) jobs=0 amber=0 queued=0 lanes=8
2026-09-21T15:52:32 SAMPLE   ram=83.0% (13.90GB used, 2.85GB free) cpu=4.2% (15s mean 5.0%) jobs=0 amber=0 queued=0 lanes=8
2026-09-21T15:53:32 SAMPLE   ram=83.0% (13.90GB used, 2.85GB free) cpu=5.6% (15s mean 5.2%) jobs=0 amber=0 queued=0 lanes=8
2026-09-21T15:54:32 SAMPLE   ram=84.6% (14.16GB used, 2.58GB free) cpu=22.8% (15s mean 22.4%) jobs=0 amber=0 queued=0 lanes=8
2026-09-21T15:55:32 SAMPLE   ram=84.3% (14.12GB used, 2.63GB free) cpu=23.6% (15s mean 23.6%) jobs=0 amber=0 queued=0 lanes=8
2026-09-21T15:56:32 SAMPLE   ram=84.2% (14.11GB used, 2.64GB free) cpu=41.1% (15s mean 39.1%) jobs=0 amber=0 queued=0 lanes=8
2026-09-21T15:57:32 SAMPLE   ram=84.3% (14.11GB used, 2.64GB free) cpu=39.4% (15s mean 38.2%) jobs=0 amber=0 queued=0 lanes=8
2026-09-21T15:58:32 SAMPLE   ram=85.6% (14.35GB used, 2.40GB free) cpu=21.4% (15s mean 20.8%) jobs=0 amber=0 queued=0 lanes=8
2026-09-21T15:59:32 SAMPLE   ram=82.0% (13.74GB used, 3.01GB free) cpu=26.5% (15s mean 24.8%) jobs=0 amber=0 queued=0 lanes=8
2026-09-21T16:00:32 SAMPLE   ram=79.8% (13.37GB used, 3.38GB free) cpu=19.9% (15s mean 25.2%) jobs=0 amber=0 queued=0 lanes=8
2026-09-21T16:01:32 SAMPLE   ram=79.3% (13.29GB used, 3.46GB free) cpu=16.4% (15s mean 16.1%) jobs=0 amber=0 queued=0 lanes=8
2026-09-21T16:02:32 SAMPLE   ram=83.7% (14.02GB used, 2.73GB free) cpu=17.8% (15s mean 13.2%) jobs=0 amber=0 queued=0 lanes=8
2026-09-21T16:03:32 SAMPLE   ram=85.1% (14.25GB used, 2.50GB free) cpu=10.1% (15s mean 16.0%) jobs=0 amber=0 queued=0 lanes=8
2026-09-21T16:04:32 SAMPLE   ram=83.0% (13.89GB used, 2.85GB free) cpu=14.1% (15s mean 15.4%) jobs=0 amber=0 queued=0 lanes=8
2026-09-21T16:05:32 SAMPLE   ram=79.1% (13.24GB used, 3.51GB free) cpu=5.4% (15s mean 5.4%) jobs=0 amber=0 queued=0 lanes=8
2026-09-21T16:06:32 SAMPLE   ram=78.9% (13.21GB used, 3.54GB free) cpu=7.4% (15s mean 6.0%) jobs=0 amber=0 queued=0 lanes=8
2026-09-21T16:07:32 SAMPLE   ram=82.4% (13.80GB used, 2.95GB free) cpu=18.1% (15s mean 18.8%) jobs=0 amber=0 queued=0 lanes=8
2026-09-21T16:08:32 SAMPLE   ram=79.8% (13.37GB used, 3.38GB free) cpu=5.1% (15s mean 4.5%) jobs=0 amber=0 queued=0 lanes=8
2026-09-21T16:09:32 SAMPLE   ram=79.5% (13.31GB used, 3.44GB free) cpu=8.0% (15s mean 6.9%) jobs=0 amber=0 queued=0 lanes=8
2026-09-21T16:10:32 SAMPLE   ram=79.2% (13.27GB used, 3.48GB free) cpu=7.0% (15s mean 6.2%) jobs=0 amber=0 queued=0 lanes=8
2026-09-21T16:11:32 SAMPLE   ram=79.4% (13.29GB used, 3.45GB free) cpu=8.5% (15s mean 6.9%) jobs=0 amber=0 queued=0 lanes=8
2026-09-21T16:12:32 SAMPLE   ram=79.0% (13.22GB used, 3.52GB free) cpu=5.6% (15s mean 5.6%) jobs=0 amber=0 queued=0 lanes=8
2026-09-21T16:13:32 SAMPLE   ram=79.4% (13.30GB used, 3.45GB free) cpu=8.5% (15s mean 8.0%) jobs=0 amber=0 queued=0 lanes=8
2026-09-21T16:14:32 SAMPLE   ram=79.2% (13.27GB used, 3.48GB free) cpu=6.1% (15s mean 6.1%) jobs=0 amber=0 queued=0 lanes=8
2026-09-21T16:15:32 SAMPLE   ram=77.9% (13.04GB used, 3.71GB free) cpu=17.1% (15s mean 11.7%) jobs=0 amber=0 queued=0 lanes=8
2026-09-21T16:16:32 SAMPLE   ram=76.2% (12.77GB used, 3.98GB free) cpu=7.7% (15s mean 6.5%) jobs=0 amber=0 queued=0 lanes=8
2026-09-21T16:17:32 SAMPLE   ram=76.4% (12.80GB used, 3.95GB free) cpu=8.1% (15s mean 8.0%) jobs=0 amber=0 queued=0 lanes=8
2026-09-21T16:18:32 SAMPLE   ram=76.5% (12.82GB used, 3.93GB free) cpu=6.5% (15s mean 7.0%) jobs=0 amber=0 queued=0 lanes=8
2026-09-21T18:48:18 SAMPLE   ram=77.7% (13.01GB used, 3.74GB free) cpu=0.3% (15s mean 11.7%) jobs=0 amber=0 queued=0 lanes=8
2026-09-21T18:49:18 SAMPLE   ram=85.0% (14.24GB used, 2.51GB free) cpu=23.3% (15s mean 19.9%) jobs=0 amber=0 queued=0 lanes=8
2026-09-21T18:50:18 SAMPLE   ram=85.6% (14.34GB used, 2.42GB free) cpu=46.9% (15s mean 46.3%) jobs=0 amber=0 queued=0 lanes=8
2026-09-21T18:51:18 SAMPLE   ram=81.7% (13.68GB used, 3.07GB free) cpu=10.7% (15s mean 17.3%) jobs=0 amber=0 queued=0 lanes=8
2026-09-21T18:52:18 SAMPLE   ram=81.7% (13.68GB used, 3.06GB free) cpu=31.8% (15s mean 14.7%) jobs=0 amber=0 queued=0 lanes=8
2026-09-21T18:53:18 SAMPLE   ram=81.4% (13.64GB used, 3.11GB free) cpu=11.5% (15s mean 9.5%) jobs=0 amber=0 queued=0 lanes=8
2026-09-21T18:54:18 SAMPLE   ram=81.3% (13.62GB used, 3.13GB free) cpu=12.4% (15s mean 10.9%) jobs=0 amber=0 queued=0 lanes=8
2026-09-21T18:55:18 SAMPLE   ram=82.3% (13.79GB used, 2.96GB free) cpu=20.0% (15s mean 21.4%) jobs=0 amber=0 queued=0 lanes=8
2026-09-21T18:56:18 SAMPLE   ram=81.1% (13.58GB used, 3.17GB free) cpu=4.5% (15s mean 7.4%) jobs=0 amber=0 queued=0 lanes=8
2026-09-21T18:57:18 SAMPLE   ram=80.7% (13.52GB used, 3.23GB free) cpu=5.2% (15s mean 4.7%) jobs=0 amber=0 queued=0 lanes=8
2026-09-21T18:58:18 SAMPLE   ram=80.7% (13.51GB used, 3.24GB free) cpu=2.3% (15s mean 3.5%) jobs=0 amber=0 queued=0 lanes=8
2026-09-21T18:59:18 SAMPLE   ram=83.1% (13.92GB used, 2.83GB free) cpu=9.3% (15s mean 15.7%) jobs=0 amber=0 queued=0 lanes=8
2026-09-21T19:00:18 SAMPLE   ram=85.4% (14.31GB used, 2.44GB free) cpu=11.6% (15s mean 11.7%) jobs=0 amber=0 queued=0 lanes=8
2026-09-21T19:01:18 SAMPLE   ram=84.1% (14.09GB used, 2.66GB free) cpu=11.7% (15s mean 10.5%) jobs=0 amber=0 queued=0 lanes=8
2026-09-21T19:02:18 SAMPLE   ram=83.9% (14.05GB used, 2.70GB free) cpu=7.8% (15s mean 7.0%) jobs=0 amber=0 queued=0 lanes=8
2026-09-21T19:03:18 SAMPLE   ram=84.6% (14.17GB used, 2.58GB free) cpu=8.0% (15s mean 8.9%) jobs=0 amber=0 queued=0 lanes=8
2026-09-21T19:04:18 SAMPLE   ram=84.2% (14.10GB used, 2.65GB free) cpu=8.9% (15s mean 7.9%) jobs=0 amber=0 queued=0 lanes=8
2026-09-21T19:05:18 SAMPLE   ram=84.1% (14.09GB used, 2.66GB free) cpu=5.9% (15s mean 6.1%) jobs=0 amber=0 queued=0 lanes=8
2026-09-21T19:06:18 SAMPLE   ram=83.2% (13.94GB used, 2.81GB free) cpu=4.2% (15s mean 4.2%) jobs=0 amber=0 queued=0 lanes=8
2026-09-21T19:07:18 SAMPLE   ram=83.0% (13.90GB used, 2.85GB free) cpu=2.0% (15s mean 2.8%) jobs=0 amber=0 queued=0 lanes=8
2026-09-21T19:08:18 SAMPLE   ram=82.8% (13.88GB used, 2.87GB free) cpu=2.9% (15s mean 3.4%) jobs=0 amber=0 queued=0 lanes=8
2026-09-21T19:09:18 SAMPLE   ram=82.6% (13.84GB used, 2.92GB free) cpu=7.1% (15s mean 5.4%) jobs=0 amber=0 queued=0 lanes=8
2026-09-21T19:10:18 SAMPLE   ram=79.4% (13.30GB used, 3.45GB free) cpu=5.4% (15s mean 6.6%) jobs=0 amber=0 queued=0 lanes=8
2026-09-21T19:11:18 SAMPLE   ram=81.9% (13.71GB used, 3.04GB free) cpu=8.5% (15s mean 22.3%) jobs=0 amber=0 queued=0 lanes=8
2026-09-21T19:12:18 SAMPLE   ram=82.2% (13.76GB used, 2.99GB free) cpu=9.6% (15s mean 11.1%) jobs=0 amber=0 queued=0 lanes=8
2026-09-21T19:13:18 SAMPLE   ram=81.8% (13.70GB used, 3.05GB free) cpu=10.5% (15s mean 11.6%) jobs=0 amber=0 queued=0 lanes=8
2026-09-21T19:14:18 SAMPLE   ram=82.6% (13.83GB used, 2.92GB free) cpu=9.1% (15s mean 10.2%) jobs=0 amber=0 queued=0 lanes=8
2026-09-21T19:15:18 SAMPLE   ram=82.3% (13.79GB used, 2.96GB free) cpu=9.9% (15s mean 11.9%) jobs=0 amber=0 queued=0 lanes=8
2026-09-21T19:16:18 SAMPLE   ram=82.8% (13.87GB used, 2.88GB free) cpu=7.7% (15s mean 9.4%) jobs=0 amber=0 queued=0 lanes=8
2026-09-21T19:17:18 SAMPLE   ram=83.0% (13.91GB used, 2.84GB free) cpu=15.2% (15s mean 12.7%) jobs=0 amber=0 queued=0 lanes=8
2026-09-21T19:18:18 SAMPLE   ram=84.1% (14.09GB used, 2.66GB free) cpu=9.9% (15s mean 20.0%) jobs=0 amber=0 queued=0 lanes=8
2026-09-21T19:19:18 SAMPLE   ram=83.1% (13.93GB used, 2.82GB free) cpu=7.4% (15s mean 8.9%) jobs=0 amber=0 queued=0 lanes=8
2026-09-21T19:20:18 SAMPLE   ram=85.3% (14.28GB used, 2.47GB free) cpu=20.8% (15s mean 21.7%) jobs=0 amber=0 queued=0 lanes=8
2026-09-21T19:21:18 SAMPLE   ram=88.6% (14.84GB used, 1.91GB free) cpu=24.3% (15s mean 20.3%) jobs=0 amber=0 queued=0 lanes=8
2026-09-21T19:22:18 SAMPLE   ram=89.8% (15.04GB used, 1.71GB free) cpu=9.0% (15s mean 18.5%) jobs=0 amber=0 queued=0 lanes=8
2026-09-21T19:23:18 SAMPLE   ram=84.4% (14.13GB used, 2.62GB free) cpu=9.2% (15s mean 17.5%) jobs=0 amber=0 queued=0 lanes=8
2026-09-21T19:24:18 SAMPLE   ram=82.9% (13.89GB used, 2.86GB free) cpu=5.1% (15s mean 3.9%) jobs=0 amber=0 queued=0 lanes=8
2026-09-21T19:25:18 SAMPLE   ram=83.9% (14.05GB used, 2.70GB free) cpu=20.4% (15s mean 12.7%) jobs=0 amber=0 queued=0 lanes=8
2026-09-21T19:26:18 SAMPLE   ram=88.4% (14.81GB used, 1.94GB free) cpu=9.3% (15s mean 20.2%) jobs=0 amber=0 queued=0 lanes=8
2026-09-21T19:27:18 SAMPLE   ram=88.6% (14.85GB used, 1.90GB free) cpu=13.2% (15s mean 8.9%) jobs=0 amber=0 queued=0 lanes=8
2026-09-21T19:28:18 SAMPLE   ram=88.5% (14.82GB used, 1.93GB free) cpu=9.0% (15s mean 13.5%) jobs=0 amber=0 queued=0 lanes=8
2026-09-21T19:29:18 SAMPLE   ram=87.9% (14.73GB used, 2.02GB free) cpu=10.6% (15s mean 10.2%) jobs=0 amber=0 queued=0 lanes=8
2026-09-21T19:30:18 SAMPLE   ram=87.3% (14.62GB used, 2.13GB free) cpu=14.4% (15s mean 12.0%) jobs=0 amber=0 queued=0 lanes=8
2026-09-21T19:31:18 SAMPLE   ram=86.6% (14.50GB used, 2.25GB free) cpu=8.8% (15s mean 11.6%) jobs=0 amber=0 queued=0 lanes=8
2026-09-21T19:32:18 SAMPLE   ram=85.5% (14.32GB used, 2.43GB free) cpu=7.9% (15s mean 9.5%) jobs=0 amber=0 queued=0 lanes=8
2026-09-21T19:33:18 SAMPLE   ram=85.7% (14.35GB used, 2.40GB free) cpu=9.4% (15s mean 10.4%) jobs=0 amber=0 queued=0 lanes=8
2026-09-21T19:34:18 SAMPLE   ram=84.3% (14.13GB used, 2.62GB free) cpu=6.7% (15s mean 7.6%) jobs=0 amber=0 queued=0 lanes=8
2026-09-21T19:35:18 SAMPLE   ram=80.2% (13.44GB used, 3.31GB free) cpu=8.6% (15s mean 15.1%) jobs=0 amber=0 queued=0 lanes=8
2026-09-21T19:36:18 SAMPLE   ram=82.8% (13.88GB used, 2.87GB free) cpu=31.4% (15s mean 16.3%) jobs=0 amber=0 queued=0 lanes=8
2026-09-21T19:37:18 SAMPLE   ram=83.8% (14.03GB used, 2.72GB free) cpu=8.3% (15s mean 13.2%) jobs=0 amber=0 queued=0 lanes=8
2026-09-21T19:38:18 SAMPLE   ram=84.2% (14.10GB used, 2.65GB free) cpu=7.9% (15s mean 10.9%) jobs=0 amber=0 queued=0 lanes=8
2026-09-21T19:39:18 SAMPLE   ram=84.2% (14.10GB used, 2.65GB free) cpu=11.2% (15s mean 10.5%) jobs=0 amber=0 queued=0 lanes=8
2026-09-21T19:40:18 SAMPLE   ram=83.8% (14.04GB used, 2.71GB free) cpu=9.4% (15s mean 9.2%) jobs=0 amber=0 queued=0 lanes=8
2026-09-21T19:41:18 SAMPLE   ram=84.3% (14.13GB used, 2.62GB free) cpu=14.8% (15s mean 15.6%) jobs=0 amber=0 queued=0 lanes=8
2026-09-21T19:42:18 SAMPLE   ram=86.3% (14.46GB used, 2.29GB free) cpu=19.3% (15s mean 27.7%) jobs=0 amber=0 queued=0 lanes=8
2026-09-21T19:43:18 SAMPLE   ram=82.0% (13.73GB used, 3.01GB free) cpu=8.5% (15s mean 10.4%) jobs=0 amber=0 queued=0 lanes=8
2026-09-21T19:44:18 SAMPLE   ram=85.1% (14.26GB used, 2.49GB free) cpu=20.3% (15s mean 26.4%) jobs=0 amber=0 queued=0 lanes=8
2026-09-21T19:45:18 SAMPLE   ram=84.0% (14.06GB used, 2.69GB free) cpu=9.1% (15s mean 10.1%) jobs=0 amber=0 queued=0 lanes=8
2026-09-21T19:46:18 SAMPLE   ram=83.1% (13.91GB used, 2.83GB free) cpu=7.8% (15s mean 9.5%) jobs=0 amber=0 queued=0 lanes=8
2026-09-21T19:47:18 SAMPLE   ram=84.3% (14.12GB used, 2.62GB free) cpu=12.1% (15s mean 11.1%) jobs=0 amber=0 queued=0 lanes=8
2026-09-21T19:48:18 SAMPLE   ram=83.9% (14.06GB used, 2.69GB free) cpu=13.0% (15s mean 13.6%) jobs=0 amber=0 queued=0 lanes=8
2026-09-21T19:49:18 SAMPLE   ram=86.9% (14.55GB used, 2.20GB free) cpu=13.4% (15s mean 13.4%) jobs=0 amber=0 queued=0 lanes=8
2026-09-21T19:50:18 SAMPLE   ram=85.6% (14.33GB used, 2.42GB free) cpu=10.6% (15s mean 13.3%) jobs=0 amber=0 queued=0 lanes=8
2026-09-21T19:51:18 SAMPLE   ram=86.3% (14.45GB used, 2.30GB free) cpu=12.7% (15s mean 17.3%) jobs=0 amber=0 queued=0 lanes=8
2026-09-21T19:52:18 SAMPLE   ram=86.2% (14.44GB used, 2.31GB free) cpu=17.2% (15s mean 13.4%) jobs=0 amber=0 queued=0 lanes=8
2026-09-21T19:53:18 SAMPLE   ram=84.6% (14.18GB used, 2.57GB free) cpu=9.2% (15s mean 9.0%) jobs=0 amber=0 queued=0 lanes=8
2026-09-21T19:54:18 SAMPLE   ram=87.7% (14.69GB used, 2.06GB free) cpu=27.4% (15s mean 18.0%) jobs=0 amber=0 queued=0 lanes=8
2026-09-21T19:55:18 SAMPLE   ram=84.7% (14.19GB used, 2.56GB free) cpu=10.3% (15s mean 6.8%) jobs=0 amber=0 queued=0 lanes=8
2026-09-21T19:56:18 SAMPLE   ram=90.2% (15.10GB used, 1.65GB free) cpu=39.0% (15s mean 36.8%) jobs=0 amber=0 queued=0 lanes=8
2026-09-21T19:57:18 SAMPLE   ram=89.2% (14.93GB used, 1.81GB free) cpu=4.8% (15s mean 5.0%) jobs=0 amber=0 queued=0 lanes=8
2026-09-21T19:58:18 SAMPLE   ram=89.0% (14.91GB used, 1.84GB free) cpu=7.5% (15s mean 5.2%) jobs=0 amber=0 queued=0 lanes=8
2026-09-21T19:59:18 SAMPLE   ram=87.8% (14.70GB used, 2.05GB free) cpu=5.3% (15s mean 5.2%) jobs=0 amber=0 queued=0 lanes=8
2026-09-21T20:00:18 SAMPLE   ram=91.0% (15.24GB used, 1.51GB free) cpu=24.7% (15s mean 15.4%) jobs=0 amber=0 queued=0 lanes=8
2026-09-21T20:01:18 SAMPLE   ram=96.9% (16.24GB used, 0.51GB free) cpu=14.7% (15s mean 15.2%) jobs=0 amber=0 queued=0 lanes=8
2026-09-21T20:01:33 WARN     ram at 98.8% with no registered jobs: the pressure is outside the campaign's processes
2026-09-21T20:02:18 SAMPLE   ram=97.6% (16.34GB used, 0.41GB free) cpu=14.6% (15s mean 15.9%) jobs=0 amber=0 queued=0 lanes=8
2026-09-21T20:02:33 WARN     ram at 97.5% with no registered jobs: the pressure is outside the campaign's processes
2026-09-21T20:03:18 SAMPLE   ram=97.2% (16.28GB used, 0.47GB free) cpu=15.1% (15s mean 12.8%) jobs=0 amber=0 queued=0 lanes=8
2026-09-21T20:03:33 WARN     ram at 97.6% with no registered jobs: the pressure is outside the campaign's processes
2026-09-21T20:04:18 SAMPLE   ram=97.2% (16.29GB used, 0.46GB free) cpu=18.6% (15s mean 17.8%) jobs=0 amber=0 queued=0 lanes=8
2026-09-21T20:04:33 WARN     ram at 97.1% with no registered jobs: the pressure is outside the campaign's processes
2026-09-21T20:05:18 SAMPLE   ram=99.4% (16.64GB used, 0.10GB free) cpu=76.2% (15s mean 50.3%) jobs=0 amber=0 queued=0 lanes=8
2026-09-21T20:06:18 SAMPLE   ram=88.5% (14.83GB used, 1.92GB free) cpu=19.2% (15s mean 21.7%) jobs=0 amber=0 queued=0 lanes=8
2026-09-21T20:07:18 SAMPLE   ram=88.0% (14.74GB used, 2.01GB free) cpu=16.9% (15s mean 14.8%) jobs=0 amber=0 queued=0 lanes=8
2026-09-21T20:08:18 SAMPLE   ram=87.8% (14.70GB used, 2.05GB free) cpu=14.6% (15s mean 13.6%) jobs=0 amber=0 queued=0 lanes=8
2026-09-21T20:09:18 SAMPLE   ram=85.5% (14.31GB used, 2.44GB free) cpu=18.1% (15s mean 14.6%) jobs=0 amber=0 queued=0 lanes=8
2026-09-21T20:10:18 SAMPLE   ram=85.7% (14.35GB used, 2.40GB free) cpu=19.9% (15s mean 16.2%) jobs=0 amber=0 queued=0 lanes=8
2026-09-21T20:11:18 SAMPLE   ram=85.6% (14.34GB used, 2.41GB free) cpu=11.4% (15s mean 15.1%) jobs=0 amber=0 queued=0 lanes=8
2026-09-21T20:12:18 SAMPLE   ram=86.2% (14.43GB used, 2.32GB free) cpu=12.8% (15s mean 12.1%) jobs=0 amber=0 queued=0 lanes=8
2026-09-21T20:13:18 SAMPLE   ram=86.1% (14.42GB used, 2.33GB free) cpu=13.0% (15s mean 13.2%) jobs=0 amber=0 queued=0 lanes=8
2026-09-21T20:14:18 SAMPLE   ram=84.8% (14.20GB used, 2.55GB free) cpu=14.6% (15s mean 13.6%) jobs=0 amber=0 queued=0 lanes=8
2026-09-21T20:15:18 SAMPLE   ram=84.5% (14.16GB used, 2.59GB free) cpu=11.6% (15s mean 12.9%) jobs=0 amber=0 queued=0 lanes=8
2026-09-21T20:16:18 SAMPLE   ram=84.9% (14.22GB used, 2.52GB free) cpu=12.2% (15s mean 11.8%) jobs=0 amber=0 queued=0 lanes=8
2026-09-21T20:17:18 SAMPLE   ram=85.1% (14.26GB used, 2.49GB free) cpu=14.0% (15s mean 12.5%) jobs=0 amber=0 queued=0 lanes=8
2026-09-21T20:18:18 SAMPLE   ram=82.3% (13.78GB used, 2.97GB free) cpu=12.4% (15s mean 17.0%) jobs=0 amber=0 queued=0 lanes=8
2026-09-21T20:19:18 SAMPLE   ram=81.9% (13.72GB used, 3.03GB free) cpu=10.8% (15s mean 12.0%) jobs=0 amber=0 queued=0 lanes=8
2026-09-21T20:20:18 SAMPLE   ram=82.5% (13.81GB used, 2.94GB free) cpu=13.5% (15s mean 14.6%) jobs=0 amber=0 queued=0 lanes=8
2026-09-21T20:21:18 SAMPLE   ram=82.2% (13.77GB used, 2.98GB free) cpu=11.0% (15s mean 11.6%) jobs=0 amber=0 queued=0 lanes=8
2026-09-21T20:22:18 SAMPLE   ram=82.3% (13.78GB used, 2.97GB free) cpu=14.5% (15s mean 14.3%) jobs=0 amber=0 queued=0 lanes=8
2026-09-21T20:23:18 SAMPLE   ram=82.1% (13.75GB used, 3.00GB free) cpu=15.4% (15s mean 14.4%) jobs=0 amber=0 queued=0 lanes=8
2026-09-21T20:24:18 SAMPLE   ram=82.0% (13.74GB used, 3.01GB free) cpu=15.9% (15s mean 12.8%) jobs=0 amber=0 queued=0 lanes=8
2026-09-21T20:25:18 SAMPLE   ram=82.3% (13.78GB used, 2.97GB free) cpu=14.1% (15s mean 13.0%) jobs=0 amber=0 queued=0 lanes=8
2026-09-21T20:26:18 SAMPLE   ram=82.3% (13.78GB used, 2.97GB free) cpu=15.7% (15s mean 17.4%) jobs=0 amber=0 queued=0 lanes=8
2026-09-21T20:27:18 SAMPLE   ram=82.3% (13.79GB used, 2.96GB free) cpu=16.0% (15s mean 15.0%) jobs=0 amber=0 queued=0 lanes=8
2026-09-21T20:28:18 SAMPLE   ram=82.6% (13.84GB used, 2.91GB free) cpu=13.5% (15s mean 17.1%) jobs=0 amber=0 queued=0 lanes=8
2026-09-21T20:29:18 SAMPLE   ram=81.0% (13.57GB used, 3.18GB free) cpu=11.6% (15s mean 13.9%) jobs=0 amber=0 queued=0 lanes=8
2026-09-21T20:30:18 SAMPLE   ram=80.7% (13.51GB used, 3.24GB free) cpu=13.3% (15s mean 14.0%) jobs=0 amber=0 queued=0 lanes=8
2026-09-21T20:31:18 SAMPLE   ram=81.2% (13.61GB used, 3.14GB free) cpu=14.4% (15s mean 14.8%) jobs=0 amber=0 queued=0 lanes=8
2026-09-21T20:32:19 SAMPLE   ram=81.4% (13.64GB used, 3.11GB free) cpu=13.9% (15s mean 13.6%) jobs=0 amber=0 queued=0 lanes=8
2026-09-21T20:33:18 SAMPLE   ram=82.0% (13.73GB used, 3.02GB free) cpu=14.0% (15s mean 14.5%) jobs=0 amber=0 queued=0 lanes=8
2026-09-21T20:34:18 SAMPLE   ram=82.1% (13.75GB used, 3.00GB free) cpu=14.8% (15s mean 15.8%) jobs=0 amber=0 queued=0 lanes=8
2026-09-21T20:35:18 SAMPLE   ram=80.7% (13.52GB used, 3.23GB free) cpu=11.6% (15s mean 13.7%) jobs=0 amber=0 queued=0 lanes=8
2026-09-21T20:36:18 SAMPLE   ram=82.2% (13.77GB used, 2.98GB free) cpu=14.6% (15s mean 14.3%) jobs=0 amber=0 queued=0 lanes=8
2026-09-21T20:37:18 SAMPLE   ram=82.5% (13.82GB used, 2.93GB free) cpu=13.4% (15s mean 14.7%) jobs=0 amber=0 queued=0 lanes=8
2026-09-21T20:38:19 SAMPLE   ram=81.6% (13.68GB used, 3.07GB free) cpu=11.5% (15s mean 12.3%) jobs=0 amber=0 queued=0 lanes=8
2026-09-21T20:39:18 SAMPLE   ram=81.3% (13.62GB used, 3.13GB free) cpu=14.3% (15s mean 13.9%) jobs=0 amber=0 queued=0 lanes=8
2026-09-21T20:40:18 SAMPLE   ram=85.1% (14.25GB used, 2.50GB free) cpu=59.5% (15s mean 54.2%) jobs=0 amber=0 queued=0 lanes=8
2026-09-21T20:41:18 SAMPLE   ram=86.2% (14.43GB used, 2.32GB free) cpu=16.8% (15s mean 23.7%) jobs=0 amber=0 queued=0 lanes=8
2026-09-21T20:42:19 SAMPLE   ram=84.8% (14.21GB used, 2.54GB free) cpu=15.3% (15s mean 14.1%) jobs=0 amber=0 queued=0 lanes=8
2026-09-21T20:43:19 SAMPLE   ram=85.4% (14.30GB used, 2.45GB free) cpu=14.2% (15s mean 14.6%) jobs=0 amber=0 queued=0 lanes=8
2026-09-21T20:44:19 SAMPLE   ram=84.3% (14.12GB used, 2.63GB free) cpu=15.7% (15s mean 16.2%) jobs=0 amber=0 queued=0 lanes=8
2026-09-21T20:45:19 SAMPLE   ram=83.7% (14.02GB used, 2.73GB free) cpu=13.5% (15s mean 13.1%) jobs=0 amber=0 queued=0 lanes=8
2026-09-21T20:46:19 SAMPLE   ram=83.7% (14.02GB used, 2.73GB free) cpu=13.2% (15s mean 12.4%) jobs=0 amber=0 queued=0 lanes=8
2026-09-21T20:47:19 SAMPLE   ram=83.9% (14.05GB used, 2.70GB free) cpu=10.5% (15s mean 10.7%) jobs=0 amber=0 queued=0 lanes=8
2026-09-21T20:48:19 SAMPLE   ram=86.3% (14.45GB used, 2.30GB free) cpu=21.7% (15s mean 19.1%) jobs=0 amber=0 queued=0 lanes=8
2026-09-21T20:49:19 SAMPLE   ram=83.2% (13.94GB used, 2.81GB free) cpu=14.2% (15s mean 13.6%) jobs=0 amber=0 queued=0 lanes=8
2026-09-21T20:50:19 SAMPLE   ram=83.0% (13.91GB used, 2.84GB free) cpu=12.0% (15s mean 12.9%) jobs=0 amber=0 queued=0 lanes=8
2026-09-21T20:51:19 SAMPLE   ram=83.0% (13.89GB used, 2.86GB free) cpu=12.7% (15s mean 13.5%) jobs=0 amber=0 queued=0 lanes=8
2026-09-21T20:52:19 SAMPLE   ram=83.4% (13.97GB used, 2.78GB free) cpu=14.0% (15s mean 15.0%) jobs=0 amber=0 queued=0 lanes=8
2026-09-21T20:53:19 SAMPLE   ram=83.4% (13.96GB used, 2.79GB free) cpu=17.4% (15s mean 15.3%) jobs=0 amber=0 queued=0 lanes=8
2026-09-21T20:54:19 SAMPLE   ram=83.1% (13.92GB used, 2.83GB free) cpu=13.8% (15s mean 13.6%) jobs=0 amber=0 queued=0 lanes=8
2026-09-21T20:55:19 SAMPLE   ram=82.9% (13.88GB used, 2.87GB free) cpu=14.2% (15s mean 16.7%) jobs=0 amber=0 queued=0 lanes=8
2026-09-21T20:56:19 SAMPLE   ram=82.3% (13.78GB used, 2.97GB free) cpu=11.2% (15s mean 14.6%) jobs=0 amber=0 queued=0 lanes=8
2026-09-21T20:57:19 SAMPLE   ram=82.3% (13.79GB used, 2.96GB free) cpu=13.6% (15s mean 14.6%) jobs=0 amber=0 queued=0 lanes=8
2026-09-21T20:58:19 SAMPLE   ram=81.9% (13.71GB used, 3.04GB free) cpu=13.6% (15s mean 13.2%) jobs=0 amber=0 queued=0 lanes=8
2026-09-21T20:59:19 SAMPLE   ram=82.4% (13.80GB used, 2.95GB free) cpu=17.9% (15s mean 15.7%) jobs=0 amber=0 queued=0 lanes=8
2026-09-21T21:00:19 SAMPLE   ram=82.0% (13.74GB used, 3.01GB free) cpu=14.8% (15s mean 14.4%) jobs=0 amber=0 queued=0 lanes=8
2026-09-21T21:01:19 SAMPLE   ram=78.6% (13.16GB used, 3.59GB free) cpu=6.0% (15s mean 6.5%) jobs=0 amber=0 queued=0 lanes=8
2026-09-21T21:02:19 SAMPLE   ram=79.2% (13.27GB used, 3.48GB free) cpu=4.2% (15s mean 6.2%) jobs=0 amber=0 queued=0 lanes=8
2026-09-21T21:03:19 SAMPLE   ram=80.9% (13.56GB used, 3.19GB free) cpu=17.8% (15s mean 17.2%) jobs=0 amber=0 queued=0 lanes=8
2026-09-21T21:04:19 SAMPLE   ram=80.1% (13.41GB used, 3.33GB free) cpu=5.4% (15s mean 5.6%) jobs=0 amber=0 queued=0 lanes=8
2026-09-21T21:05:19 SAMPLE   ram=80.2% (13.44GB used, 3.31GB free) cpu=12.0% (15s mean 12.5%) jobs=0 amber=0 queued=0 lanes=8
2026-09-21T21:06:19 SAMPLE   ram=77.9% (13.04GB used, 3.71GB free) cpu=5.9% (15s mean 6.9%) jobs=0 amber=0 queued=0 lanes=8
2026-09-21T21:07:19 SAMPLE   ram=78.6% (13.17GB used, 3.58GB free) cpu=9.4% (15s mean 7.4%) jobs=0 amber=0 queued=0 lanes=8
2026-09-21T21:08:19 SAMPLE   ram=78.5% (13.14GB used, 3.61GB free) cpu=11.5% (15s mean 10.4%) jobs=0 amber=0 queued=0 lanes=8
2026-09-21T21:09:19 SAMPLE   ram=77.9% (13.05GB used, 3.70GB free) cpu=10.1% (15s mean 9.4%) jobs=0 amber=0 queued=0 lanes=8
2026-09-21T21:10:19 SAMPLE   ram=80.8% (13.53GB used, 3.21GB free) cpu=13.4% (15s mean 13.3%) jobs=0 amber=0 queued=0 lanes=8
2026-09-21T21:11:19 SAMPLE   ram=81.1% (13.58GB used, 3.17GB free) cpu=14.8% (15s mean 13.2%) jobs=0 amber=0 queued=0 lanes=8
2026-09-21T21:12:19 SAMPLE   ram=81.6% (13.66GB used, 3.09GB free) cpu=12.1% (15s mean 16.8%) jobs=0 amber=0 queued=0 lanes=8
2026-09-21T21:13:19 SAMPLE   ram=78.7% (13.17GB used, 3.58GB free) cpu=10.4% (15s mean 11.8%) jobs=0 amber=0 queued=0 lanes=8
2026-09-21T21:14:19 SAMPLE   ram=78.8% (13.20GB used, 3.55GB free) cpu=22.5% (15s mean 21.0%) jobs=0 amber=0 queued=0 lanes=8
2026-09-21T21:15:19 SAMPLE   ram=77.9% (13.04GB used, 3.71GB free) cpu=12.2% (15s mean 14.7%) jobs=0 amber=0 queued=0 lanes=8
2026-09-21T21:16:19 SAMPLE   ram=77.4% (12.96GB used, 3.79GB free) cpu=6.0% (15s mean 6.7%) jobs=0 amber=0 queued=0 lanes=8
2026-09-21T21:17:19 SAMPLE   ram=78.5% (13.14GB used, 3.61GB free) cpu=18.1% (15s mean 22.3%) jobs=0 amber=0 queued=0 lanes=8
2026-09-21T21:18:19 SAMPLE   ram=79.9% (13.39GB used, 3.36GB free) cpu=14.5% (15s mean 15.3%) jobs=0 amber=0 queued=0 lanes=8
2026-09-21T21:19:19 SAMPLE   ram=83.7% (14.02GB used, 2.73GB free) cpu=9.1% (15s mean 9.8%) jobs=0 amber=0 queued=0 lanes=8
2026-09-21T21:20:19 SAMPLE   ram=83.5% (13.99GB used, 2.76GB free) cpu=7.0% (15s mean 9.2%) jobs=0 amber=0 queued=0 lanes=8
2026-09-21T21:21:19 SAMPLE   ram=85.2% (14.26GB used, 2.49GB free) cpu=18.6% (15s mean 13.3%) jobs=0 amber=0 queued=0 lanes=8
2026-09-21T21:22:19 SAMPLE   ram=85.1% (14.25GB used, 2.50GB free) cpu=8.8% (15s mean 7.9%) jobs=0 amber=0 queued=0 lanes=8
2026-09-21T21:23:19 SAMPLE   ram=84.7% (14.18GB used, 2.57GB free) cpu=6.6% (15s mean 6.5%) jobs=0 amber=0 queued=0 lanes=8
2026-09-21T21:24:19 SAMPLE   ram=82.6% (13.83GB used, 2.92GB free) cpu=5.5% (15s mean 8.5%) jobs=0 amber=0 queued=0 lanes=8
2026-09-21T21:25:19 SAMPLE   ram=82.8% (13.88GB used, 2.87GB free) cpu=5.8% (15s mean 8.1%) jobs=0 amber=0 queued=0 lanes=8
2026-09-21T21:26:19 SAMPLE   ram=82.1% (13.76GB used, 3.00GB free) cpu=8.7% (15s mean 9.5%) jobs=0 amber=0 queued=0 lanes=8
2026-09-21T21:27:19 SAMPLE   ram=82.6% (13.84GB used, 2.91GB free) cpu=7.6% (15s mean 8.4%) jobs=0 amber=0 queued=0 lanes=8
2026-09-21T21:28:19 SAMPLE   ram=82.2% (13.76GB used, 2.98GB free) cpu=10.9% (15s mean 10.3%) jobs=0 amber=0 queued=0 lanes=8
2026-09-21T21:29:19 SAMPLE   ram=81.8% (13.71GB used, 3.04GB free) cpu=9.5% (15s mean 8.4%) jobs=0 amber=0 queued=0 lanes=8
2026-09-21T21:30:19 SAMPLE   ram=81.0% (13.57GB used, 3.18GB free) cpu=8.0% (15s mean 8.1%) jobs=0 amber=0 queued=0 lanes=8
2026-09-21T21:31:19 SAMPLE   ram=81.6% (13.67GB used, 3.08GB free) cpu=7.0% (15s mean 7.6%) jobs=0 amber=0 queued=0 lanes=8
2026-09-21T21:32:19 SAMPLE   ram=81.5% (13.65GB used, 3.10GB free) cpu=7.5% (15s mean 7.9%) jobs=0 amber=0 queued=0 lanes=8
2026-09-21T21:33:19 SAMPLE   ram=81.7% (13.68GB used, 3.07GB free) cpu=10.7% (15s mean 10.4%) jobs=0 amber=0 queued=0 lanes=8
2026-09-21T21:34:19 SAMPLE   ram=81.4% (13.64GB used, 3.11GB free) cpu=9.1% (15s mean 8.8%) jobs=0 amber=0 queued=0 lanes=8
2026-09-21T21:35:19 SAMPLE   ram=81.8% (13.70GB used, 3.05GB free) cpu=10.5% (15s mean 10.1%) jobs=0 amber=0 queued=0 lanes=8
2026-09-21T21:36:19 SAMPLE   ram=81.4% (13.63GB used, 3.12GB free) cpu=6.8% (15s mean 9.3%) jobs=0 amber=0 queued=0 lanes=8
2026-09-21T21:37:19 SAMPLE   ram=82.0% (13.73GB used, 3.02GB free) cpu=6.1% (15s mean 7.0%) jobs=0 amber=0 queued=0 lanes=8
2026-09-21T21:38:19 SAMPLE   ram=81.6% (13.67GB used, 3.08GB free) cpu=7.8% (15s mean 7.6%) jobs=0 amber=0 queued=0 lanes=8
2026-09-21T21:39:19 SAMPLE   ram=81.4% (13.63GB used, 3.11GB free) cpu=8.8% (15s mean 7.4%) jobs=0 amber=0 queued=0 lanes=8
2026-09-21T21:40:19 SAMPLE   ram=81.0% (13.57GB used, 3.18GB free) cpu=6.9% (15s mean 6.2%) jobs=0 amber=0 queued=0 lanes=8
2026-09-21T21:41:19 SAMPLE   ram=81.5% (13.65GB used, 3.10GB free) cpu=7.3% (15s mean 9.5%) jobs=0 amber=0 queued=0 lanes=8
2026-09-21T21:42:19 SAMPLE   ram=81.4% (13.64GB used, 3.11GB free) cpu=8.7% (15s mean 7.0%) jobs=0 amber=0 queued=0 lanes=8
2026-09-21T21:43:19 SAMPLE   ram=81.3% (13.62GB used, 3.13GB free) cpu=7.1% (15s mean 7.6%) jobs=0 amber=0 queued=0 lanes=8
2026-09-21T21:44:19 SAMPLE   ram=81.6% (13.67GB used, 3.08GB free) cpu=7.0% (15s mean 6.8%) jobs=0 amber=0 queued=0 lanes=8
2026-09-21T21:45:19 SAMPLE   ram=81.6% (13.66GB used, 3.08GB free) cpu=16.6% (15s mean 10.2%) jobs=0 amber=0 queued=0 lanes=8
2026-09-21T21:46:19 SAMPLE   ram=81.8% (13.70GB used, 3.05GB free) cpu=6.4% (15s mean 7.4%) jobs=0 amber=0 queued=0 lanes=8
2026-09-21T21:47:19 SAMPLE   ram=81.8% (13.71GB used, 3.04GB free) cpu=7.5% (15s mean 9.0%) jobs=0 amber=0 queued=0 lanes=8
2026-09-21T21:48:19 SAMPLE   ram=82.0% (13.73GB used, 3.02GB free) cpu=12.4% (15s mean 8.4%) jobs=0 amber=0 queued=0 lanes=8
2026-09-21T21:49:19 SAMPLE   ram=81.3% (13.61GB used, 3.14GB free) cpu=9.3% (15s mean 8.5%) jobs=0 amber=0 queued=0 lanes=8
2026-09-21T21:50:19 SAMPLE   ram=80.8% (13.54GB used, 3.21GB free) cpu=8.1% (15s mean 9.6%) jobs=0 amber=0 queued=0 lanes=8
2026-09-21T21:51:19 SAMPLE   ram=81.0% (13.56GB used, 3.19GB free) cpu=10.0% (15s mean 8.3%) jobs=0 amber=0 queued=0 lanes=8
2026-09-21T21:52:19 SAMPLE   ram=81.7% (13.68GB used, 3.07GB free) cpu=8.9% (15s mean 8.6%) jobs=0 amber=0 queued=0 lanes=8
2026-09-21T21:53:19 SAMPLE   ram=81.0% (13.57GB used, 3.18GB free) cpu=7.2% (15s mean 8.4%) jobs=0 amber=0 queued=0 lanes=8
2026-09-21T21:54:19 SAMPLE   ram=77.7% (13.02GB used, 3.73GB free) cpu=8.1% (15s mean 8.4%) jobs=0 amber=0 queued=0 lanes=8
2026-09-21T21:55:19 SAMPLE   ram=78.0% (13.07GB used, 3.68GB free) cpu=7.7% (15s mean 8.1%) jobs=0 amber=0 queued=0 lanes=8
2026-09-21T21:56:19 SAMPLE   ram=77.8% (13.03GB used, 3.72GB free) cpu=7.4% (15s mean 9.1%) jobs=0 amber=0 queued=0 lanes=8
2026-09-21T21:57:19 SAMPLE   ram=78.5% (13.14GB used, 3.60GB free) cpu=9.9% (15s mean 9.9%) jobs=0 amber=0 queued=0 lanes=8
2026-09-21T21:58:19 SAMPLE   ram=78.0% (13.06GB used, 3.69GB free) cpu=8.3% (15s mean 7.3%) jobs=0 amber=0 queued=0 lanes=8
2026-09-21T21:59:19 SAMPLE   ram=76.8% (12.86GB used, 3.89GB free) cpu=7.9% (15s mean 7.4%) jobs=0 amber=0 queued=0 lanes=8
2026-09-21T22:00:19 SAMPLE   ram=78.0% (13.07GB used, 3.68GB free) cpu=16.3% (15s mean 16.7%) jobs=0 amber=0 queued=0 lanes=8
2026-09-21T22:01:19 SAMPLE   ram=79.4% (13.30GB used, 3.45GB free) cpu=6.5% (15s mean 7.1%) jobs=0 amber=0 queued=0 lanes=8
2026-09-21T22:02:19 SAMPLE   ram=79.5% (13.32GB used, 3.43GB free) cpu=8.0% (15s mean 8.1%) jobs=0 amber=0 queued=0 lanes=8
2026-09-21T22:03:19 SAMPLE   ram=82.2% (13.77GB used, 2.98GB free) cpu=20.8% (15s mean 20.8%) jobs=0 amber=0 queued=0 lanes=8
2026-09-21T22:04:19 SAMPLE   ram=83.0% (13.91GB used, 2.84GB free) cpu=14.7% (15s mean 14.6%) jobs=0 amber=0 queued=0 lanes=8
2026-09-21T22:05:19 SAMPLE   ram=82.9% (13.89GB used, 2.86GB free) cpu=9.4% (15s mean 12.3%) jobs=0 amber=0 queued=0 lanes=8
2026-09-21T22:06:19 SAMPLE   ram=82.6% (13.84GB used, 2.91GB free) cpu=12.5% (15s mean 13.1%) jobs=0 amber=0 queued=0 lanes=8
2026-09-21T22:07:19 SAMPLE   ram=82.6% (13.84GB used, 2.91GB free) cpu=9.6% (15s mean 11.6%) jobs=0 amber=0 queued=0 lanes=8
2026-09-21T22:08:19 SAMPLE   ram=82.2% (13.77GB used, 2.98GB free) cpu=8.4% (15s mean 9.9%) jobs=0 amber=0 queued=0 lanes=8
2026-09-21T22:09:19 SAMPLE   ram=81.9% (13.71GB used, 3.04GB free) cpu=10.2% (15s mean 8.9%) jobs=0 amber=0 queued=0 lanes=8
2026-09-21T22:10:19 SAMPLE   ram=82.5% (13.82GB used, 2.92GB free) cpu=17.8% (15s mean 12.5%) jobs=0 amber=0 queued=0 lanes=8
2026-09-21T22:11:19 SAMPLE   ram=87.4% (14.64GB used, 2.10GB free) cpu=89.6% (15s mean 40.9%) jobs=0 amber=0 queued=0 lanes=8
2026-09-21T22:12:19 SAMPLE   ram=81.0% (13.57GB used, 3.18GB free) cpu=21.7% (15s mean 25.9%) jobs=0 amber=0 queued=0 lanes=8
2026-09-21T22:13:19 SAMPLE   ram=81.0% (13.56GB used, 3.19GB free) cpu=11.5% (15s mean 11.3%) jobs=0 amber=0 queued=0 lanes=8
2026-09-21T22:14:19 SAMPLE   ram=81.7% (13.69GB used, 3.06GB free) cpu=13.8% (15s mean 17.1%) jobs=0 amber=0 queued=0 lanes=8
2026-09-21T22:15:19 SAMPLE   ram=81.6% (13.67GB used, 3.08GB free) cpu=19.8% (15s mean 15.1%) jobs=0 amber=0 queued=0 lanes=8
2026-09-21T22:16:19 SAMPLE   ram=82.2% (13.77GB used, 2.98GB free) cpu=8.8% (15s mean 12.3%) jobs=0 amber=0 queued=0 lanes=8
2026-09-21T22:17:19 SAMPLE   ram=81.7% (13.69GB used, 3.06GB free) cpu=6.7% (15s mean 6.9%) jobs=0 amber=0 queued=0 lanes=8
2026-09-21T22:18:19 SAMPLE   ram=81.6% (13.67GB used, 3.08GB free) cpu=9.1% (15s mean 6.3%) jobs=0 amber=0 queued=0 lanes=8
2026-09-21T22:19:19 SAMPLE   ram=80.9% (13.54GB used, 3.21GB free) cpu=8.7% (15s mean 7.9%) jobs=0 amber=0 queued=0 lanes=8
2026-09-21T22:20:19 SAMPLE   ram=80.7% (13.52GB used, 3.23GB free) cpu=8.1% (15s mean 8.6%) jobs=0 amber=0 queued=0 lanes=8
2026-09-21T22:21:19 SAMPLE   ram=81.2% (13.60GB used, 3.15GB free) cpu=6.0% (15s mean 4.9%) jobs=0 amber=0 queued=0 lanes=8
2026-09-21T22:22:19 SAMPLE   ram=78.1% (13.08GB used, 3.67GB free) cpu=7.2% (15s mean 6.6%) jobs=0 amber=0 queued=0 lanes=8
2026-09-21T22:23:19 SAMPLE   ram=79.3% (13.28GB used, 3.47GB free) cpu=5.8% (15s mean 5.9%) jobs=0 amber=0 queued=0 lanes=8
2026-09-21T22:24:19 SAMPLE   ram=79.2% (13.27GB used, 3.48GB free) cpu=7.6% (15s mean 7.4%) jobs=0 amber=0 queued=0 lanes=8
2026-09-21T22:25:19 SAMPLE   ram=79.0% (13.23GB used, 3.52GB free) cpu=8.3% (15s mean 6.7%) jobs=0 amber=0 queued=0 lanes=8
2026-09-21T22:26:19 SAMPLE   ram=79.0% (13.22GB used, 3.53GB free) cpu=10.8% (15s mean 10.8%) jobs=0 amber=0 queued=0 lanes=8
2026-09-21T22:27:19 SAMPLE   ram=79.4% (13.30GB used, 3.45GB free) cpu=9.2% (15s mean 10.0%) jobs=0 amber=0 queued=0 lanes=8
2026-09-21T22:28:19 SAMPLE   ram=81.8% (13.70GB used, 3.05GB free) cpu=5.1% (15s mean 11.5%) jobs=0 amber=0 queued=0 lanes=8
2026-09-21T22:29:19 SAMPLE   ram=81.6% (13.66GB used, 3.08GB free) cpu=7.2% (15s mean 8.4%) jobs=0 amber=0 queued=0 lanes=8
2026-09-21T22:30:19 SAMPLE   ram=81.3% (13.61GB used, 3.14GB free) cpu=6.7% (15s mean 7.0%) jobs=0 amber=0 queued=0 lanes=8
2026-09-21T22:31:19 SAMPLE   ram=82.9% (13.89GB used, 2.86GB free) cpu=8.3% (15s mean 7.4%) jobs=0 amber=0 queued=0 lanes=8
2026-09-21T22:32:19 SAMPLE   ram=83.1% (13.93GB used, 2.82GB free) cpu=7.5% (15s mean 6.9%) jobs=0 amber=0 queued=0 lanes=8
2026-09-21T22:33:19 SAMPLE   ram=83.6% (14.00GB used, 2.75GB free) cpu=8.8% (15s mean 8.0%) jobs=0 amber=0 queued=0 lanes=8
2026-09-21T22:34:19 SAMPLE   ram=83.1% (13.92GB used, 2.83GB free) cpu=9.1% (15s mean 8.7%) jobs=0 amber=0 queued=0 lanes=8
2026-09-21T22:35:19 SAMPLE   ram=84.8% (14.21GB used, 2.54GB free) cpu=18.2% (15s mean 21.2%) jobs=0 amber=0 queued=0 lanes=8
2026-09-21T22:36:19 SAMPLE   ram=83.3% (13.96GB used, 2.79GB free) cpu=7.3% (15s mean 8.9%) jobs=0 amber=0 queued=0 lanes=8
2026-09-21T22:37:19 SAMPLE   ram=84.2% (14.11GB used, 2.64GB free) cpu=11.1% (15s mean 14.7%) jobs=0 amber=0 queued=0 lanes=8
2026-09-21T22:38:19 SAMPLE   ram=84.0% (14.07GB used, 2.67GB free) cpu=7.7% (15s mean 9.0%) jobs=0 amber=0 queued=0 lanes=8
2026-09-21T22:39:19 SAMPLE   ram=83.3% (13.96GB used, 2.79GB free) cpu=11.0% (15s mean 13.5%) jobs=0 amber=0 queued=0 lanes=8
2026-09-21T22:40:19 SAMPLE   ram=85.6% (14.34GB used, 2.41GB free) cpu=18.4% (15s mean 12.9%) jobs=0 amber=0 queued=0 lanes=8
2026-09-21T22:41:19 SAMPLE   ram=82.0% (13.74GB used, 3.01GB free) cpu=14.6% (15s mean 14.9%) jobs=0 amber=0 queued=0 lanes=8
2026-09-21T22:42:19 SAMPLE   ram=81.9% (13.72GB used, 3.03GB free) cpu=11.2% (15s mean 9.4%) jobs=0 amber=0 queued=0 lanes=8
2026-09-21T22:43:19 SAMPLE   ram=83.4% (13.96GB used, 2.79GB free) cpu=15.2% (15s mean 35.4%) jobs=0 amber=0 queued=0 lanes=8
2026-09-21T22:44:19 SAMPLE   ram=82.9% (13.88GB used, 2.87GB free) cpu=15.0% (15s mean 19.4%) jobs=0 amber=0 queued=0 lanes=8
2026-09-21T22:45:19 SAMPLE   ram=82.5% (13.81GB used, 2.94GB free) cpu=10.8% (15s mean 11.8%) jobs=0 amber=0 queued=0 lanes=8
2026-09-21T22:46:19 SAMPLE   ram=82.2% (13.78GB used, 2.97GB free) cpu=11.1% (15s mean 9.9%) jobs=0 amber=0 queued=0 lanes=8
2026-09-21T22:47:19 SAMPLE   ram=82.6% (13.83GB used, 2.92GB free) cpu=9.7% (15s mean 11.0%) jobs=0 amber=0 queued=0 lanes=8
2026-09-21T22:48:19 SAMPLE   ram=84.4% (14.13GB used, 2.62GB free) cpu=15.4% (15s mean 15.6%) jobs=0 amber=0 queued=0 lanes=8
2026-09-21T22:49:19 SAMPLE   ram=83.3% (13.95GB used, 2.80GB free) cpu=8.7% (15s mean 11.4%) jobs=0 amber=0 queued=0 lanes=8
2026-09-21T22:50:19 SAMPLE   ram=82.7% (13.86GB used, 2.90GB free) cpu=15.6% (15s mean 14.7%) jobs=0 amber=0 queued=0 lanes=8
2026-09-21T22:51:19 SAMPLE   ram=83.0% (13.90GB used, 2.85GB free) cpu=7.2% (15s mean 9.9%) jobs=0 amber=0 queued=0 lanes=8
2026-09-21T22:52:19 SAMPLE   ram=83.1% (13.91GB used, 2.84GB free) cpu=11.9% (15s mean 12.4%) jobs=0 amber=0 queued=0 lanes=8
2026-09-21T22:53:19 SAMPLE   ram=83.9% (14.05GB used, 2.70GB free) cpu=9.7% (15s mean 11.9%) jobs=0 amber=0 queued=0 lanes=8
2026-09-21T22:54:19 SAMPLE   ram=83.5% (13.98GB used, 2.77GB free) cpu=13.1% (15s mean 13.6%) jobs=0 amber=0 queued=0 lanes=8
2026-09-21T22:55:19 SAMPLE   ram=83.5% (13.98GB used, 2.77GB free) cpu=15.9% (15s mean 16.3%) jobs=0 amber=0 queued=0 lanes=8
2026-09-21T22:56:19 SAMPLE   ram=83.7% (14.03GB used, 2.72GB free) cpu=18.1% (15s mean 17.8%) jobs=0 amber=0 queued=0 lanes=8
2026-09-21T22:57:19 SAMPLE   ram=84.3% (14.13GB used, 2.62GB free) cpu=15.3% (15s mean 16.8%) jobs=0 amber=0 queued=0 lanes=8
2026-09-21T22:58:19 SAMPLE   ram=85.0% (14.24GB used, 2.51GB free) cpu=30.7% (15s mean 36.1%) jobs=0 amber=0 queued=0 lanes=8
2026-09-21T22:59:19 SAMPLE   ram=84.4% (14.14GB used, 2.61GB free) cpu=51.7% (15s mean 27.7%) jobs=0 amber=0 queued=0 lanes=8
2026-09-21T23:00:19 SAMPLE   ram=83.5% (13.98GB used, 2.77GB free) cpu=21.3% (15s mean 17.9%) jobs=0 amber=0 queued=0 lanes=8
2026-09-21T23:01:19 SAMPLE   ram=82.8% (13.87GB used, 2.88GB free) cpu=15.3% (15s mean 20.5%) jobs=0 amber=0 queued=0 lanes=8
2026-09-21T23:02:19 SAMPLE   ram=82.8% (13.87GB used, 2.88GB free) cpu=15.3% (15s mean 13.0%) jobs=0 amber=0 queued=0 lanes=8
2026-09-21T23:03:19 SAMPLE   ram=84.3% (14.12GB used, 2.63GB free) cpu=13.8% (15s mean 17.4%) jobs=0 amber=0 queued=0 lanes=8
2026-09-21T23:04:19 SAMPLE   ram=83.5% (13.98GB used, 2.77GB free) cpu=12.6% (15s mean 12.4%) jobs=0 amber=0 queued=0 lanes=8
2026-09-21T23:05:19 SAMPLE   ram=84.5% (14.15GB used, 2.60GB free) cpu=21.1% (15s mean 17.4%) jobs=0 amber=0 queued=0 lanes=8
2026-09-21T23:06:19 SAMPLE   ram=84.0% (14.07GB used, 2.68GB free) cpu=20.8% (15s mean 14.9%) jobs=0 amber=0 queued=0 lanes=8
2026-09-21T23:07:19 SAMPLE   ram=84.9% (14.22GB used, 2.52GB free) cpu=18.3% (15s mean 12.6%) jobs=0 amber=0 queued=0 lanes=8
2026-09-21T23:08:19 SAMPLE   ram=84.2% (14.10GB used, 2.65GB free) cpu=14.5% (15s mean 11.9%) jobs=0 amber=0 queued=0 lanes=8
2026-09-21T23:09:19 SAMPLE   ram=84.4% (14.14GB used, 2.61GB free) cpu=14.8% (15s mean 13.5%) jobs=0 amber=0 queued=0 lanes=8
2026-09-21T23:10:19 SAMPLE   ram=83.7% (14.03GB used, 2.72GB free) cpu=21.4% (15s mean 16.2%) jobs=0 amber=0 queued=0 lanes=8
2026-09-21T23:11:19 SAMPLE   ram=84.2% (14.10GB used, 2.65GB free) cpu=23.7% (15s mean 21.6%) jobs=0 amber=0 queued=0 lanes=8
2026-09-21T23:12:19 SAMPLE   ram=86.4% (14.47GB used, 2.28GB free) cpu=11.9% (15s mean 9.4%) jobs=0 amber=0 queued=0 lanes=8
2026-09-21T23:13:19 SAMPLE   ram=86.2% (14.43GB used, 2.32GB free) cpu=10.1% (15s mean 10.0%) jobs=0 amber=0 queued=0 lanes=8
2026-09-21T23:14:19 SAMPLE   ram=85.1% (14.25GB used, 2.50GB free) cpu=9.5% (15s mean 10.9%) jobs=0 amber=0 queued=0 lanes=8
2026-09-21T23:15:19 SAMPLE   ram=84.9% (14.21GB used, 2.54GB free) cpu=13.7% (15s mean 11.3%) jobs=0 amber=0 queued=0 lanes=8
2026-09-21T23:16:19 SAMPLE   ram=85.7% (14.35GB used, 2.40GB free) cpu=15.1% (15s mean 16.5%) jobs=0 amber=0 queued=0 lanes=8
2026-09-21T23:17:19 SAMPLE   ram=83.2% (13.93GB used, 2.82GB free) cpu=16.9% (15s mean 15.1%) jobs=0 amber=0 queued=0 lanes=8
2026-09-21T23:18:19 SAMPLE   ram=86.3% (14.45GB used, 2.30GB free) cpu=14.6% (15s mean 23.5%) jobs=0 amber=0 queued=0 lanes=8
2026-09-21T23:19:19 SAMPLE   ram=86.1% (14.41GB used, 2.34GB free) cpu=8.0% (15s mean 8.7%) jobs=0 amber=0 queued=0 lanes=8
2026-09-21T23:20:19 SAMPLE   ram=91.1% (15.25GB used, 1.50GB free) cpu=47.8% (15s mean 34.7%) jobs=0 amber=0 queued=0 lanes=8
2026-09-21T23:21:19 SAMPLE   ram=87.9% (14.72GB used, 2.03GB free) cpu=27.4% (15s mean 28.0%) jobs=0 amber=0 queued=0 lanes=8
2026-09-21T23:22:19 SAMPLE   ram=86.1% (14.42GB used, 2.33GB free) cpu=20.5% (15s mean 14.3%) jobs=0 amber=0 queued=0 lanes=8
2026-09-21T23:23:19 SAMPLE   ram=86.0% (14.41GB used, 2.34GB free) cpu=20.5% (15s mean 18.0%) jobs=0 amber=0 queued=0 lanes=8
2026-09-21T23:24:19 SAMPLE   ram=85.5% (14.32GB used, 2.43GB free) cpu=10.2% (15s mean 12.2%) jobs=0 amber=0 queued=0 lanes=8
2026-09-21T23:25:19 SAMPLE   ram=85.0% (14.23GB used, 2.52GB free) cpu=13.5% (15s mean 13.9%) jobs=0 amber=0 queued=0 lanes=8
2026-09-21T23:26:19 SAMPLE   ram=86.6% (14.51GB used, 2.24GB free) cpu=19.3% (15s mean 17.0%) jobs=0 amber=0 queued=0 lanes=8
2026-09-21T23:27:19 SAMPLE   ram=86.5% (14.49GB used, 2.26GB free) cpu=13.5% (15s mean 14.8%) jobs=0 amber=0 queued=0 lanes=8
2026-09-21T23:28:19 SAMPLE   ram=85.6% (14.34GB used, 2.41GB free) cpu=12.5% (15s mean 13.1%) jobs=0 amber=0 queued=0 lanes=8
2026-09-21T23:29:19 SAMPLE   ram=84.8% (14.20GB used, 2.55GB free) cpu=13.2% (15s mean 15.5%) jobs=0 amber=0 queued=0 lanes=8
2026-09-21T23:30:19 SAMPLE   ram=85.2% (14.27GB used, 2.48GB free) cpu=15.9% (15s mean 15.5%) jobs=0 amber=0 queued=0 lanes=8
2026-09-21T23:31:19 SAMPLE   ram=84.7% (14.19GB used, 2.56GB free) cpu=13.5% (15s mean 14.8%) jobs=0 amber=0 queued=0 lanes=8
2026-09-21T23:32:19 SAMPLE   ram=86.0% (14.41GB used, 2.34GB free) cpu=21.1% (15s mean 19.2%) jobs=0 amber=0 queued=0 lanes=8
2026-09-21T23:33:19 SAMPLE   ram=83.3% (13.95GB used, 2.80GB free) cpu=13.9% (15s mean 17.2%) jobs=0 amber=0 queued=0 lanes=8
2026-09-21T23:34:19 SAMPLE   ram=82.6% (13.84GB used, 2.91GB free) cpu=11.2% (15s mean 12.7%) jobs=0 amber=0 queued=0 lanes=8
2026-09-21T23:35:19 SAMPLE   ram=82.3% (13.79GB used, 2.96GB free) cpu=8.8% (15s mean 9.8%) jobs=0 amber=0 queued=0 lanes=8
2026-09-21T23:36:19 SAMPLE   ram=83.6% (14.01GB used, 2.74GB free) cpu=14.6% (15s mean 13.0%) jobs=0 amber=0 queued=0 lanes=8
2026-09-21T23:37:19 SAMPLE   ram=81.4% (13.64GB used, 3.11GB free) cpu=16.0% (15s mean 14.1%) jobs=0 amber=0 queued=0 lanes=8
2026-09-21T23:38:19 SAMPLE   ram=80.5% (13.49GB used, 3.26GB free) cpu=9.9% (15s mean 12.7%) jobs=0 amber=0 queued=0 lanes=8
2026-09-21T23:39:19 SAMPLE   ram=81.5% (13.66GB used, 3.09GB free) cpu=13.9% (15s mean 13.3%) jobs=0 amber=0 queued=0 lanes=8
2026-09-21T23:40:19 SAMPLE   ram=80.5% (13.49GB used, 3.26GB free) cpu=15.4% (15s mean 18.6%) jobs=0 amber=0 queued=0 lanes=8
2026-09-21T23:41:19 SAMPLE   ram=80.8% (13.54GB used, 3.21GB free) cpu=20.1% (15s mean 18.5%) jobs=0 amber=0 queued=0 lanes=8
2026-09-21T23:42:19 SAMPLE   ram=82.3% (13.79GB used, 2.96GB free) cpu=11.2% (15s mean 20.0%) jobs=0 amber=0 queued=0 lanes=8
2026-09-21T23:43:19 SAMPLE   ram=87.5% (14.66GB used, 2.09GB free) cpu=15.9% (15s mean 15.3%) jobs=0 amber=0 queued=0 lanes=8
2026-09-21T23:44:19 SAMPLE   ram=85.0% (14.23GB used, 2.52GB free) cpu=16.0% (15s mean 24.0%) jobs=0 amber=0 queued=0 lanes=8
2026-09-21T23:45:19 SAMPLE   ram=85.7% (14.36GB used, 2.39GB free) cpu=21.7% (15s mean 18.1%) jobs=0 amber=0 queued=0 lanes=8
2026-09-21T23:46:19 SAMPLE   ram=85.7% (14.36GB used, 2.39GB free) cpu=18.1% (15s mean 18.7%) jobs=0 amber=0 queued=0 lanes=8
2026-09-21T23:47:19 SAMPLE   ram=86.5% (14.49GB used, 2.26GB free) cpu=15.1% (15s mean 20.2%) jobs=0 amber=0 queued=0 lanes=8
2026-09-21T23:48:19 SAMPLE   ram=87.2% (14.61GB used, 2.14GB free) cpu=16.1% (15s mean 18.3%) jobs=0 amber=0 queued=0 lanes=8
2026-09-21T23:49:19 SAMPLE   ram=87.9% (14.72GB used, 2.02GB free) cpu=20.1% (15s mean 27.0%) jobs=0 amber=0 queued=0 lanes=8
2026-09-21T23:50:19 SAMPLE   ram=86.9% (14.55GB used, 2.20GB free) cpu=6.6% (15s mean 10.5%) jobs=0 amber=0 queued=0 lanes=8
2026-09-21T23:51:19 SAMPLE   ram=87.7% (14.68GB used, 2.07GB free) cpu=23.7% (15s mean 21.1%) jobs=0 amber=0 queued=0 lanes=8
2026-09-21T23:52:19 SAMPLE   ram=85.6% (14.33GB used, 2.42GB free) cpu=10.7% (15s mean 11.5%) jobs=0 amber=0 queued=0 lanes=8
2026-09-21T23:53:19 SAMPLE   ram=86.0% (14.40GB used, 2.35GB free) cpu=12.4% (15s mean 11.7%) jobs=0 amber=0 queued=0 lanes=8
2026-09-21T23:54:19 SAMPLE   ram=86.2% (14.43GB used, 2.32GB free) cpu=14.3% (15s mean 12.7%) jobs=0 amber=0 queued=0 lanes=8
2026-09-21T23:55:19 SAMPLE   ram=86.7% (14.52GB used, 2.23GB free) cpu=32.4% (15s mean 19.3%) jobs=0 amber=0 queued=0 lanes=8
2026-09-21T23:56:19 SAMPLE   ram=85.7% (14.35GB used, 2.40GB free) cpu=18.7% (15s mean 13.6%) jobs=0 amber=0 queued=0 lanes=8
2026-09-21T23:57:19 SAMPLE   ram=86.4% (14.46GB used, 2.29GB free) cpu=11.7% (15s mean 11.8%) jobs=0 amber=0 queued=0 lanes=8
2026-09-21T23:58:19 SAMPLE   ram=86.8% (14.54GB used, 2.21GB free) cpu=5.6% (15s mean 6.4%) jobs=0 amber=0 queued=0 lanes=8
2026-09-21T23:59:19 SAMPLE   ram=86.6% (14.51GB used, 2.24GB free) cpu=9.0% (15s mean 7.8%) jobs=0 amber=0 queued=0 lanes=8
2026-09-22T00:00:19 SAMPLE   ram=86.2% (14.44GB used, 2.31GB free) cpu=9.6% (15s mean 8.2%) jobs=0 amber=0 queued=0 lanes=8
2026-09-22T00:01:19 SAMPLE   ram=86.5% (14.49GB used, 2.26GB free) cpu=7.2% (15s mean 8.2%) jobs=0 amber=0 queued=0 lanes=8
2026-09-22T00:02:19 SAMPLE   ram=92.1% (15.42GB used, 1.33GB free) cpu=50.7% (15s mean 48.7%) jobs=0 amber=0 queued=0 lanes=8
2026-09-22T00:03:19 SAMPLE   ram=88.5% (14.83GB used, 1.92GB free) cpu=15.0% (15s mean 15.4%) jobs=0 amber=0 queued=0 lanes=8
2026-09-22T00:04:19 SAMPLE   ram=91.0% (15.25GB used, 1.50GB free) cpu=10.7% (15s mean 12.8%) jobs=0 amber=0 queued=0 lanes=8
2026-09-22T00:05:19 SAMPLE   ram=89.4% (14.97GB used, 1.78GB free) cpu=15.5% (15s mean 20.6%) jobs=0 amber=0 queued=0 lanes=8
2026-09-22T00:06:19 SAMPLE   ram=88.7% (14.85GB used, 1.90GB free) cpu=11.2% (15s mean 17.1%) jobs=0 amber=0 queued=0 lanes=8
2026-09-22T00:07:19 SAMPLE   ram=90.0% (15.08GB used, 1.67GB free) cpu=10.6% (15s mean 16.9%) jobs=0 amber=0 queued=0 lanes=8
2026-09-22T00:08:19 SAMPLE   ram=91.3% (15.29GB used, 1.46GB free) cpu=33.3% (15s mean 19.1%) jobs=0 amber=0 queued=0 lanes=8
2026-09-22T00:09:19 SAMPLE   ram=90.1% (15.10GB used, 1.65GB free) cpu=14.3% (15s mean 10.4%) jobs=0 amber=0 queued=0 lanes=8
2026-09-22T00:10:19 SAMPLE   ram=91.0% (15.24GB used, 1.51GB free) cpu=12.5% (15s mean 18.2%) jobs=0 amber=0 queued=0 lanes=8
2026-09-22T00:11:19 SAMPLE   ram=87.8% (14.70GB used, 2.05GB free) cpu=42.4% (15s mean 44.2%) jobs=0 amber=0 queued=0 lanes=8
2026-09-22T00:12:19 SAMPLE   ram=88.1% (14.75GB used, 2.00GB free) cpu=12.7% (15s mean 14.5%) jobs=0 amber=0 queued=0 lanes=8
2026-09-22T00:13:19 SAMPLE   ram=87.4% (14.64GB used, 2.11GB free) cpu=13.0% (15s mean 16.1%) jobs=0 amber=0 queued=0 lanes=8
2026-09-22T00:14:19 SAMPLE   ram=84.2% (14.10GB used, 2.65GB free) cpu=10.4% (15s mean 10.7%) jobs=0 amber=0 queued=0 lanes=8
2026-09-22T00:15:19 SAMPLE   ram=82.4% (13.80GB used, 2.95GB free) cpu=10.7% (15s mean 12.2%) jobs=0 amber=0 queued=0 lanes=8
2026-09-22T00:16:19 SAMPLE   ram=83.4% (13.97GB used, 2.78GB free) cpu=23.1% (15s mean 15.6%) jobs=0 amber=0 queued=0 lanes=8
2026-09-22T00:17:19 SAMPLE   ram=83.6% (14.00GB used, 2.75GB free) cpu=13.7% (15s mean 15.2%) jobs=0 amber=0 queued=0 lanes=8
2026-09-22T00:18:19 SAMPLE   ram=83.4% (13.96GB used, 2.79GB free) cpu=13.4% (15s mean 11.6%) jobs=0 amber=0 queued=0 lanes=8
2026-09-22T00:19:19 SAMPLE   ram=82.8% (13.87GB used, 2.88GB free) cpu=8.0% (15s mean 7.1%) jobs=0 amber=0 queued=0 lanes=8
2026-09-22T00:20:19 SAMPLE   ram=80.9% (13.56GB used, 3.19GB free) cpu=9.5% (15s mean 11.3%) jobs=0 amber=0 queued=0 lanes=8
2026-09-22T00:21:20 SAMPLE   ram=80.4% (13.47GB used, 3.28GB free) cpu=10.6% (15s mean 9.6%) jobs=0 amber=0 queued=0 lanes=8
2026-09-22T00:22:20 SAMPLE   ram=81.1% (13.59GB used, 3.16GB free) cpu=12.4% (15s mean 11.4%) jobs=0 amber=0 queued=0 lanes=8
2026-09-22T00:23:20 SAMPLE   ram=80.8% (13.53GB used, 3.22GB free) cpu=11.3% (15s mean 11.8%) jobs=0 amber=0 queued=0 lanes=8
2026-09-22T00:24:20 SAMPLE   ram=82.0% (13.74GB used, 3.01GB free) cpu=12.3% (15s mean 11.9%) jobs=0 amber=0 queued=0 lanes=8
2026-09-22T00:25:20 SAMPLE   ram=80.3% (13.45GB used, 3.30GB free) cpu=10.8% (15s mean 10.0%) jobs=0 amber=0 queued=0 lanes=8
2026-09-22T00:26:20 SAMPLE   ram=80.8% (13.53GB used, 3.22GB free) cpu=19.7% (15s mean 13.6%) jobs=0 amber=0 queued=0 lanes=8
2026-09-22T00:27:20 SAMPLE   ram=80.7% (13.52GB used, 3.23GB free) cpu=10.1% (15s mean 10.6%) jobs=0 amber=0 queued=0 lanes=8
2026-09-22T00:28:20 SAMPLE   ram=80.7% (13.51GB used, 3.24GB free) cpu=12.2% (15s mean 10.0%) jobs=0 amber=0 queued=0 lanes=8
2026-09-22T00:29:20 SAMPLE   ram=80.8% (13.53GB used, 3.22GB free) cpu=13.0% (15s mean 10.4%) jobs=0 amber=0 queued=0 lanes=8
2026-09-22T00:30:20 SAMPLE   ram=80.3% (13.44GB used, 3.31GB free) cpu=13.7% (15s mean 12.7%) jobs=0 amber=0 queued=0 lanes=8
2026-09-22T00:31:20 SAMPLE   ram=82.7% (13.85GB used, 2.90GB free) cpu=28.4% (15s mean 17.1%) jobs=0 amber=0 queued=0 lanes=8
2026-09-22T00:32:20 SAMPLE   ram=80.4% (13.47GB used, 3.27GB free) cpu=14.1% (15s mean 12.4%) jobs=0 amber=0 queued=0 lanes=8
2026-09-22T00:33:20 SAMPLE   ram=80.5% (13.48GB used, 3.27GB free) cpu=13.3% (15s mean 13.2%) jobs=0 amber=0 queued=0 lanes=8
2026-09-22T00:34:20 SAMPLE   ram=80.3% (13.45GB used, 3.30GB free) cpu=7.8% (15s mean 10.0%) jobs=0 amber=0 queued=0 lanes=8
2026-09-22T00:35:20 SAMPLE   ram=80.2% (13.44GB used, 3.31GB free) cpu=26.7% (15s mean 16.1%) jobs=0 amber=0 queued=0 lanes=8
2026-09-22T00:36:20 SAMPLE   ram=81.8% (13.70GB used, 3.05GB free) cpu=23.4% (15s mean 19.6%) jobs=0 amber=0 queued=0 lanes=8
2026-09-22T00:37:20 SAMPLE   ram=80.0% (13.40GB used, 3.35GB free) cpu=9.5% (15s mean 11.6%) jobs=0 amber=0 queued=0 lanes=8
2026-09-22T00:38:20 SAMPLE   ram=82.4% (13.81GB used, 2.94GB free) cpu=26.1% (15s mean 24.4%) jobs=0 amber=0 queued=0 lanes=8
2026-09-22T00:39:20 SAMPLE   ram=82.1% (13.76GB used, 3.00GB free) cpu=22.3% (15s mean 16.6%) jobs=0 amber=0 queued=0 lanes=8
2026-09-22T00:40:20 SAMPLE   ram=79.9% (13.38GB used, 3.37GB free) cpu=19.2% (15s mean 19.0%) jobs=0 amber=0 queued=0 lanes=8
2026-09-22T00:41:20 SAMPLE   ram=82.0% (13.73GB used, 3.02GB free) cpu=37.6% (15s mean 29.0%) jobs=0 amber=0 queued=0 lanes=8
2026-09-22T00:42:20 SAMPLE   ram=83.8% (14.03GB used, 2.72GB free) cpu=23.5% (15s mean 22.7%) jobs=0 amber=0 queued=0 lanes=8
2026-09-22T00:43:20 SAMPLE   ram=83.5% (13.99GB used, 2.76GB free) cpu=21.6% (15s mean 23.9%) jobs=0 amber=0 queued=0 lanes=8
2026-09-22T00:44:20 SAMPLE   ram=84.7% (14.18GB used, 2.57GB free) cpu=28.0% (15s mean 25.9%) jobs=0 amber=0 queued=0 lanes=8
2026-09-22T00:45:20 SAMPLE   ram=83.9% (14.05GB used, 2.70GB free) cpu=33.5% (15s mean 33.4%) jobs=0 amber=0 queued=0 lanes=8
2026-09-22T00:46:20 SAMPLE   ram=88.4% (14.81GB used, 1.94GB free) cpu=32.3% (15s mean 31.4%) jobs=0 amber=0 queued=0 lanes=8
2026-09-22T00:47:20 SAMPLE   ram=79.5% (13.32GB used, 3.43GB free) cpu=15.9% (15s mean 14.4%) jobs=0 amber=0 queued=0 lanes=8
2026-09-22T00:48:20 SAMPLE   ram=79.1% (13.26GB used, 3.50GB free) cpu=19.6% (15s mean 17.5%) jobs=0 amber=0 queued=0 lanes=8
2026-09-22T00:49:20 SAMPLE   ram=80.1% (13.42GB used, 3.33GB free) cpu=12.6% (15s mean 21.0%) jobs=0 amber=0 queued=0 lanes=8
2026-09-22T00:50:20 SAMPLE   ram=81.8% (13.71GB used, 3.04GB free) cpu=14.4% (15s mean 11.8%) jobs=0 amber=0 queued=0 lanes=8
2026-09-22T00:51:20 SAMPLE   ram=80.7% (13.52GB used, 3.23GB free) cpu=17.2% (15s mean 18.1%) jobs=0 amber=0 queued=0 lanes=8
2026-09-22T00:52:20 SAMPLE   ram=79.8% (13.37GB used, 3.38GB free) cpu=27.0% (15s mean 22.5%) jobs=0 amber=0 queued=0 lanes=8
2026-09-22T00:53:20 SAMPLE   ram=77.2% (12.93GB used, 3.82GB free) cpu=15.2% (15s mean 16.0%) jobs=0 amber=0 queued=0 lanes=8
2026-09-22T00:54:20 SAMPLE   ram=78.3% (13.12GB used, 3.63GB free) cpu=13.9% (15s mean 14.2%) jobs=0 amber=0 queued=0 lanes=8
2026-09-22T00:55:20 SAMPLE   ram=79.7% (13.36GB used, 3.39GB free) cpu=26.6% (15s mean 21.0%) jobs=0 amber=0 queued=0 lanes=8
2026-09-22T00:56:20 SAMPLE   ram=80.0% (13.40GB used, 3.35GB free) cpu=22.2% (15s mean 22.2%) jobs=0 amber=0 queued=0 lanes=8
2026-09-22T00:57:20 SAMPLE   ram=79.4% (13.30GB used, 3.45GB free) cpu=14.7% (15s mean 17.5%) jobs=0 amber=0 queued=0 lanes=8
2026-09-22T00:58:20 SAMPLE   ram=79.7% (13.35GB used, 3.40GB free) cpu=16.2% (15s mean 16.6%) jobs=0 amber=0 queued=0 lanes=8
2026-09-22T00:59:20 SAMPLE   ram=79.4% (13.30GB used, 3.45GB free) cpu=16.8% (15s mean 17.6%) jobs=0 amber=0 queued=0 lanes=8
2026-09-22T01:00:20 SAMPLE   ram=79.9% (13.38GB used, 3.37GB free) cpu=23.4% (15s mean 24.4%) jobs=0 amber=0 queued=0 lanes=8
2026-09-22T01:01:20 SAMPLE   ram=81.4% (13.64GB used, 3.11GB free) cpu=15.5% (15s mean 14.2%) jobs=0 amber=0 queued=0 lanes=8
2026-09-22T01:02:20 SAMPLE   ram=81.5% (13.64GB used, 3.10GB free) cpu=13.7% (15s mean 13.0%) jobs=0 amber=0 queued=0 lanes=8
2026-09-22T01:03:20 SAMPLE   ram=85.4% (14.30GB used, 2.45GB free) cpu=52.1% (15s mean 55.9%) jobs=0 amber=0 queued=0 lanes=8
2026-09-22T01:04:20 SAMPLE   ram=84.4% (14.13GB used, 2.62GB free) cpu=15.7% (15s mean 12.3%) jobs=0 amber=0 queued=0 lanes=8
2026-09-22T01:05:20 SAMPLE   ram=81.5% (13.64GB used, 3.11GB free) cpu=9.3% (15s mean 11.0%) jobs=0 amber=0 queued=0 lanes=8
2026-09-22T01:06:20 SAMPLE   ram=80.9% (13.55GB used, 3.20GB free) cpu=8.8% (15s mean 11.6%) jobs=0 amber=0 queued=0 lanes=8
2026-09-22T01:07:20 SAMPLE   ram=80.6% (13.49GB used, 3.26GB free) cpu=6.0% (15s mean 6.4%) jobs=0 amber=0 queued=0 lanes=8
2026-09-22T01:08:20 SAMPLE   ram=80.0% (13.39GB used, 3.36GB free) cpu=6.8% (15s mean 8.2%) jobs=0 amber=0 queued=0 lanes=8
2026-09-22T01:09:20 SAMPLE   ram=81.2% (13.61GB used, 3.14GB free) cpu=7.7% (15s mean 6.5%) jobs=0 amber=0 queued=0 lanes=8
2026-09-22T01:10:20 SAMPLE   ram=80.6% (13.50GB used, 3.25GB free) cpu=5.6% (15s mean 5.9%) jobs=0 amber=0 queued=0 lanes=8
2026-09-22T01:11:20 SAMPLE   ram=81.6% (13.67GB used, 3.08GB free) cpu=20.5% (15s mean 10.1%) jobs=0 amber=0 queued=0 lanes=8
2026-09-22T01:12:20 SAMPLE   ram=81.0% (13.56GB used, 3.19GB free) cpu=5.0% (15s mean 5.2%) jobs=0 amber=0 queued=0 lanes=8
2026-09-22T01:13:20 SAMPLE   ram=81.2% (13.60GB used, 3.15GB free) cpu=5.7% (15s mean 6.1%) jobs=0 amber=0 queued=0 lanes=8
2026-09-22T01:14:20 SAMPLE   ram=81.3% (13.62GB used, 3.13GB free) cpu=6.3% (15s mean 6.1%) jobs=0 amber=0 queued=0 lanes=8
2026-09-22T01:15:20 SAMPLE   ram=80.4% (13.47GB used, 3.28GB free) cpu=5.8% (15s mean 6.9%) jobs=0 amber=0 queued=0 lanes=8
2026-09-22T01:16:20 SAMPLE   ram=81.0% (13.57GB used, 3.18GB free) cpu=5.5% (15s mean 6.4%) jobs=0 amber=0 queued=0 lanes=8
2026-09-22T01:17:20 SAMPLE   ram=81.1% (13.58GB used, 3.17GB free) cpu=7.6% (15s mean 6.9%) jobs=0 amber=0 queued=0 lanes=8
2026-09-22T01:18:20 SAMPLE   ram=84.6% (14.18GB used, 2.57GB free) cpu=20.0% (15s mean 14.3%) jobs=0 amber=0 queued=0 lanes=8
2026-09-22T01:19:20 SAMPLE   ram=87.4% (14.64GB used, 2.11GB free) cpu=7.7% (15s mean 8.6%) jobs=0 amber=0 queued=0 lanes=8
2026-09-22T01:20:20 SAMPLE   ram=87.9% (14.72GB used, 2.03GB free) cpu=9.8% (15s mean 15.5%) jobs=0 amber=0 queued=0 lanes=8
2026-09-22T01:21:20 SAMPLE   ram=87.6% (14.68GB used, 2.07GB free) cpu=14.0% (15s mean 9.8%) jobs=0 amber=0 queued=0 lanes=8
2026-09-22T01:22:20 SAMPLE   ram=87.7% (14.70GB used, 2.05GB free) cpu=9.5% (15s mean 7.8%) jobs=0 amber=0 queued=0 lanes=8
2026-09-22T01:23:20 SAMPLE   ram=89.6% (15.01GB used, 1.74GB free) cpu=62.3% (15s mean 29.4%) jobs=0 amber=0 queued=0 lanes=8
2026-09-22T01:24:20 SAMPLE   ram=87.1% (14.59GB used, 2.16GB free) cpu=9.1% (15s mean 9.2%) jobs=0 amber=0 queued=0 lanes=8
